one-record-r1-S-stock exit=0 CLASS=CLEAN APACITY| shape=record native=stock jit=on jitearly=- tier=192KB scale=1.8 kernelMemory=174605 held=259 why=not_enough_memory t_first5=0.0015 t_last5=0.0015 batches=3 last/first=1.00 freeKB_at_end/totalKB=0/192 arms=+n/a refusals=+n/a trace_flushes=+n/a fill_ms=1488 queued=true running=true lastError=<null>
    one-record-r1-S-stock CAP-IDLE| ticks=400 arms=+n/a collects=+n/a bailouts=+n/a refusals=+n/a trace_flushes=+n/a trace_flush_bytes=+n/a park_resets=+n/a traces_live -1 -> -1 armed=n/a state=n/a stepmul=n/a threshold=n/a gctotal=n/a ccap=n/a cused=n/a parked=false wallstats=n/a running=true
    one-record-r1-S-stock CAP-LIVE| used=431798 kernelMemory=174605 user=257193 count(3 collects)=434193/434193/434193 total=528500 traces_live=-1
    one-record-r1-S-stock CAP-GC| collects=+n/a bailouts=+n/a overdrafts=+n/a od_peak=n/a od_state=n/a park_resets=+n/a od_limit=n/a kslice=n/a gc_low=n/a armby=n/a window=n/a lends=+n/a win=n/a refused=n/a end: armed=n/a state=n/a stepmul=n/a threshold=n/a gctotal=n/a ccap=n/a cused=n/a parked=false
    one-record-r1-S-stock CAP-X| batch=100 junk=24 OCLJCAPX=3/200/0/0 traces(start/abort) n/a -> n/a class=CLEAN site=-
    one-record-r1-S-stock SMOKE| MILESTONE km-1-kernel-init-compiles-nothing: SKIP -- kernel=stock: OpenComputers' own kernel has no site 13 (not counted)
    one-record-r1-S-stock SMOKE| MILESTONE cap-1-refusal-caught-machine-survives: PASS -- shape=record OCLJCAP=done/259/not_enough_memory running=true lastError=<null>
one-record-r1-D-C exit=0 CLASS=CLEAN APACITY| shape=record native=additive jit=on jitearly=- tier=192KB scale=1.8 kernelMemory=164923 held=545 why=not_enough_memory t_first5=0.0014 t_last5=0.0024 batches=6 last/first=1.71 freeKB_at_end/totalKB=0/192 arms=+40 refusals=+1 trace_flushes=+5 fill_ms=1491 queued=true running=true lastError=<null>
    one-record-r1-D-C CAP-IDLE| ticks=400 arms=+20 collects=+20 bailouts=+0 refusals=+0 trace_flushes=+0 trace_flush_bytes=+0 park_resets=+0 traces_live 40 -> 66 armed=0 state=0 stepmul=200 threshold=834600 gctotal=437032 ccap=518818 cused=437032 parked=false wallstats=present running=true
    one-record-r1-D-C CAP-LIVE| used=415938 kernelMemory=164923 user=251015 count(3 collects)=415890/415890/415890 total=518818 traces_live=66
    one-record-r1-D-C CAP-GC| collects=+40 bailouts=+0 overdrafts=+592 od_peak=16336 od_state=0 park_resets=+0 od_limit=32768 kslice=16384 gc_low=389937 armby=0 window=n/a lends=+n/a win=n/a refused=n/a end: armed=0 state=0 stepmul=200 threshold=780000 gctotal=404785 ccap=518818 cused=404785 parked=false
    one-record-r1-D-C CAP-X| batch=100 junk=24 OCLJCAPX=6/500/0/0 traces(start/abort) 346/192 -> 425/209 class=CLEAN site=-
    one-record-r1-D-C SMOKE| MILESTONE km-1-kernel-init-compiles-nothing: PASS -- traces live at the kernelMemory baseline = 0; kernelMemory=164923
    one-record-r1-D-C SMOKE| MILESTONE cap-1-refusal-caught-machine-survives: PASS -- shape=record OCLJCAP=done/545/not_enough_memory running=true lastError=<null>
one-record-r1-D-W exit=0 CLASS=CLEAN APACITY| shape=record native=additive jit=on jitearly=- tier=192KB scale=1.8 kernelMemory=164923 held=555 why=not_enough_memory t_first5=0.0012 t_last5=0.0021 batches=6 last/first=1.75 freeKB_at_end/totalKB=0/192 arms=+47 refusals=+1 trace_flushes=+5 fill_ms=1488 queued=true running=true lastError=<null>
    one-record-r1-D-W CAP-IDLE| ticks=400 arms=+21 collects=+21 bailouts=+0 refusals=+0 trace_flushes=+0 trace_flush_bytes=+0 park_resets=+0 traces_live 58 -> 71 armed=0 state=0 stepmul=200 threshold=830400 gctotal=430044 ccap=518818 cused=430044 parked=false wallstats=present running=true
    one-record-r1-D-W CAP-LIVE| used=415698 kernelMemory=164923 user=250775 count(3 collects)=415714/415650/415650 total=518818 traces_live=71
    one-record-r1-D-W CAP-GC| collects=+47 bailouts=+0 overdrafts=+335 od_peak=16676 od_state=0 park_resets=+0 od_limit=32768 kslice=16384 gc_low=388297 armby=0 window=4096 lends=+12 win=0 refused=52 end: armed=0 state=0 stepmul=200 threshold=778400 gctotal=426101 ccap=518818 cused=426101 parked=false
    one-record-r1-D-W CAP-X| batch=100 junk=24 OCLJCAPX=6/500/0/0 traces(start/abort) 357/192 -> 429/205 class=CLEAN site=-
    one-record-r1-D-W SMOKE| MILESTONE km-1-kernel-init-compiles-nothing: PASS -- traces live at the kernelMemory baseline = 0; kernelMemory=164923
    one-record-r1-D-W SMOKE| MILESTONE cap-1-refusal-caught-machine-survives: PASS -- shape=record OCLJCAP=done/555/not_enough_memory running=true lastError=<null>
one-record-r1-O-C exit=0 CLASS=CLEAN APACITY| shape=record native=additive jit=off jitearly=off tier=192KB scale=1.8 kernelMemory=164923 held=659 why=not_enough_memory t_first5=0.0009 t_last5=0.0032 batches=7 last/first=3.56 freeKB_at_end/totalKB=0/192 arms=+43 refusals=+2 trace_flushes=+0 fill_ms=1501 queued=true running=true lastError=<null>
    one-record-r1-O-C CAP-IDLE| ticks=400 arms=+1 collects=+1 bailouts=+0 refusals=+0 trace_flushes=+0 trace_flush_bytes=+0 park_resets=+0 traces_live 0 -> 0 armed=0 state=0 stepmul=200 threshold=707000 gctotal=383034 ccap=518818 cused=383034 parked=false wallstats=present running=true
    one-record-r1-O-C CAP-LIVE| used=353952 kernelMemory=164923 user=189029 count(3 collects)=353968/353904/353904 total=518818 traces_live=0
    one-record-r1-O-C CAP-GC| collects=+43 bailouts=+0 overdrafts=+882 od_peak=32750 od_state=0 park_resets=+0 od_limit=32768 kslice=16384 gc_low=349983 armby=1 window=n/a lends=+n/a win=n/a refused=n/a end: armed=0 state=0 stepmul=200 threshold=699800 gctotal=364767 ccap=518818 cused=364767 parked=false
    one-record-r1-O-C CAP-X| batch=100 junk=24 OCLJCAPX=7/600/1/0 traces(start/abort) 0/0 -> 0/0 class=CLEAN site=-
    one-record-r1-O-C SMOKE| MILESTONE km-1-kernel-init-compiles-nothing: PASS -- traces live at the kernelMemory baseline = 0; kernelMemory=164923
    one-record-r1-O-C SMOKE| MILESTONE cap-1-refusal-caught-machine-survives: PASS -- shape=record OCLJCAP=done/659/not_enough_memory running=true lastError=<null>
one-record-r1-O-W exit=0 CLASS=CLEAN APACITY| shape=record native=additive jit=off jitearly=off tier=192KB scale=1.8 kernelMemory=164923 held=601 why=not_enough_memory t_first5=0.0011 t_last5=0.0029 batches=7 last/first=2.64 freeKB_at_end/totalKB=0/192 arms=+78 refusals=+1 trace_flushes=+0 fill_ms=1497 queued=true running=true lastError=<null>
    one-record-r1-O-W CAP-IDLE| ticks=400 arms=+1 collects=+1 bailouts=+0 refusals=+0 trace_flushes=+0 trace_flush_bytes=+0 park_resets=+0 traces_live 0 -> 0 armed=0 state=0 stepmul=200 threshold=707800 gctotal=369346 ccap=518818 cused=369346 parked=false wallstats=present running=true
    one-record-r1-O-W CAP-LIVE| used=354368 kernelMemory=164923 user=189445 count(3 collects)=354384/354320/354320 total=518818 traces_live=0
    one-record-r1-O-W CAP-GC| collects=+78 bailouts=+0 overdrafts=+563 od_peak=16806 od_state=0 park_resets=+0 od_limit=32768 kslice=16384 gc_low=350399 armby=1 window=4096 lends=+89 win=0 refused=88 end: armed=0 state=0 stepmul=200 threshold=700600 gctotal=387287 ccap=518818 cused=387287 parked=false
    one-record-r1-O-W CAP-X| batch=100 junk=24 OCLJCAPX=7/600/0/0 traces(start/abort) 0/0 -> 0/0 class=CLEAN site=-
    one-record-r1-O-W SMOKE| MILESTONE km-1-kernel-init-compiles-nothing: PASS -- traces live at the kernelMemory baseline = 0; kernelMemory=164923
    one-record-r1-O-W SMOKE| MILESTONE cap-1-refusal-caught-machine-survives: PASS -- shape=record OCLJCAP=done/601/not_enough_memory running=true lastError=<null>
one-array-r1-S-stock exit=0 CLASS=CLEAN APACITY| shape=array native=stock jit=on jitearly=- tier=192KB scale=1.8 kernelMemory=174605 held=283 why=not_enough_memory t_first5=0.0015 t_last5=0.0015 batches=3 last/first=1.00 freeKB_at_end/totalKB=0/192 arms=+n/a refusals=+n/a trace_flushes=+n/a fill_ms=1497 queued=true running=true lastError=<null>
    one-array-r1-S-stock CAP-IDLE| ticks=400 arms=+n/a collects=+n/a bailouts=+n/a refusals=+n/a trace_flushes=+n/a trace_flush_bytes=+n/a park_resets=+n/a traces_live -1 -> -1 armed=n/a state=n/a stepmul=n/a threshold=n/a gctotal=n/a ccap=n/a cused=n/a parked=false wallstats=n/a running=true
    one-array-r1-S-stock CAP-LIVE| used=431727 kernelMemory=174605 user=257122 count(3 collects)=434122/434122/434122 total=528500 traces_live=-1
    one-array-r1-S-stock CAP-GC| collects=+n/a bailouts=+n/a overdrafts=+n/a od_peak=n/a od_state=n/a park_resets=+n/a od_limit=n/a kslice=n/a gc_low=n/a armby=n/a window=n/a lends=+n/a win=n/a refused=n/a end: armed=n/a state=n/a stepmul=n/a threshold=n/a gctotal=n/a ccap=n/a cused=n/a parked=false
    one-array-r1-S-stock CAP-X| batch=100 junk=24 OCLJCAPX=3/200/0/0 traces(start/abort) n/a -> n/a class=CLEAN site=-
    one-array-r1-S-stock SMOKE| MILESTONE km-1-kernel-init-compiles-nothing: SKIP -- kernel=stock: OpenComputers' own kernel has no site 13 (not counted)
    one-array-r1-S-stock SMOKE| MILESTONE cap-1-refusal-caught-machine-survives: PASS -- shape=array OCLJCAP=done/283/not_enough_memory running=true lastError=<null>
one-array-r1-D-C exit=0 CLASS=CLEAN APACITY| shape=array native=additive jit=on jitearly=- tier=192KB scale=1.8 kernelMemory=164923 held=894 why=not_enough_memory t_first5=0.0006 t_last5=0.0037 batches=9 last/first=6.17 freeKB_at_end/totalKB=0/192 arms=+57 refusals=+2 trace_flushes=+6 fill_ms=1491 queued=true running=true lastError=<null>
    one-array-r1-D-C CAP-IDLE| ticks=400 arms=+20 collects=+20 bailouts=+0 refusals=+0 trace_flushes=+0 trace_flush_bytes=+0 park_resets=+0 traces_live 46 -> 58 armed=0 state=0 stepmul=200 threshold=802800 gctotal=423587 ccap=518818 cused=423587 parked=false wallstats=present running=true
    one-array-r1-D-C CAP-LIVE| used=401873 kernelMemory=164923 user=236950 count(3 collects)=401889/401825/401825 total=518818 traces_live=58
    one-array-r1-D-C CAP-GC| collects=+57 bailouts=+0 overdrafts=+683 od_peak=32727 od_state=0 park_resets=+0 od_limit=32768 kslice=16384 gc_low=382105 armby=0 window=n/a lends=+n/a win=n/a refused=n/a end: armed=0 state=0 stepmul=200 threshold=766200 gctotal=390609 ccap=518818 cused=390609 parked=false
    one-array-r1-D-C CAP-X| batch=100 junk=24 OCLJCAPX=9/800/0/0 traces(start/abort) 312/162 -> 411/186 class=CLEAN site=-
    one-array-r1-D-C SMOKE| MILESTONE km-1-kernel-init-compiles-nothing: PASS -- traces live at the kernelMemory baseline = 0; kernelMemory=164923
    one-array-r1-D-C SMOKE| MILESTONE cap-1-refusal-caught-machine-survives: PASS -- shape=array OCLJCAP=done/894/not_enough_memory running=true lastError=<null>
one-array-r1-D-W exit=0 CLASS=CLEAN APACITY| shape=array native=additive jit=on jitearly=- tier=192KB scale=1.8 kernelMemory=164923 held=786 why=not_enough_memory t_first5=0.0008 t_last5=0.0021 batches=8 last/first=2.62 freeKB_at_end/totalKB=0/192 arms=+45 refusals=+1 trace_flushes=+5 fill_ms=1499 queued=true running=true lastError=<null>
    one-array-r1-D-W CAP-IDLE| ticks=400 arms=+20 collects=+20 bailouts=+0 refusals=+0 trace_flushes=+0 trace_flush_bytes=+0 park_resets=+0 traces_live 58 -> 65 armed=0 state=0 stepmul=200 threshold=828800 gctotal=435419 ccap=518818 cused=435419 parked=false wallstats=present running=true
    one-array-r1-D-W CAP-LIVE| used=414625 kernelMemory=164923 user=249702 count(3 collects)=414641/414577/414577 total=518818 traces_live=65
    one-array-r1-D-W CAP-GC| collects=+45 bailouts=+0 overdrafts=+458 od_peak=16527 od_state=0 park_resets=+0 od_limit=32768 kslice=16384 gc_low=390133 armby=0 window=4096 lends=+3 win=0 refused=52 end: armed=0 state=0 stepmul=200 threshold=780600 gctotal=406401 ccap=518818 cused=406401 parked=false
    one-array-r1-D-W CAP-X| batch=100 junk=24 OCLJCAPX=8/700/0/0 traces(start/abort) 346/201 -> 428/228 class=CLEAN site=-
    one-array-r1-D-W SMOKE| MILESTONE km-1-kernel-init-compiles-nothing: PASS -- traces live at the kernelMemory baseline = 0; kernelMemory=164923
    one-array-r1-D-W SMOKE| MILESTONE cap-1-refusal-caught-machine-survives: PASS -- shape=array OCLJCAP=done/786/not_enough_memory running=true lastError=<null>
one-array-r1-O-C exit=0 CLASS=CLEAN APACITY| shape=array native=additive jit=off jitearly=off tier=192KB scale=1.8 kernelMemory=164923 held=868 why=not_enough_memory t_first5=0.0008 t_last5=0.0022 batches=9 last/first=2.75 freeKB_at_end/totalKB=0/192 arms=+37 refusals=+1 trace_flushes=+0 fill_ms=1488 queued=true running=true lastError=<null>
    one-array-r1-O-C CAP-IDLE| ticks=400 arms=+0 collects=+0 bailouts=+0 refusals=+0 trace_flushes=+0 trace_flush_bytes=+0 park_resets=+0 traces_live 0 -> 0 armed=0 state=0 stepmul=200 threshold=706600 gctotal=432605 ccap=518818 cused=432605 parked=false wallstats=present running=true
    one-array-r1-O-C CAP-LIVE| used=353771 kernelMemory=164923 user=188848 count(3 collects)=353723/353723/353723 total=518818 traces_live=0
    one-array-r1-O-C CAP-GC| collects=+37 bailouts=+0 overdrafts=+560 od_peak=16313 od_state=0 park_resets=+0 od_limit=32768 kslice=16384 gc_low=350115 armby=1 window=n/a lends=+n/a win=n/a refused=n/a end: armed=0 state=0 stepmul=200 threshold=700200 gctotal=372267 ccap=518818 cused=372267 parked=false
    one-array-r1-O-C CAP-X| batch=100 junk=24 OCLJCAPX=9/800/0/0 traces(start/abort) 0/0 -> 0/0 class=CLEAN site=-
    one-array-r1-O-C SMOKE| MILESTONE km-1-kernel-init-compiles-nothing: PASS -- traces live at the kernelMemory baseline = 0; kernelMemory=164923
    one-array-r1-O-C SMOKE| MILESTONE cap-1-refusal-caught-machine-survives: PASS -- shape=array OCLJCAP=done/868/not_enough_memory running=true lastError=<null>
one-array-r1-O-W exit=0 CLASS=CLEAN APACITY| shape=array native=additive jit=off jitearly=off tier=192KB scale=1.8 kernelMemory=164923 held=869 why=not_enough_memory t_first5=0.0005 t_last5=0.0028 batches=9 last/first=5.60 freeKB_at_end/totalKB=0/192 arms=+41 refusals=+1 trace_flushes=+0 fill_ms=1491 queued=true running=true lastError=<null>
    one-array-r1-O-W CAP-IDLE| ticks=400 arms=+1 collects=+1 bailouts=+0 refusals=+0 trace_flushes=+0 trace_flush_bytes=+0 park_resets=+0 traces_live 0 -> 0 armed=0 state=0 stepmul=200 threshold=706600 gctotal=368117 ccap=518818 cused=368117 parked=false wallstats=present running=true
    one-array-r1-O-W CAP-LIVE| used=353771 kernelMemory=164923 user=188848 count(3 collects)=353787/353723/353723 total=518818 traces_live=0
    one-array-r1-O-W CAP-GC| collects=+41 bailouts=+0 overdrafts=+561 od_peak=16513 od_state=0 park_resets=+0 od_limit=32768 kslice=16384 gc_low=350115 armby=1 window=4096 lends=+3 win=0 refused=52 end: armed=0 state=0 stepmul=200 threshold=700200 gctotal=387003 ccap=518818 cused=387003 parked=false
    one-array-r1-O-W CAP-X| batch=100 junk=24 OCLJCAPX=9/800/0/0 traces(start/abort) 0/0 -> 0/0 class=CLEAN site=-
    one-array-r1-O-W SMOKE| MILESTONE km-1-kernel-init-compiles-nothing: PASS -- traces live at the kernelMemory baseline = 0; kernelMemory=164923
    one-array-r1-O-W SMOKE| MILESTONE cap-1-refusal-caught-machine-survives: PASS -- shape=array OCLJCAP=done/869/not_enough_memory running=true lastError=<null>
one-string-r1-S-stock exit=0 CLASS=CLEAN APACITY| shape=string native=stock jit=on jitearly=- tier=192KB scale=1.8 kernelMemory=174605 held=1024 why=not_enough_memory t_first5=0.0008 t_last5=0.0017 batches=11 last/first=2.13 freeKB_at_end/totalKB=3/192 arms=+n/a refusals=+n/a trace_flushes=+n/a fill_ms=1492 queued=true running=true lastError=<null>
    one-string-r1-S-stock CAP-IDLE| ticks=400 arms=+n/a collects=+n/a bailouts=+n/a refusals=+n/a trace_flushes=+n/a trace_flush_bytes=+n/a park_resets=+n/a traces_live -1 -> -1 armed=n/a state=n/a stepmul=n/a threshold=n/a gctotal=n/a ccap=n/a cused=n/a parked=false wallstats=n/a running=true
    one-string-r1-S-stock CAP-LIVE| used=431625 kernelMemory=174605 user=257020 count(3 collects)=434020/434020/434020 total=528500 traces_live=-1
    one-string-r1-S-stock CAP-GC| collects=+n/a bailouts=+n/a overdrafts=+n/a od_peak=n/a od_state=n/a park_resets=+n/a od_limit=n/a kslice=n/a gc_low=n/a armby=n/a window=n/a lends=+n/a win=n/a refused=n/a end: armed=n/a state=n/a stepmul=n/a threshold=n/a gctotal=n/a ccap=n/a cused=n/a parked=false
    one-string-r1-S-stock CAP-X| batch=100 junk=24 OCLJCAPX=11/1000/0/0 traces(start/abort) n/a -> n/a class=CLEAN site=-
    one-string-r1-S-stock SMOKE| MILESTONE km-1-kernel-init-compiles-nothing: SKIP -- kernel=stock: OpenComputers' own kernel has no site 13 (not counted)
    one-string-r1-S-stock SMOKE| MILESTONE cap-1-refusal-caught-machine-survives: PASS -- shape=string OCLJCAP=done/1024/not_enough_memory running=true lastError=<null>
one-string-r1-D-C exit=0 CLASS=CLEAN APACITY| shape=string native=additive jit=on jitearly=- tier=192KB scale=1.8 kernelMemory=164923 held=2048 why=not_enough_memory t_first5=0.0004 t_last5=0.0023 batches=21 last/first=5.75 freeKB_at_end/totalKB=0/192 arms=+77 refusals=+1 trace_flushes=+12 fill_ms=1751 queued=true running=true lastError=<null>
    one-string-r1-D-C CAP-IDLE| ticks=400 arms=+20 collects=+20 bailouts=+0 refusals=+0 trace_flushes=+0 trace_flush_bytes=+0 park_resets=+0 traces_live 43 -> 59 armed=0 state=0 stepmul=200 threshold=814800 gctotal=414814 ccap=518818 cused=414814 parked=false wallstats=present running=true
    one-string-r1-D-C CAP-LIVE| used=407836 kernelMemory=164923 user=242913 count(3 collects)=407852/407788/407788 total=518818 traces_live=59
    one-string-r1-D-C CAP-GC| collects=+77 bailouts=+0 overdrafts=+684 od_peak=10906 od_state=0 park_resets=+0 od_limit=32768 kslice=16384 gc_low=406213 armby=0 window=n/a lends=+n/a win=n/a refused=n/a end: armed=0 state=0 stepmul=200 threshold=812400 gctotal=421005 ccap=518818 cused=421005 parked=false
    one-string-r1-D-C CAP-X| batch=100 junk=24 OCLJCAPX=21/2000/0/0 traces(start/abort) 335/189 -> 458/212 class=CLEAN site=-
    one-string-r1-D-C SMOKE| MILESTONE km-1-kernel-init-compiles-nothing: PASS -- traces live at the kernelMemory baseline = 0; kernelMemory=164923
    one-string-r1-D-C SMOKE| MILESTONE cap-1-refusal-caught-machine-survives: PASS -- shape=string OCLJCAP=done/2048/not_enough_memory running=true lastError=<null>
one-string-r1-D-W exit=0 CLASS=CLEAN APACITY| shape=string native=additive jit=on jitearly=- tier=192KB scale=1.8 kernelMemory=164923 held=2058 why=not_enough_memory t_first5=0.0006 t_last5=0.0032 batches=21 last/first=5.33 freeKB_at_end/totalKB=0/192 arms=+64 refusals=+1 trace_flushes=+11 fill_ms=1742 queued=true running=true lastError=<null>
    one-string-r1-D-W CAP-IDLE| ticks=400 arms=+37 collects=+37 bailouts=+0 refusals=+0 trace_flushes=+0 trace_flush_bytes=+0 park_resets=+0 traces_live 82 -> 95 armed=0 state=0 stepmul=200 threshold=866800 gctotal=456230 ccap=518818 cused=456230 parked=false wallstats=present running=true
    one-string-r1-D-W CAP-LIVE| used=433884 kernelMemory=164923 user=268961 count(3 collects)=433900/433836/433836 total=518818 traces_live=95
    one-string-r1-D-W CAP-GC| collects=+64 bailouts=+0 overdrafts=+261 od_peak=17802 od_state=0 park_resets=+0 od_limit=32768 kslice=16384 gc_low=400277 armby=0 window=4096 lends=+4 win=0 refused=32 end: armed=0 state=0 stepmul=200 threshold=801400 gctotal=430281 ccap=518818 cused=430281 parked=false
    one-string-r1-D-W CAP-X| batch=100 junk=24 OCLJCAPX=21/2000/0/0 traces(start/abort) 383/191 -> 530/222 class=CLEAN site=-
    one-string-r1-D-W SMOKE| MILESTONE km-1-kernel-init-compiles-nothing: PASS -- traces live at the kernelMemory baseline = 0; kernelMemory=164923
    one-string-r1-D-W SMOKE| MILESTONE cap-1-refusal-caught-machine-survives: PASS -- shape=string OCLJCAP=done/2058/not_enough_memory running=true lastError=<null>
one-string-r1-O-C exit=0 CLASS=CLEAN APACITY| shape=string native=additive jit=off jitearly=off tier=192KB scale=1.8 kernelMemory=164923 held=2483 why=not_enough_memory t_first5=0.0008 t_last5=0.0056 batches=25 last/first=7.00 freeKB_at_end/totalKB=0/192 arms=+86 refusals=+2 trace_flushes=+0 fill_ms=1740 queued=true running=true lastError=<null>
    one-string-r1-O-C CAP-IDLE| ticks=400 arms=+1 collects=+1 bailouts=+0 refusals=+0 trace_flushes=+0 trace_flush_bytes=+0 park_resets=+0 traces_live 0 -> 0 armed=0 state=0 stepmul=200 threshold=706600 gctotal=376108 ccap=518818 cused=376108 parked=false wallstats=present running=true
    one-string-r1-O-C CAP-LIVE| used=353762 kernelMemory=164923 user=188839 count(3 collects)=353778/353714/353714 total=518818 traces_live=0
    one-string-r1-O-C CAP-GC| collects=+86 bailouts=+0 overdrafts=+2497 od_peak=32716 od_state=0 park_resets=+0 od_limit=32768 kslice=16384 gc_low=366575 armby=0 window=n/a lends=+n/a win=n/a refused=n/a end: armed=0 state=0 stepmul=200 threshold=733000 gctotal=395471 ccap=518818 cused=395471 parked=false
    one-string-r1-O-C CAP-X| batch=100 junk=24 OCLJCAPX=25/2400/1/0 traces(start/abort) 0/0 -> 0/0 class=CLEAN site=-
    one-string-r1-O-C SMOKE| MILESTONE km-1-kernel-init-compiles-nothing: PASS -- traces live at the kernelMemory baseline = 0; kernelMemory=164923
    one-string-r1-O-C SMOKE| MILESTONE cap-1-refusal-caught-machine-survives: PASS -- shape=string OCLJCAP=done/2483/not_enough_memory running=true lastError=<null>
one-string-r1-O-W exit=0 CLASS=CLEAN APACITY| shape=string native=additive jit=off jitearly=off tier=192KB scale=1.8 kernelMemory=164923 held=2212 why=not_enough_memory t_first5=0.0007 t_last5=0.0039 batches=23 last/first=5.57 freeKB_at_end/totalKB=0/192 arms=+94 refusals=+1 trace_flushes=+0 fill_ms=1740 queued=true running=true lastError=<null>
    one-string-r1-O-W CAP-IDLE| ticks=400 arms=+1 collects=+1 bailouts=+0 refusals=+0 trace_flushes=+0 trace_flush_bytes=+0 park_resets=+0 traces_live 0 -> 0 armed=0 state=0 stepmul=200 threshold=706800 gctotal=382912 ccap=518818 cused=382912 parked=false wallstats=present running=true
    one-string-r1-O-W CAP-LIVE| used=353830 kernelMemory=164923 user=188907 count(3 collects)=353846/353782/353782 total=518818 traces_live=0
    one-string-r1-O-W CAP-GC| collects=+94 bailouts=+0 overdrafts=+1092 od_peak=16628 od_state=0 park_resets=+0 od_limit=32768 kslice=16384 gc_low=366579 armby=0 window=4096 lends=+20 win=0 refused=52 end: armed=0 state=0 stepmul=200 threshold=733200 gctotal=403539 ccap=518818 cused=403539 parked=false
    one-string-r1-O-W CAP-X| batch=100 junk=24 OCLJCAPX=23/2200/0/0 traces(start/abort) 0/0 -> 0/0 class=CLEAN site=-
    one-string-r1-O-W SMOKE| MILESTONE km-1-kernel-init-compiles-nothing: PASS -- traces live at the kernelMemory baseline = 0; kernelMemory=164923
    one-string-r1-O-W SMOKE| MILESTONE cap-1-refusal-caught-machine-survives: PASS -- shape=string OCLJCAP=done/2212/not_enough_memory running=true lastError=<null>
one-closure-r1-S-stock exit=0 CLASS=CLEAN APACITY| shape=closure native=stock jit=on jitearly=- tier=192KB scale=1.8 kernelMemory=174605 held=502 why=not_enough_memory t_first5=0.0018 t_last5=0.0017 batches=6 last/first=0.94 freeKB_at_end/totalKB=0/192 arms=+n/a refusals=+n/a trace_flushes=+n/a fill_ms=1496 queued=true running=true lastError=<null>
    one-closure-r1-S-stock CAP-IDLE| ticks=400 arms=+n/a collects=+n/a bailouts=+n/a refusals=+n/a trace_flushes=+n/a trace_flush_bytes=+n/a park_resets=+n/a traces_live -1 -> -1 armed=n/a state=n/a stepmul=n/a threshold=n/a gctotal=n/a ccap=n/a cused=n/a parked=false wallstats=n/a running=true
    one-closure-r1-S-stock CAP-LIVE| used=431839 kernelMemory=174605 user=257234 count(3 collects)=434234/434234/434234 total=528500 traces_live=-1
    one-closure-r1-S-stock CAP-GC| collects=+n/a bailouts=+n/a overdrafts=+n/a od_peak=n/a od_state=n/a park_resets=+n/a od_limit=n/a kslice=n/a gc_low=n/a armby=n/a window=n/a lends=+n/a win=n/a refused=n/a end: armed=n/a state=n/a stepmul=n/a threshold=n/a gctotal=n/a ccap=n/a cused=n/a parked=false
    one-closure-r1-S-stock CAP-X| batch=100 junk=24 OCLJCAPX=6/500/2/0 traces(start/abort) n/a -> n/a class=CLEAN site=-
    one-closure-r1-S-stock SMOKE| MILESTONE km-1-kernel-init-compiles-nothing: SKIP -- kernel=stock: OpenComputers' own kernel has no site 13 (not counted)
    one-closure-r1-S-stock SMOKE| MILESTONE cap-1-refusal-caught-machine-survives: PASS -- shape=closure OCLJCAP=done/502/not_enough_memory running=true lastError=<null>
one-closure-r1-D-C exit=0 CLASS=CLEAN APACITY| shape=closure native=additive jit=on jitearly=- tier=192KB scale=1.8 kernelMemory=164923 held=777 why=not_enough_memory t_first5=0.0009 t_last5=0.0030 batches=8 last/first=3.33 freeKB_at_end/totalKB=0/192 arms=+45 refusals=+1 trace_flushes=+4 fill_ms=1490 queued=true running=true lastError=<null>
    one-closure-r1-D-C CAP-IDLE| ticks=400 arms=+20 collects=+20 bailouts=+0 refusals=+0 trace_flushes=+0 trace_flush_bytes=+0 park_resets=+0 traces_live 48 -> 63 armed=0 state=0 stepmul=200 threshold=816600 gctotal=410684 ccap=518818 cused=410684 parked=false wallstats=present running=true
    one-closure-r1-D-C CAP-LIVE| used=408442 kernelMemory=164923 user=243519 count(3 collects)=408394/408394/408394 total=518818 traces_live=63
    one-closure-r1-D-C CAP-GC| collects=+45 bailouts=+0 overdrafts=+876 od_peak=16356 od_state=0 park_resets=+0 od_limit=32768 kslice=16384 gc_low=387409 armby=0 window=n/a lends=+n/a win=n/a refused=n/a end: armed=0 state=0 stepmul=200 threshold=774800 gctotal=387693 ccap=518818 cused=387693 parked=false
    one-closure-r1-D-C CAP-X| batch=100 junk=24 OCLJCAPX=8/700/0/0 traces(start/abort) 329/182 -> 399/205 class=CLEAN site=-
    one-closure-r1-D-C SMOKE| MILESTONE km-1-kernel-init-compiles-nothing: PASS -- traces live at the kernelMemory baseline = 0; kernelMemory=164923
    one-closure-r1-D-C SMOKE| MILESTONE cap-1-refusal-caught-machine-survives: PASS -- shape=closure OCLJCAP=done/777/not_enough_memory running=true lastError=<null>
one-closure-r1-D-W exit=0 CLASS=CLEAN APACITY| shape=closure native=additive jit=on jitearly=- tier=192KB scale=1.8 kernelMemory=164923 held=766 why=not_enough_memory t_first5=0.0011 t_last5=0.0024 batches=8 last/first=2.18 freeKB_at_end/totalKB=0/192 arms=+51 refusals=+1 trace_flushes=+6 fill_ms=1497 queued=true running=true lastError=<null>
    one-closure-r1-D-W CAP-IDLE| ticks=400 arms=+21 collects=+21 bailouts=+0 refusals=+0 trace_flushes=+0 trace_flush_bytes=+0 park_resets=+0 traces_live 52 -> 67 armed=0 state=0 stepmul=200 threshold=832200 gctotal=438252 ccap=518818 cused=438252 parked=false wallstats=present running=true
    one-closure-r1-D-W CAP-LIVE| used=416538 kernelMemory=164923 user=251615 count(3 collects)=416554/416490/416490 total=518818 traces_live=67
    one-closure-r1-D-W CAP-GC| collects=+51 bailouts=+0 overdrafts=+880 od_peak=16536 od_state=0 park_resets=+0 od_limit=32768 kslice=16384 gc_low=389869 armby=0 window=4096 lends=+7 win=0 refused=52 end: armed=0 state=0 stepmul=200 threshold=779600 gctotal=397285 ccap=518818 cused=397285 parked=false
    one-closure-r1-D-W CAP-X| batch=100 junk=24 OCLJCAPX=8/700/0/0 traces(start/abort) 358/202 -> 444/231 class=CLEAN site=-
    one-closure-r1-D-W SMOKE| MILESTONE km-1-kernel-init-compiles-nothing: PASS -- traces live at the kernelMemory baseline = 0; kernelMemory=164923
    one-closure-r1-D-W SMOKE| MILESTONE cap-1-refusal-caught-machine-survives: PASS -- shape=closure OCLJCAP=done/766/not_enough_memory running=true lastError=<null>
one-closure-r1-O-C exit=0 CLASS=CLEAN APACITY| shape=closure native=additive jit=off jitearly=off tier=192KB scale=1.8 kernelMemory=164923 held=835 why=not_enough_memory t_first5=0.0005 t_last5=0.0030 batches=9 last/first=6.00 freeKB_at_end/totalKB=0/192 arms=+38 refusals=+1 trace_flushes=+0 fill_ms=1486 queued=true running=true lastError=<null>
    one-closure-r1-O-C CAP-IDLE| ticks=400 arms=+0 collects=+0 bailouts=+0 refusals=+0 trace_flushes=+0 trace_flush_bytes=+0 park_resets=+0 traces_live 0 -> 0 armed=0 state=0 stepmul=200 threshold=706600 gctotal=425750 ccap=518818 cused=425750 parked=false wallstats=present running=true
    one-closure-r1-O-C CAP-LIVE| used=353756 kernelMemory=164923 user=188833 count(3 collects)=353772/353708/353708 total=518818 traces_live=0
    one-closure-r1-O-C CAP-GC| collects=+38 bailouts=+0 overdrafts=+701 od_peak=16378 od_state=0 park_resets=+0 od_limit=32768 kslice=16384 gc_low=349983 armby=1 window=n/a lends=+n/a win=n/a refused=n/a end: armed=0 state=0 stepmul=200 threshold=699800 gctotal=364767 ccap=518818 cused=364767 parked=false
    one-closure-r1-O-C CAP-X| batch=100 junk=24 OCLJCAPX=9/800/0/0 traces(start/abort) 0/0 -> 0/0 class=CLEAN site=-
    one-closure-r1-O-C SMOKE| MILESTONE km-1-kernel-init-compiles-nothing: PASS -- traces live at the kernelMemory baseline = 0; kernelMemory=164923
    one-closure-r1-O-C SMOKE| MILESTONE cap-1-refusal-caught-machine-survives: PASS -- shape=closure OCLJCAP=done/835/not_enough_memory running=true lastError=<null>
one-closure-r1-O-W exit=0 CLASS=CLEAN APACITY| shape=closure native=additive jit=off jitearly=off tier=192KB scale=1.8 kernelMemory=164923 held=836 why=not_enough_memory t_first5=0.0012 t_last5=0.0029 batches=9 last/first=2.42 freeKB_at_end/totalKB=0/192 arms=+44 refusals=+1 trace_flushes=+0 fill_ms=1494 queued=true running=true lastError=<null>
    one-closure-r1-O-W CAP-IDLE| ticks=400 arms=+3 collects=+3 bailouts=+0 refusals=+0 trace_flushes=+0 trace_flush_bytes=+0 park_resets=+0 traces_live 0 -> 0 armed=0 state=0 stepmul=200 threshold=706400 gctotal=376026 ccap=518818 cused=376026 parked=false wallstats=present running=true
    one-closure-r1-O-W CAP-LIVE| used=353680 kernelMemory=164923 user=188757 count(3 collects)=353696/353632/353632 total=518818 traces_live=0
    one-closure-r1-O-W CAP-GC| collects=+44 bailouts=+0 overdrafts=+705 od_peak=16458 od_state=0 park_resets=+0 od_limit=32768 kslice=16384 gc_low=349843 armby=0 window=4096 lends=+2 win=0 refused=52 end: armed=0 state=0 stepmul=200 threshold=699800 gctotal=364059 ccap=518818 cused=364059 parked=false
    one-closure-r1-O-W CAP-X| batch=100 junk=24 OCLJCAPX=9/800/0/0 traces(start/abort) 0/0 -> 0/0 class=CLEAN site=-
    one-closure-r1-O-W SMOKE| MILESTONE km-1-kernel-init-compiles-nothing: PASS -- traces live at the kernelMemory baseline = 0; kernelMemory=164923
    one-closure-r1-O-W SMOKE| MILESTONE cap-1-refusal-caught-machine-survives: PASS -- shape=closure OCLJCAP=done/836/not_enough_memory running=true lastError=<null>
one-record-r2-S-stock exit=0 CLASS=CLEAN APACITY| shape=record native=stock jit=on jitearly=- tier=192KB scale=1.8 kernelMemory=174605 held=259 why=not_enough_memory t_first5=0.0014 t_last5=0.0014 batches=3 last/first=1.00 freeKB_at_end/totalKB=0/192 arms=+n/a refusals=+n/a trace_flushes=+n/a fill_ms=1490 queued=true running=true lastError=<null>
    one-record-r2-S-stock CAP-IDLE| ticks=400 arms=+n/a collects=+n/a bailouts=+n/a refusals=+n/a trace_flushes=+n/a trace_flush_bytes=+n/a park_resets=+n/a traces_live -1 -> -1 armed=n/a state=n/a stepmul=n/a threshold=n/a gctotal=n/a ccap=n/a cused=n/a parked=false wallstats=n/a running=true
    one-record-r2-S-stock CAP-LIVE| used=431732 kernelMemory=174605 user=257127 count(3 collects)=434127/434127/434127 total=528500 traces_live=-1
    one-record-r2-S-stock CAP-GC| collects=+n/a bailouts=+n/a overdrafts=+n/a od_peak=n/a od_state=n/a park_resets=+n/a od_limit=n/a kslice=n/a gc_low=n/a armby=n/a window=n/a lends=+n/a win=n/a refused=n/a end: armed=n/a state=n/a stepmul=n/a threshold=n/a gctotal=n/a ccap=n/a cused=n/a parked=false
    one-record-r2-S-stock CAP-X| batch=100 junk=24 OCLJCAPX=3/200/0/0 traces(start/abort) n/a -> n/a class=CLEAN site=-
    one-record-r2-S-stock SMOKE| MILESTONE km-1-kernel-init-compiles-nothing: SKIP -- kernel=stock: OpenComputers' own kernel has no site 13 (not counted)
    one-record-r2-S-stock SMOKE| MILESTONE cap-1-refusal-caught-machine-survives: PASS -- shape=record OCLJCAP=done/259/not_enough_memory running=true lastError=<null>
one-record-r2-D-C exit=0 CLASS=CLEAN APACITY| shape=record native=additive jit=on jitearly=- tier=192KB scale=1.8 kernelMemory=164923 held=556 why=not_enough_memory t_first5=0.0011 t_last5=0.0018 batches=6 last/first=1.64 freeKB_at_end/totalKB=0/192 arms=+50 refusals=+1 trace_flushes=+5 fill_ms=1488 queued=true running=true lastError=<null>
    one-record-r2-D-C CAP-IDLE| ticks=400 arms=+100 collects=+100 bailouts=+0 refusals=+0 trace_flushes=+0 trace_flush_bytes=+0 park_resets=+0 traces_live 104 -> 106 armed=0 state=0 stepmul=200 threshold=904200 gctotal=459006 ccap=518818 cused=459006 parked=false wallstats=present running=true
    one-record-r2-D-C CAP-LIVE| used=452244 kernelMemory=164923 user=287321 count(3 collects)=452196/452196/452196 total=518818 traces_live=106
    one-record-r2-D-C CAP-GC| collects=+50 bailouts=+0 overdrafts=+418 od_peak=16384 od_state=0 park_resets=+0 od_limit=32768 kslice=16384 gc_low=385325 armby=0 window=n/a lends=+n/a win=n/a refused=n/a end: armed=0 state=0 stepmul=200 threshold=772600 gctotal=401125 ccap=518818 cused=401125 parked=false
    one-record-r2-D-C CAP-X| batch=100 junk=24 OCLJCAPX=6/500/0/0 traces(start/abort) 292/186 -> 342/194 class=CLEAN site=-
    one-record-r2-D-C SMOKE| MILESTONE km-1-kernel-init-compiles-nothing: PASS -- traces live at the kernelMemory baseline = 0; kernelMemory=164923
    one-record-r2-D-C SMOKE| MILESTONE cap-1-refusal-caught-machine-survives: PASS -- shape=record OCLJCAP=done/556/not_enough_memory running=true lastError=<null>
one-record-r2-D-W exit=0 CLASS=CLEAN APACITY| shape=record native=additive jit=on jitearly=- tier=192KB scale=1.8 kernelMemory=164923 held=553 why=not_enough_memory t_first5=0.0011 t_last5=0.0021 batches=6 last/first=1.91 freeKB_at_end/totalKB=0/192 arms=+59 refusals=+1 trace_flushes=+5 fill_ms=1483 queued=true running=true lastError=<null>
    one-record-r2-D-W CAP-IDLE| ticks=400 arms=+29 collects=+29 bailouts=+0 refusals=+0 trace_flushes=+1 trace_flush_bytes=+85736 park_resets=+0 traces_live 102 -> 55 armed=0 state=0 stepmul=200 threshold=809600 gctotal=412828 ccap=518818 cused=412828 parked=false wallstats=present running=true
    one-record-r2-D-W CAP-LIVE| used=405218 kernelMemory=164923 user=240295 count(3 collects)=405234/405170/405170 total=518818 traces_live=55
    one-record-r2-D-W CAP-GC| collects=+59 bailouts=+0 overdrafts=+462 od_peak=16524 od_state=0 park_resets=+0 od_limit=32768 kslice=16384 gc_low=387161 armby=0 window=4096 lends=+6 win=0 refused=40 end: armed=0 state=0 stepmul=200 threshold=774200 gctotal=417945 ccap=518818 cused=417945 parked=false
    one-record-r2-D-W CAP-X| batch=100 junk=24 OCLJCAPX=6/500/0/0 traces(start/abort) 378/219 -> 454/235 class=CLEAN site=-
    one-record-r2-D-W SMOKE| MILESTONE km-1-kernel-init-compiles-nothing: PASS -- traces live at the kernelMemory baseline = 0; kernelMemory=164923
    one-record-r2-D-W SMOKE| MILESTONE cap-1-refusal-caught-machine-survives: PASS -- shape=record OCLJCAP=done/553/not_enough_memory running=true lastError=<null>
one-record-r2-O-C exit=0 CLASS=CLEAN APACITY| shape=record native=additive jit=off jitearly=off tier=192KB scale=1.8 kernelMemory=164923 held=659 why=not_enough_memory t_first5=0.0012 t_last5=0.0032 batches=7 last/first=2.67 freeKB_at_end/totalKB=0/192 arms=+44 refusals=+2 trace_flushes=+0 fill_ms=1478 queued=true running=true lastError=<null>
    one-record-r2-O-C CAP-IDLE| ticks=400 arms=+0 collects=+0 bailouts=+0 refusals=+0 trace_flushes=+0 trace_flush_bytes=+0 park_resets=+0 traces_live 0 -> 0 armed=0 state=0 stepmul=200 threshold=707200 gctotal=431822 ccap=518818 cused=431822 parked=false wallstats=present running=true
    one-record-r2-O-C CAP-LIVE| used=354020 kernelMemory=164923 user=189097 count(3 collects)=353972/353972/353972 total=518818 traces_live=0
    one-record-r2-O-C CAP-GC| collects=+44 bailouts=+0 overdrafts=+986 od_peak=32754 od_state=0 park_resets=+0 od_limit=32768 kslice=16384 gc_low=350051 armby=1 window=n/a lends=+n/a win=n/a refused=n/a end: armed=0 state=0 stepmul=200 threshold=700000 gctotal=372203 ccap=518818 cused=372203 parked=false
    one-record-r2-O-C CAP-X| batch=100 junk=24 OCLJCAPX=7/600/1/0 traces(start/abort) 0/0 -> 0/0 class=CLEAN site=-
    one-record-r2-O-C SMOKE| MILESTONE km-1-kernel-init-compiles-nothing: PASS -- traces live at the kernelMemory baseline = 0; kernelMemory=164923
    one-record-r2-O-C SMOKE| MILESTONE cap-1-refusal-caught-machine-survives: PASS -- shape=record OCLJCAP=done/659/not_enough_memory running=true lastError=<null>
one-record-r2-O-W exit=0 CLASS=CLEAN APACITY| shape=record native=additive jit=off jitearly=off tier=192KB scale=1.8 kernelMemory=164923 held=603 why=not_enough_memory t_first5=0.0011 t_last5=0.0025 batches=7 last/first=2.27 freeKB_at_end/totalKB=0/192 arms=+56 refusals=+1 trace_flushes=+0 fill_ms=1489 queued=true running=true lastError=<null>
    one-record-r2-O-W CAP-IDLE| ticks=400 arms=+1 collects=+1 bailouts=+0 refusals=+0 trace_flushes=+0 trace_flush_bytes=+0 park_resets=+0 traces_live 0 -> 0 armed=0 state=0 stepmul=200 threshold=706600 gctotal=368154 ccap=518818 cused=368154 parked=false wallstats=present running=true
    one-record-r2-O-W CAP-LIVE| used=353808 kernelMemory=164923 user=188885 count(3 collects)=353824/353760/353760 total=518818 traces_live=0
    one-record-r2-O-W CAP-GC| collects=+56 bailouts=+0 overdrafts=+563 od_peak=16458 od_state=0 park_resets=+0 od_limit=32768 kslice=16384 gc_low=349839 armby=1 window=4096 lends=+5 win=0 refused=40 end: armed=0 state=0 stepmul=200 threshold=699600 gctotal=386727 ccap=518818 cused=386727 parked=false
    one-record-r2-O-W CAP-X| batch=100 junk=24 OCLJCAPX=7/600/0/0 traces(start/abort) 0/0 -> 0/0 class=CLEAN site=-
    one-record-r2-O-W SMOKE| MILESTONE km-1-kernel-init-compiles-nothing: PASS -- traces live at the kernelMemory baseline = 0; kernelMemory=164923
    one-record-r2-O-W SMOKE| MILESTONE cap-1-refusal-caught-machine-survives: PASS -- shape=record OCLJCAP=done/603/not_enough_memory running=true lastError=<null>
one-array-r2-S-stock exit=0 CLASS=CLEAN APACITY| shape=array native=stock jit=on jitearly=- tier=192KB scale=1.8 kernelMemory=174605 held=283 why=not_enough_memory t_first5=0.0014 t_last5=0.0014 batches=3 last/first=1.00 freeKB_at_end/totalKB=0/192 arms=+n/a refusals=+n/a trace_flushes=+n/a fill_ms=1483 queued=true running=true lastError=<null>
    one-array-r2-S-stock CAP-IDLE| ticks=400 arms=+n/a collects=+n/a bailouts=+n/a refusals=+n/a trace_flushes=+n/a trace_flush_bytes=+n/a park_resets=+n/a traces_live -1 -> -1 armed=n/a state=n/a stepmul=n/a threshold=n/a gctotal=n/a ccap=n/a cused=n/a parked=false wallstats=n/a running=true
    one-array-r2-S-stock CAP-LIVE| used=431661 kernelMemory=174605 user=257056 count(3 collects)=434056/434056/434056 total=528500 traces_live=-1
    one-array-r2-S-stock CAP-GC| collects=+n/a bailouts=+n/a overdrafts=+n/a od_peak=n/a od_state=n/a park_resets=+n/a od_limit=n/a kslice=n/a gc_low=n/a armby=n/a window=n/a lends=+n/a win=n/a refused=n/a end: armed=n/a state=n/a stepmul=n/a threshold=n/a gctotal=n/a ccap=n/a cused=n/a parked=false
    one-array-r2-S-stock CAP-X| batch=100 junk=24 OCLJCAPX=3/200/0/0 traces(start/abort) n/a -> n/a class=CLEAN site=-
    one-array-r2-S-stock SMOKE| MILESTONE km-1-kernel-init-compiles-nothing: SKIP -- kernel=stock: OpenComputers' own kernel has no site 13 (not counted)
    one-array-r2-S-stock SMOKE| MILESTONE cap-1-refusal-caught-machine-survives: PASS -- shape=array OCLJCAP=done/283/not_enough_memory running=true lastError=<null>
one-array-r2-D-C exit=0 CLASS=CLEAN APACITY| shape=array native=additive jit=on jitearly=- tier=192KB scale=1.8 kernelMemory=164923 held=784 why=not_enough_memory t_first5=0.0007 t_last5=0.0019 batches=8 last/first=2.71 freeKB_at_end/totalKB=0/192 arms=+40 refusals=+1 trace_flushes=+5 fill_ms=1487 queued=true running=true lastError=<null>
    one-array-r2-D-C CAP-IDLE| ticks=400 arms=+21 collects=+21 bailouts=+0 refusals=+0 trace_flushes=+0 trace_flush_bytes=+0 park_resets=+0 traces_live 49 -> 62 armed=0 state=0 stepmul=200 threshold=841600 gctotal=435619 ccap=518818 cused=435619 parked=false wallstats=present running=true
    one-array-r2-D-C CAP-LIVE| used=421273 kernelMemory=164923 user=256350 count(3 collects)=421289/421225/421225 total=518818 traces_live=62
    one-array-r2-D-C CAP-GC| collects=+40 bailouts=+0 overdrafts=+553 od_peak=16371 od_state=0 park_resets=+0 od_limit=32768 kslice=16384 gc_low=387445 armby=0 window=n/a lends=+n/a win=n/a refused=n/a end: armed=0 state=0 stepmul=200 threshold=774800 gctotal=425421 ccap=518818 cused=425421 parked=false
    one-array-r2-D-C CAP-X| batch=100 junk=24 OCLJCAPX=8/700/0/0 traces(start/abort) 373/217 -> 448/232 class=CLEAN site=-
    one-array-r2-D-C SMOKE| MILESTONE km-1-kernel-init-compiles-nothing: PASS -- traces live at the kernelMemory baseline = 0; kernelMemory=164923
    one-array-r2-D-C SMOKE| MILESTONE cap-1-refusal-caught-machine-survives: PASS -- shape=array OCLJCAP=done/784/not_enough_memory running=true lastError=<null>
one-array-r2-D-W exit=0 CLASS=CLEAN APACITY| shape=array native=additive jit=on jitearly=- tier=192KB scale=1.8 kernelMemory=164923 held=782 why=not_enough_memory t_first5=0.0007 t_last5=0.0022 batches=8 last/first=3.14 freeKB_at_end/totalKB=0/192 arms=+47 refusals=+1 trace_flushes=+6 fill_ms=1486 queued=true running=true lastError=<null>
    one-array-r2-D-W CAP-IDLE| ticks=400 arms=+23 collects=+23 bailouts=+0 refusals=+0 trace_flushes=+0 trace_flush_bytes=+0 park_resets=+0 traces_live 65 -> 75 armed=0 state=0 stepmul=200 threshold=862000 gctotal=444423 ccap=518818 cused=444423 parked=false wallstats=present running=true
    one-array-r2-D-W CAP-LIVE| used=430337 kernelMemory=164923 user=265414 count(3 collects)=430289/430289/430289 total=518818 traces_live=75
    one-array-r2-D-W CAP-GC| collects=+47 bailouts=+0 overdrafts=+547 od_peak=16455 od_state=0 park_resets=+0 od_limit=32768 kslice=16384 gc_low=389105 armby=0 window=4096 lends=+2 win=0 refused=52 end: armed=0 state=0 stepmul=200 threshold=778200 gctotal=389389 ccap=518818 cused=389389 parked=false
    one-array-r2-D-W CAP-X| batch=100 junk=24 OCLJCAPX=8/700/0/0 traces(start/abort) 341/180 -> 416/196 class=CLEAN site=-
    one-array-r2-D-W SMOKE| MILESTONE km-1-kernel-init-compiles-nothing: PASS -- traces live at the kernelMemory baseline = 0; kernelMemory=164923
    one-array-r2-D-W SMOKE| MILESTONE cap-1-refusal-caught-machine-survives: PASS -- shape=array OCLJCAP=done/782/not_enough_memory running=true lastError=<null>
one-array-r2-O-C exit=0 CLASS=CLEAN APACITY| shape=array native=additive jit=off jitearly=off tier=192KB scale=1.8 kernelMemory=164923 held=868 why=not_enough_memory t_first5=0.0007 t_last5=0.0023 batches=9 last/first=3.29 freeKB_at_end/totalKB=0/192 arms=+37 refusals=+1 trace_flushes=+0 fill_ms=1495 queued=true running=true lastError=<null>
    one-array-r2-O-C CAP-IDLE| ticks=400 arms=+1 collects=+1 bailouts=+0 refusals=+0 trace_flushes=+0 trace_flush_bytes=+0 park_resets=+0 traces_live 0 -> 0 armed=0 state=0 stepmul=200 threshold=706600 gctotal=382853 ccap=518818 cused=382853 parked=false wallstats=present running=true
    one-array-r2-O-C CAP-LIVE| used=353771 kernelMemory=164923 user=188848 count(3 collects)=353787/353723/353723 total=518818 traces_live=0
    one-array-r2-O-C CAP-GC| collects=+37 bailouts=+0 overdrafts=+561 od_peak=16313 od_state=0 park_resets=+0 od_limit=32768 kslice=16384 gc_low=350115 armby=1 window=n/a lends=+n/a win=n/a refused=n/a end: armed=0 state=0 stepmul=200 threshold=700200 gctotal=364899 ccap=518818 cused=364899 parked=false
    one-array-r2-O-C CAP-X| batch=100 junk=24 OCLJCAPX=9/800/0/0 traces(start/abort) 0/0 -> 0/0 class=CLEAN site=-
    one-array-r2-O-C SMOKE| MILESTONE km-1-kernel-init-compiles-nothing: PASS -- traces live at the kernelMemory baseline = 0; kernelMemory=164923
    one-array-r2-O-C SMOKE| MILESTONE cap-1-refusal-caught-machine-survives: PASS -- shape=array OCLJCAP=done/868/not_enough_memory running=true lastError=<null>
one-array-r2-O-W exit=0 CLASS=CLEAN APACITY| shape=array native=additive jit=off jitearly=off tier=192KB scale=1.8 kernelMemory=164923 held=870 why=not_enough_memory t_first5=0.0005 t_last5=0.0027 batches=9 last/first=5.40 freeKB_at_end/totalKB=0/192 arms=+43 refusals=+1 trace_flushes=+0 fill_ms=1491 queued=true running=true lastError=<null>
    one-array-r2-O-W CAP-IDLE| ticks=400 arms=+0 collects=+0 bailouts=+0 refusals=+0 trace_flushes=+0 trace_flush_bytes=+0 park_resets=+0 traces_live 0 -> 0 armed=0 state=0 stepmul=200 threshold=706400 gctotal=426729 ccap=518818 cused=426729 parked=false wallstats=present running=true
    one-array-r2-O-W CAP-LIVE| used=353703 kernelMemory=164923 user=188780 count(3 collects)=353719/353655/353655 total=518818 traces_live=0
    one-array-r2-O-W CAP-GC| collects=+43 bailouts=+0 overdrafts=+568 od_peak=16541 od_state=0 park_resets=+0 od_limit=32768 kslice=16384 gc_low=350047 armby=1 window=4096 lends=+6 win=0 refused=52 end: armed=0 state=0 stepmul=200 threshold=700000 gctotal=364831 ccap=518818 cused=364831 parked=false
    one-array-r2-O-W CAP-X| batch=100 junk=24 OCLJCAPX=9/800/0/0 traces(start/abort) 0/0 -> 0/0 class=CLEAN site=-
    one-array-r2-O-W SMOKE| MILESTONE km-1-kernel-init-compiles-nothing: PASS -- traces live at the kernelMemory baseline = 0; kernelMemory=164923
    one-array-r2-O-W SMOKE| MILESTONE cap-1-refusal-caught-machine-survives: PASS -- shape=array OCLJCAP=done/870/not_enough_memory running=true lastError=<null>
one-string-r2-S-stock exit=0 CLASS=CLEAN APACITY| shape=string native=stock jit=on jitearly=- tier=192KB scale=1.8 kernelMemory=174605 held=1024 why=not_enough_memory t_first5=0.0007 t_last5=0.0013 batches=11 last/first=1.86 freeKB_at_end/totalKB=3/192 arms=+n/a refusals=+n/a trace_flushes=+n/a fill_ms=1486 queued=true running=true lastError=<null>
    one-string-r2-S-stock CAP-IDLE| ticks=400 arms=+n/a collects=+n/a bailouts=+n/a refusals=+n/a trace_flushes=+n/a trace_flush_bytes=+n/a park_resets=+n/a traces_live -1 -> -1 armed=n/a state=n/a stepmul=n/a threshold=n/a gctotal=n/a ccap=n/a cused=n/a parked=false wallstats=n/a running=true
    one-string-r2-S-stock CAP-LIVE| used=431559 kernelMemory=174605 user=256954 count(3 collects)=433954/433954/433954 total=528500 traces_live=-1
    one-string-r2-S-stock CAP-GC| collects=+n/a bailouts=+n/a overdrafts=+n/a od_peak=n/a od_state=n/a park_resets=+n/a od_limit=n/a kslice=n/a gc_low=n/a armby=n/a window=n/a lends=+n/a win=n/a refused=n/a end: armed=n/a state=n/a stepmul=n/a threshold=n/a gctotal=n/a ccap=n/a cused=n/a parked=false
    one-string-r2-S-stock CAP-X| batch=100 junk=24 OCLJCAPX=11/1000/0/0 traces(start/abort) n/a -> n/a class=CLEAN site=-
    one-string-r2-S-stock SMOKE| MILESTONE km-1-kernel-init-compiles-nothing: SKIP -- kernel=stock: OpenComputers' own kernel has no site 13 (not counted)
    one-string-r2-S-stock SMOKE| MILESTONE cap-1-refusal-caught-machine-survives: PASS -- shape=string OCLJCAP=done/1024/not_enough_memory running=true lastError=<null>
one-string-r2-D-C exit=0 CLASS=CLEAN APACITY| shape=string native=additive jit=on jitearly=- tier=192KB scale=1.8 kernelMemory=164923 held=2048 why=not_enough_memory t_first5=0.0006 t_last5=0.0024 batches=21 last/first=4.00 freeKB_at_end/totalKB=0/192 arms=+74 refusals=+1 trace_flushes=+12 fill_ms=1743 queued=true running=true lastError=<null>
    one-string-r2-D-C CAP-IDLE| ticks=400 arms=+21 collects=+21 bailouts=+0 refusals=+0 trace_flushes=+0 trace_flush_bytes=+0 park_resets=+0 traces_live 55 -> 69 armed=0 state=0 stepmul=200 threshold=831200 gctotal=423066 ccap=518818 cused=423066 parked=false wallstats=present running=true
    one-string-r2-D-C CAP-LIVE| used=416088 kernelMemory=164923 user=251165 count(3 collects)=416104/416040/416040 total=518818 traces_live=69
    one-string-r2-D-C CAP-GC| collects=+74 bailouts=+0 overdrafts=+580 od_peak=10450 od_state=0 park_resets=+0 od_limit=32768 kslice=16384 gc_low=404493 armby=0 window=n/a lends=+n/a win=n/a refused=n/a end: armed=0 state=0 stepmul=200 threshold=812000 gctotal=421465 ccap=518818 cused=421465 parked=false
    one-string-r2-D-C CAP-X| batch=100 junk=24 OCLJCAPX=21/2000/0/0 traces(start/abort) 373/210 -> 514/243 class=CLEAN site=-
    one-string-r2-D-C SMOKE| MILESTONE km-1-kernel-init-compiles-nothing: PASS -- traces live at the kernelMemory baseline = 0; kernelMemory=164923
    one-string-r2-D-C SMOKE| MILESTONE cap-1-refusal-caught-machine-survives: PASS -- shape=string OCLJCAP=done/2048/not_enough_memory running=true lastError=<null>
one-string-r2-D-W exit=0 CLASS=CLEAN APACITY| shape=string native=additive jit=on jitearly=- tier=192KB scale=1.8 kernelMemory=164923 held=2048 why=not_enough_memory t_first5=0.0006 t_last5=0.0021 batches=21 last/first=3.50 freeKB_at_end/totalKB=0/192 arms=+79 refusals=+1 trace_flushes=+12 fill_ms=1737 queued=true running=true lastError=<null>
    one-string-r2-D-W CAP-IDLE| ticks=400 arms=+20 collects=+20 bailouts=+0 refusals=+0 trace_flushes=+0 trace_flush_bytes=+0 park_resets=+0 traces_live 50 -> 60 armed=0 state=0 stepmul=200 threshold=815600 gctotal=430014 ccap=518818 cused=430014 parked=false wallstats=present running=true
    one-string-r2-D-W CAP-LIVE| used=408300 kernelMemory=164923 user=243377 count(3 collects)=408316/408252/408252 total=518818 traces_live=60
    one-string-r2-D-W CAP-GC| collects=+79 bailouts=+0 overdrafts=+445 od_peak=10062 od_state=0 park_resets=+0 od_limit=32768 kslice=16384 gc_low=406957 armby=0 window=4096 lends=+0 win=0 refused=16384 end: armed=0 state=0 stepmul=200 threshold=813800 gctotal=436485 ccap=518818 cused=436485 parked=false
    one-string-r2-D-W CAP-X| batch=100 junk=24 OCLJCAPX=21/2000/0/0 traces(start/abort) 334/181 -> 461/198 class=CLEAN site=-
    one-string-r2-D-W SMOKE| MILESTONE km-1-kernel-init-compiles-nothing: PASS -- traces live at the kernelMemory baseline = 0; kernelMemory=164923
    one-string-r2-D-W SMOKE| MILESTONE cap-1-refusal-caught-machine-survives: PASS -- shape=string OCLJCAP=done/2048/not_enough_memory running=true lastError=<null>
one-string-r2-O-C exit=0 CLASS=CLEAN APACITY| shape=string native=additive jit=off jitearly=off tier=192KB scale=1.8 kernelMemory=164923 held=2540 why=not_enough_memory t_first5=0.0006 t_last5=0.0036 batches=26 last/first=6.00 freeKB_at_end/totalKB=0/192 arms=+120 refusals=+2 trace_flushes=+0 fill_ms=1741 queued=true running=true lastError=<null>
    one-string-r2-O-C CAP-IDLE| ticks=400 arms=+8 collects=+8 bailouts=+0 refusals=+0 trace_flushes=+0 trace_flush_bytes=+0 park_resets=+0 traces_live 0 -> 0 armed=0 state=0 stepmul=200 threshold=706200 gctotal=375900 ccap=518818 cused=375900 parked=false wallstats=present running=true
    one-string-r2-O-C CAP-LIVE| used=353554 kernelMemory=164923 user=188631 count(3 collects)=353570/353506/353506 total=518818 traces_live=0
    one-string-r2-O-C CAP-GC| collects=+120 bailouts=+0 overdrafts=+5502 od_peak=32764 od_state=0 park_resets=+0 od_limit=32768 kslice=16384 gc_low=363231 armby=1 window=n/a lends=+n/a win=n/a refused=n/a end: armed=0 state=0 stepmul=200 threshold=726800 gctotal=393647 ccap=518818 cused=393647 parked=false
    one-string-r2-O-C CAP-X| batch=100 junk=24 OCLJCAPX=26/2500/0/0 traces(start/abort) 0/0 -> 0/0 class=CLEAN site=-
    one-string-r2-O-C SMOKE| MILESTONE km-1-kernel-init-compiles-nothing: PASS -- traces live at the kernelMemory baseline = 0; kernelMemory=164923
    one-string-r2-O-C SMOKE| MILESTONE cap-1-refusal-caught-machine-survives: PASS -- shape=string OCLJCAP=done/2540/not_enough_memory running=true lastError=<null>
one-string-r2-O-W exit=0 CLASS=CLEAN APACITY| shape=string native=additive jit=off jitearly=off tier=192KB scale=1.8 kernelMemory=164923 held=2216 why=not_enough_memory t_first5=0.0007 t_last5=0.0052 batches=23 last/first=7.43 freeKB_at_end/totalKB=0/192 arms=+90 refusals=+1 trace_flushes=+0 fill_ms=1741 queued=true running=true lastError=<null>
    one-string-r2-O-W CAP-IDLE| ticks=400 arms=+0 collects=+0 bailouts=+0 refusals=+0 trace_flushes=+0 trace_flush_bytes=+0 park_resets=+0 traces_live 0 -> 0 armed=0 state=0 stepmul=200 threshold=706400 gctotal=432980 ccap=518818 cused=432980 parked=false wallstats=present running=true
    one-string-r2-O-W CAP-LIVE| used=353618 kernelMemory=164923 user=188695 count(3 collects)=353570/353570/353570 total=518818 traces_live=0
    one-string-r2-O-W CAP-GC| collects=+90 bailouts=+0 overdrafts=+1104 od_peak=16472 od_state=0 park_resets=+0 od_limit=32768 kslice=16384 gc_low=366367 armby=0 window=4096 lends=+9 win=0 refused=52 end: armed=0 state=0 stepmul=200 threshold=732800 gctotal=366715 ccap=518818 cused=366715 parked=false
    one-string-r2-O-W CAP-X| batch=100 junk=24 OCLJCAPX=23/2200/0/0 traces(start/abort) 0/0 -> 0/0 class=CLEAN site=-
    one-string-r2-O-W SMOKE| MILESTONE km-1-kernel-init-compiles-nothing: PASS -- traces live at the kernelMemory baseline = 0; kernelMemory=164923
    one-string-r2-O-W SMOKE| MILESTONE cap-1-refusal-caught-machine-survives: PASS -- shape=string OCLJCAP=done/2216/not_enough_memory running=true lastError=<null>
one-closure-r2-S-stock exit=0 CLASS=CLEAN APACITY| shape=closure native=stock jit=on jitearly=- tier=192KB scale=1.8 kernelMemory=174605 held=511 why=not_enough_memory t_first5=0.0018 t_last5=0.0019 batches=6 last/first=1.06 freeKB_at_end/totalKB=0/192 arms=+n/a refusals=+n/a trace_flushes=+n/a fill_ms=1492 queued=true running=true lastError=<null>
    one-closure-r2-S-stock CAP-IDLE| ticks=400 arms=+n/a collects=+n/a bailouts=+n/a refusals=+n/a trace_flushes=+n/a trace_flush_bytes=+n/a park_resets=+n/a traces_live -1 -> -1 armed=n/a state=n/a stepmul=n/a threshold=n/a gctotal=n/a ccap=n/a cused=n/a parked=false wallstats=n/a running=true
    one-closure-r2-S-stock CAP-LIVE| used=431839 kernelMemory=174605 user=257234 count(3 collects)=434234/434234/434234 total=528500 traces_live=-1
    one-closure-r2-S-stock CAP-GC| collects=+n/a bailouts=+n/a overdrafts=+n/a od_peak=n/a od_state=n/a park_resets=+n/a od_limit=n/a kslice=n/a gc_low=n/a armby=n/a window=n/a lends=+n/a win=n/a refused=n/a end: armed=n/a state=n/a stepmul=n/a threshold=n/a gctotal=n/a ccap=n/a cused=n/a parked=false
    one-closure-r2-S-stock CAP-X| batch=100 junk=24 OCLJCAPX=6/500/2/0 traces(start/abort) n/a -> n/a class=CLEAN site=-
    one-closure-r2-S-stock SMOKE| MILESTONE km-1-kernel-init-compiles-nothing: SKIP -- kernel=stock: OpenComputers' own kernel has no site 13 (not counted)
    one-closure-r2-S-stock SMOKE| MILESTONE cap-1-refusal-caught-machine-survives: PASS -- shape=closure OCLJCAP=done/511/not_enough_memory running=true lastError=<null>
one-closure-r2-D-C exit=0 CLASS=CLEAN APACITY| shape=closure native=additive jit=on jitearly=- tier=192KB scale=1.8 kernelMemory=164923 held=759 why=not_enough_memory t_first5=0.0005 t_last5=0.0024 batches=8 last/first=4.80 freeKB_at_end/totalKB=0/192 arms=+42 refusals=+1 trace_flushes=+6 fill_ms=1495 queued=true running=true lastError=<null>
    one-closure-r2-D-C CAP-IDLE| ticks=400 arms=+20 collects=+20 bailouts=+0 refusals=+0 trace_flushes=+0 trace_flush_bytes=+0 park_resets=+0 traces_live 59 -> 66 armed=0 state=0 stepmul=200 threshold=839600 gctotal=427128 ccap=518818 cused=427128 parked=false wallstats=present running=true
    one-closure-r2-D-C CAP-LIVE| used=420150 kernelMemory=164923 user=255227 count(3 collects)=420166/420102/420102 total=518818 traces_live=66
    one-closure-r2-D-C CAP-GC| collects=+42 bailouts=+0 overdrafts=+695 od_peak=16364 od_state=0 park_resets=+0 od_limit=32768 kslice=16384 gc_low=388053 armby=0 window=n/a lends=+n/a win=n/a refused=n/a end: armed=0 state=0 stepmul=200 threshold=776000 gctotal=388337 ccap=518818 cused=388337 parked=false
    one-closure-r2-D-C CAP-X| batch=100 junk=24 OCLJCAPX=8/700/0/0 traces(start/abort) 363/215 -> 453/243 class=CLEAN site=-
    one-closure-r2-D-C SMOKE| MILESTONE km-1-kernel-init-compiles-nothing: PASS -- traces live at the kernelMemory baseline = 0; kernelMemory=164923
    one-closure-r2-D-C SMOKE| MILESTONE cap-1-refusal-caught-machine-survives: PASS -- shape=closure OCLJCAP=done/759/not_enough_memory running=true lastError=<null>
one-closure-r2-D-W exit=0 CLASS=CLEAN APACITY| shape=closure native=additive jit=on jitearly=- tier=192KB scale=1.8 kernelMemory=164923 held=771 why=not_enough_memory t_first5=0.0007 t_last5=0.0029 batches=8 last/first=4.14 freeKB_at_end/totalKB=0/192 arms=+49 refusals=+1 trace_flushes=+5 fill_ms=1490 queued=true running=true lastError=<null>
    one-closure-r2-D-W CAP-IDLE| ticks=400 arms=+20 collects=+20 bailouts=+0 refusals=+0 trace_flushes=+0 trace_flush_bytes=+0 park_resets=+0 traces_live 50 -> 64 armed=0 state=0 stepmul=200 threshold=823000 gctotal=431844 ccap=518818 cused=431844 parked=false wallstats=present running=true
    one-closure-r2-D-W CAP-LIVE| used=411678 kernelMemory=164923 user=246755 count(3 collects)=411694/411630/411630 total=518818 traces_live=64
    one-closure-r2-D-W CAP-GC| collects=+49 bailouts=+0 overdrafts=+817 od_peak=16544 od_state=0 park_resets=+0 od_limit=32768 kslice=16384 gc_low=389541 armby=0 window=4096 lends=+7 win=0 refused=52 end: armed=0 state=0 stepmul=200 threshold=779200 gctotal=411125 ccap=518818 cused=411125 parked=false
    one-closure-r2-D-W CAP-X| batch=100 junk=24 OCLJCAPX=8/700/0/0 traces(start/abort) 334/195 -> 439/238 class=CLEAN site=-
    one-closure-r2-D-W SMOKE| MILESTONE km-1-kernel-init-compiles-nothing: PASS -- traces live at the kernelMemory baseline = 0; kernelMemory=164923
    one-closure-r2-D-W SMOKE| MILESTONE cap-1-refusal-caught-machine-survives: PASS -- shape=closure OCLJCAP=done/771/not_enough_memory running=true lastError=<null>
one-closure-r2-O-C exit=0 CLASS=CLEAN APACITY| shape=closure native=additive jit=off jitearly=off tier=192KB scale=1.8 kernelMemory=164923 held=836 why=not_enough_memory t_first5=0.0006 t_last5=0.0027 batches=9 last/first=4.50 freeKB_at_end/totalKB=0/192 arms=+40 refusals=+1 trace_flushes=+0 fill_ms=1482 queued=true running=true lastError=<null>
    one-closure-r2-O-C CAP-IDLE| ticks=400 arms=+1 collects=+1 bailouts=+0 refusals=+0 trace_flushes=+0 trace_flush_bytes=+0 park_resets=+0 traces_live 0 -> 0 armed=0 state=0 stepmul=200 threshold=706200 gctotal=375326 ccap=518818 cused=375326 parked=false wallstats=present running=true
    one-closure-r2-O-C CAP-LIVE| used=353612 kernelMemory=164923 user=188689 count(3 collects)=353628/353564/353564 total=518818 traces_live=0
    one-closure-r2-O-C CAP-GC| collects=+40 bailouts=+0 overdrafts=+813 od_peak=16338 od_state=0 park_resets=+0 od_limit=32768 kslice=16384 gc_low=349839 armby=1 window=n/a lends=+n/a win=n/a refused=n/a end: armed=0 state=0 stepmul=200 threshold=699600 gctotal=357255 ccap=518818 cused=357255 parked=false
    one-closure-r2-O-C CAP-X| batch=100 junk=24 OCLJCAPX=9/800/0/0 traces(start/abort) 0/0 -> 0/0 class=CLEAN site=-
    one-closure-r2-O-C SMOKE| MILESTONE km-1-kernel-init-compiles-nothing: PASS -- traces live at the kernelMemory baseline = 0; kernelMemory=164923
    one-closure-r2-O-C SMOKE| MILESTONE cap-1-refusal-caught-machine-survives: PASS -- shape=closure OCLJCAP=done/836/not_enough_memory running=true lastError=<null>
one-closure-r2-O-W exit=0 CLASS=CLEAN APACITY| shape=closure native=additive jit=off jitearly=off tier=192KB scale=1.8 kernelMemory=164923 held=835 why=not_enough_memory t_first5=0.0006 t_last5=0.0027 batches=9 last/first=4.50 freeKB_at_end/totalKB=0/192 arms=+42 refusals=+1 trace_flushes=+0 fill_ms=1486 queued=true running=true lastError=<null>
    one-closure-r2-O-W CAP-IDLE| ticks=400 arms=+4 collects=+4 bailouts=+0 refusals=+0 trace_flushes=+0 trace_flush_bytes=+0 park_resets=+0 traces_live 0 -> 0 armed=0 state=0 stepmul=200 threshold=706800 gctotal=368234 ccap=518818 cused=368234 parked=false wallstats=present running=true
    one-closure-r2-O-W CAP-LIVE| used=353888 kernelMemory=164923 user=188965 count(3 collects)=353904/353840/353840 total=518818 traces_live=0
    one-closure-r2-O-W CAP-GC| collects=+42 bailouts=+0 overdrafts=+707 od_peak=16458 od_state=0 park_resets=+0 od_limit=32768 kslice=16384 gc_low=350115 armby=1 window=4096 lends=+2 win=0 refused=52 end: armed=0 state=0 stepmul=200 threshold=700200 gctotal=379635 ccap=518818 cused=379635 parked=false
    one-closure-r2-O-W CAP-X| batch=100 junk=24 OCLJCAPX=9/800/0/0 traces(start/abort) 0/0 -> 0/0 class=CLEAN site=-
    one-closure-r2-O-W SMOKE| MILESTONE km-1-kernel-init-compiles-nothing: PASS -- traces live at the kernelMemory baseline = 0; kernelMemory=164923
    one-closure-r2-O-W SMOKE| MILESTONE cap-1-refusal-caught-machine-survives: PASS -- shape=closure OCLJCAP=done/835/not_enough_memory running=true lastError=<null>
one-record-r3-S-stock exit=0 CLASS=CLEAN APACITY| shape=record native=stock jit=on jitearly=- tier=192KB scale=1.8 kernelMemory=174605 held=259 why=not_enough_memory t_first5=0.0016 t_last5=0.0016 batches=3 last/first=1.00 freeKB_at_end/totalKB=0/192 arms=+n/a refusals=+n/a trace_flushes=+n/a fill_ms=1499 queued=true running=true lastError=<null>
    one-record-r3-S-stock CAP-IDLE| ticks=400 arms=+n/a collects=+n/a bailouts=+n/a refusals=+n/a trace_flushes=+n/a trace_flush_bytes=+n/a park_resets=+n/a traces_live -1 -> -1 armed=n/a state=n/a stepmul=n/a threshold=n/a gctotal=n/a ccap=n/a cused=n/a parked=false wallstats=n/a running=true
    one-record-r3-S-stock CAP-LIVE| used=431732 kernelMemory=174605 user=257127 count(3 collects)=434127/434127/434127 total=528500 traces_live=-1
    one-record-r3-S-stock CAP-GC| collects=+n/a bailouts=+n/a overdrafts=+n/a od_peak=n/a od_state=n/a park_resets=+n/a od_limit=n/a kslice=n/a gc_low=n/a armby=n/a window=n/a lends=+n/a win=n/a refused=n/a end: armed=n/a state=n/a stepmul=n/a threshold=n/a gctotal=n/a ccap=n/a cused=n/a parked=false
    one-record-r3-S-stock CAP-X| batch=100 junk=24 OCLJCAPX=3/200/0/0 traces(start/abort) n/a -> n/a class=CLEAN site=-
    one-record-r3-S-stock SMOKE| MILESTONE km-1-kernel-init-compiles-nothing: SKIP -- kernel=stock: OpenComputers' own kernel has no site 13 (not counted)
    one-record-r3-S-stock SMOKE| MILESTONE cap-1-refusal-caught-machine-survives: PASS -- shape=record OCLJCAP=done/259/not_enough_memory running=true lastError=<null>
one-record-r3-D-C exit=0 CLASS=CLEAN APACITY| shape=record native=additive jit=on jitearly=- tier=192KB scale=1.8 kernelMemory=164923 held=545 why=not_enough_memory t_first5=0.0017 t_last5=0.0025 batches=6 last/first=1.47 freeKB_at_end/totalKB=0/192 arms=+43 refusals=+1 trace_flushes=+5 fill_ms=1491 queued=true running=true lastError=<null>
    one-record-r3-D-C CAP-IDLE| ticks=400 arms=+20 collects=+20 bailouts=+0 refusals=+0 trace_flushes=+0 trace_flush_bytes=+0 park_resets=+0 traces_live 48 -> 65 armed=0 state=0 stepmul=200 threshold=828400 gctotal=436400 ccap=518818 cused=436400 parked=false wallstats=present running=true
    one-record-r3-D-C CAP-LIVE| used=414686 kernelMemory=164923 user=249763 count(3 collects)=414702/414638/414638 total=518818 traces_live=65
    one-record-r3-D-C CAP-GC| collects=+43 bailouts=+0 overdrafts=+551 od_peak=16364 od_state=0 park_resets=+0 od_limit=32768 kslice=16384 gc_low=386901 armby=0 window=n/a lends=+n/a win=n/a refused=n/a end: armed=0 state=0 stepmul=200 threshold=774600 gctotal=394765 ccap=518818 cused=394765 parked=false
    one-record-r3-D-C CAP-X| batch=100 junk=24 OCLJCAPX=6/500/0/0 traces(start/abort) 348/193 -> 419/210 class=CLEAN site=-
    one-record-r3-D-C SMOKE| MILESTONE km-1-kernel-init-compiles-nothing: PASS -- traces live at the kernelMemory baseline = 0; kernelMemory=164923
    one-record-r3-D-C SMOKE| MILESTONE cap-1-refusal-caught-machine-survives: PASS -- shape=record OCLJCAP=done/545/not_enough_memory running=true lastError=<null>
one-record-r3-D-W exit=0 CLASS=CLEAN APACITY| shape=record native=additive jit=on jitearly=- tier=192KB scale=1.8 kernelMemory=164923 held=550 why=not_enough_memory t_first5=0.0015 t_last5=0.0029 batches=6 last/first=1.93 freeKB_at_end/totalKB=0/192 arms=+54 refusals=+1 trace_flushes=+5 fill_ms=1494 queued=true running=true lastError=<null>
    one-record-r3-D-W CAP-IDLE| ticks=400 arms=+21 collects=+21 bailouts=+0 refusals=+0 trace_flushes=+0 trace_flush_bytes=+0 park_resets=+0 traces_live 49 -> 73 armed=0 state=0 stepmul=200 threshold=843200 gctotal=437012 ccap=518818 cused=437012 parked=false wallstats=present running=true
    one-record-r3-D-W CAP-LIVE| used=422034 kernelMemory=164923 user=257111 count(3 collects)=422050/421986/421986 total=518818 traces_live=73
    one-record-r3-D-W CAP-GC| collects=+54 bailouts=+0 overdrafts=+575 od_peak=16532 od_state=0 park_resets=+0 od_limit=32768 kslice=16384 gc_low=382741 armby=0 window=4096 lends=+6 win=0 refused=40 end: armed=0 state=0 stepmul=200 threshold=765400 gctotal=419629 ccap=518818 cused=419629 parked=false
    one-record-r3-D-W CAP-X| batch=100 junk=24 OCLJCAPX=6/500/0/0 traces(start/abort) 360/199 -> 432/223 class=CLEAN site=-
    one-record-r3-D-W SMOKE| MILESTONE km-1-kernel-init-compiles-nothing: PASS -- traces live at the kernelMemory baseline = 0; kernelMemory=164923
    one-record-r3-D-W SMOKE| MILESTONE cap-1-refusal-caught-machine-survives: PASS -- shape=record OCLJCAP=done/550/not_enough_memory running=true lastError=<null>
one-record-r3-O-C exit=0 CLASS=CLEAN APACITY| shape=record native=additive jit=off jitearly=off tier=192KB scale=1.8 kernelMemory=164923 held=659 why=not_enough_memory t_first5=0.0010 t_last5=0.0028 batches=7 last/first=2.80 freeKB_at_end/totalKB=0/192 arms=+44 refusals=+2 trace_flushes=+0 fill_ms=1494 queued=true running=true lastError=<null>
    one-record-r3-O-C CAP-IDLE| ticks=400 arms=+1 collects=+1 bailouts=+0 refusals=+0 trace_flushes=+0 trace_flush_bytes=+0 park_resets=+0 traces_live 0 -> 0 armed=0 state=0 stepmul=200 threshold=707200 gctotal=375798 ccap=518818 cused=375798 parked=false wallstats=present running=true
    one-record-r3-O-C CAP-LIVE| used=354084 kernelMemory=164923 user=189161 count(3 collects)=354100/354036/354036 total=518818 traces_live=0
    one-record-r3-O-C CAP-GC| collects=+44 bailouts=+0 overdrafts=+977 od_peak=32766 od_state=0 park_resets=+0 od_limit=32768 kslice=16384 gc_low=350115 armby=1 window=n/a lends=+n/a win=n/a refused=n/a end: armed=0 state=0 stepmul=200 threshold=700200 gctotal=357531 ccap=518818 cused=357531 parked=false
    one-record-r3-O-C CAP-X| batch=100 junk=24 OCLJCAPX=7/600/1/0 traces(start/abort) 0/0 -> 0/0 class=CLEAN site=-
    one-record-r3-O-C SMOKE| MILESTONE km-1-kernel-init-compiles-nothing: PASS -- traces live at the kernelMemory baseline = 0; kernelMemory=164923
    one-record-r3-O-C SMOKE| MILESTONE cap-1-refusal-caught-machine-survives: PASS -- shape=record OCLJCAP=done/659/not_enough_memory running=true lastError=<null>
one-record-r3-O-W exit=0 CLASS=CLEAN APACITY| shape=record native=additive jit=off jitearly=off tier=192KB scale=1.8 kernelMemory=164923 held=602 why=not_enough_memory t_first5=0.0013 t_last5=0.0036 batches=7 last/first=2.77 freeKB_at_end/totalKB=0/192 arms=+62 refusals=+1 trace_flushes=+0 fill_ms=1495 queued=true running=true lastError=<null>
    one-record-r3-O-W CAP-IDLE| ticks=400 arms=+3 collects=+3 bailouts=+0 refusals=+0 trace_flushes=+0 trace_flush_bytes=+0 park_resets=+0 traces_live 0 -> 0 armed=0 state=0 stepmul=200 threshold=707200 gctotal=433846 ccap=518818 cused=433846 parked=false wallstats=present running=true
    one-record-r3-O-W CAP-LIVE| used=354084 kernelMemory=164923 user=189161 count(3 collects)=354036/354036/354036 total=518818 traces_live=0
    one-record-r3-O-W CAP-GC| collects=+62 bailouts=+0 overdrafts=+564 od_peak=16682 od_state=0 park_resets=+0 od_limit=32768 kslice=16384 gc_low=350115 armby=1 window=4096 lends=+32 win=0 refused=88 end: armed=0 state=0 stepmul=200 threshold=700200 gctotal=364899 ccap=518818 cused=364899 parked=false
    one-record-r3-O-W CAP-X| batch=100 junk=24 OCLJCAPX=7/600/0/0 traces(start/abort) 0/0 -> 0/0 class=CLEAN site=-
    one-record-r3-O-W SMOKE| MILESTONE km-1-kernel-init-compiles-nothing: PASS -- traces live at the kernelMemory baseline = 0; kernelMemory=164923
    one-record-r3-O-W SMOKE| MILESTONE cap-1-refusal-caught-machine-survives: PASS -- shape=record OCLJCAP=done/602/not_enough_memory running=true lastError=<null>
one-array-r3-S-stock exit=0 CLASS=CLEAN APACITY| shape=array native=stock jit=on jitearly=- tier=192KB scale=1.8 kernelMemory=174605 held=283 why=not_enough_memory t_first5=0.0013 t_last5=0.0013 batches=3 last/first=1.00 freeKB_at_end/totalKB=0/192 arms=+n/a refusals=+n/a trace_flushes=+n/a fill_ms=1489 queued=true running=true lastError=<null>
    one-array-r3-S-stock CAP-IDLE| ticks=400 arms=+n/a collects=+n/a bailouts=+n/a refusals=+n/a trace_flushes=+n/a trace_flush_bytes=+n/a park_resets=+n/a traces_live -1 -> -1 armed=n/a state=n/a stepmul=n/a threshold=n/a gctotal=n/a ccap=n/a cused=n/a parked=false wallstats=n/a running=true
    one-array-r3-S-stock CAP-LIVE| used=431661 kernelMemory=174605 user=257056 count(3 collects)=434056/434056/434056 total=528500 traces_live=-1
    one-array-r3-S-stock CAP-GC| collects=+n/a bailouts=+n/a overdrafts=+n/a od_peak=n/a od_state=n/a park_resets=+n/a od_limit=n/a kslice=n/a gc_low=n/a armby=n/a window=n/a lends=+n/a win=n/a refused=n/a end: armed=n/a state=n/a stepmul=n/a threshold=n/a gctotal=n/a ccap=n/a cused=n/a parked=false
    one-array-r3-S-stock CAP-X| batch=100 junk=24 OCLJCAPX=3/200/0/0 traces(start/abort) n/a -> n/a class=CLEAN site=-
    one-array-r3-S-stock SMOKE| MILESTONE km-1-kernel-init-compiles-nothing: SKIP -- kernel=stock: OpenComputers' own kernel has no site 13 (not counted)
    one-array-r3-S-stock SMOKE| MILESTONE cap-1-refusal-caught-machine-survives: PASS -- shape=array OCLJCAP=done/283/not_enough_memory running=true lastError=<null>
one-array-r3-D-C exit=0 CLASS=CLEAN APACITY| shape=array native=additive jit=on jitearly=- tier=192KB scale=1.8 kernelMemory=164923 held=791 why=not_enough_memory t_first5=0.0006 t_last5=0.0019 batches=8 last/first=3.17 freeKB_at_end/totalKB=0/192 arms=+46 refusals=+1 trace_flushes=+5 fill_ms=1499 queued=true running=true lastError=<null>
    one-array-r3-D-C CAP-IDLE| ticks=400 arms=+20 collects=+20 bailouts=+0 refusals=+0 trace_flushes=+0 trace_flush_bytes=+0 park_resets=+0 traces_live 44 -> 61 armed=0 state=0 stepmul=200 threshold=818400 gctotal=416691 ccap=518818 cused=416691 parked=false wallstats=present running=true
    one-array-r3-D-C CAP-LIVE| used=409713 kernelMemory=164923 user=244790 count(3 collects)=409729/409665/409665 total=518818 traces_live=61
    one-array-r3-D-C CAP-GC| collects=+46 bailouts=+0 overdrafts=+418 od_peak=16347 od_state=0 park_resets=+0 od_limit=32768 kslice=16384 gc_low=387273 armby=0 window=n/a lends=+n/a win=n/a refused=n/a end: armed=0 state=0 stepmul=200 threshold=774400 gctotal=416793 ccap=518818 cused=416793 parked=false
    one-array-r3-D-C CAP-X| batch=100 junk=24 OCLJCAPX=8/700/0/0 traces(start/abort) 344/199 -> 414/217 class=CLEAN site=-
    one-array-r3-D-C SMOKE| MILESTONE km-1-kernel-init-compiles-nothing: PASS -- traces live at the kernelMemory baseline = 0; kernelMemory=164923
    one-array-r3-D-C SMOKE| MILESTONE cap-1-refusal-caught-machine-survives: PASS -- shape=array OCLJCAP=done/791/not_enough_memory running=true lastError=<null>
one-array-r3-D-W exit=0 CLASS=CLEAN APACITY| shape=array native=additive jit=on jitearly=- tier=192KB scale=1.8 kernelMemory=164923 held=782 why=not_enough_memory t_first5=0.0008 t_last5=0.0020 batches=8 last/first=2.50 freeKB_at_end/totalKB=0/192 arms=+46 refusals=+1 trace_flushes=+5 fill_ms=1492 queued=true running=true lastError=<null>
    one-array-r3-D-W CAP-IDLE| ticks=400 arms=+20 collects=+20 bailouts=+0 refusals=+0 trace_flushes=+0 trace_flush_bytes=+0 park_resets=+0 traces_live 47 -> 63 armed=0 state=0 stepmul=200 threshold=831200 gctotal=415899 ccap=518818 cused=415899 parked=false wallstats=present running=true
    one-array-r3-D-W CAP-LIVE| used=416033 kernelMemory=164923 user=251110 count(3 collects)=415985/415985/415985 total=518818 traces_live=63
    one-array-r3-D-W CAP-GC| collects=+46 bailouts=+0 overdrafts=+542 od_peak=16543 od_state=0 park_resets=+0 od_limit=32768 kslice=16384 gc_low=391297 armby=0 window=4096 lends=+3 win=0 refused=52 end: armed=0 state=0 stepmul=200 threshold=782400 gctotal=414081 ccap=518818 cused=414081 parked=false
    one-array-r3-D-W CAP-X| batch=100 junk=24 OCLJCAPX=8/700/0/0 traces(start/abort) 336/189 -> 425/209 class=CLEAN site=-
    one-array-r3-D-W SMOKE| MILESTONE km-1-kernel-init-compiles-nothing: PASS -- traces live at the kernelMemory baseline = 0; kernelMemory=164923
    one-array-r3-D-W SMOKE| MILESTONE cap-1-refusal-caught-machine-survives: PASS -- shape=array OCLJCAP=done/782/not_enough_memory running=true lastError=<null>
one-array-r3-O-C exit=0 CLASS=CLEAN APACITY| shape=array native=additive jit=off jitearly=off tier=192KB scale=1.8 kernelMemory=164923 held=869 why=not_enough_memory t_first5=0.0006 t_last5=0.0021 batches=9 last/first=3.50 freeKB_at_end/totalKB=0/192 arms=+35 refusals=+1 trace_flushes=+0 fill_ms=1496 queued=true running=true lastError=<null>
    one-array-r3-O-C CAP-IDLE| ticks=400 arms=+1 collects=+1 bailouts=+0 refusals=+0 trace_flushes=+0 trace_flush_bytes=+0 park_resets=+0 traces_live 0 -> 0 armed=0 state=0 stepmul=200 threshold=706000 gctotal=375209 ccap=518818 cused=375209 parked=false wallstats=present running=true
    one-array-r3-O-C CAP-LIVE| used=353495 kernelMemory=164923 user=188572 count(3 collects)=353511/353447/353447 total=518818 traces_live=0
    one-array-r3-O-C CAP-GC| collects=+35 bailouts=+0 overdrafts=+559 od_peak=16301 od_state=0 park_resets=+0 od_limit=32768 kslice=16384 gc_low=349839 armby=1 window=n/a lends=+n/a win=n/a refused=n/a end: armed=0 state=0 stepmul=200 threshold=699600 gctotal=357255 ccap=518818 cused=357255 parked=false
    one-array-r3-O-C CAP-X| batch=100 junk=24 OCLJCAPX=9/800/0/0 traces(start/abort) 0/0 -> 0/0 class=CLEAN site=-
    one-array-r3-O-C SMOKE| MILESTONE km-1-kernel-init-compiles-nothing: PASS -- traces live at the kernelMemory baseline = 0; kernelMemory=164923
    one-array-r3-O-C SMOKE| MILESTONE cap-1-refusal-caught-machine-survives: PASS -- shape=array OCLJCAP=done/869/not_enough_memory running=true lastError=<null>
one-array-r3-O-W exit=0 CLASS=CLEAN APACITY| shape=array native=additive jit=off jitearly=off tier=192KB scale=1.8 kernelMemory=164923 held=869 why=not_enough_memory t_first5=0.0008 t_last5=0.0026 batches=9 last/first=3.25 freeKB_at_end/totalKB=0/192 arms=+41 refusals=+1 trace_flushes=+0 fill_ms=1497 queued=true running=true lastError=<null>
    one-array-r3-O-W CAP-IDLE| ticks=400 arms=+1 collects=+1 bailouts=+0 refusals=+0 trace_flushes=+0 trace_flush_bytes=+0 park_resets=+0 traces_live 0 -> 0 armed=0 state=0 stepmul=200 threshold=706600 gctotal=390221 ccap=518818 cused=390221 parked=false wallstats=present running=true
    one-array-r3-O-W CAP-LIVE| used=353771 kernelMemory=164923 user=188848 count(3 collects)=353723/353723/353723 total=518818 traces_live=0
    one-array-r3-O-W CAP-GC| collects=+41 bailouts=+0 overdrafts=+563 od_peak=16513 od_state=0 park_resets=+0 od_limit=32768 kslice=16384 gc_low=350115 armby=1 window=4096 lends=+3 win=0 refused=52 end: armed=0 state=0 stepmul=200 threshold=700200 gctotal=372267 ccap=518818 cused=372267 parked=false
    one-array-r3-O-W CAP-X| batch=100 junk=24 OCLJCAPX=9/800/0/0 traces(start/abort) 0/0 -> 0/0 class=CLEAN site=-
    one-array-r3-O-W SMOKE| MILESTONE km-1-kernel-init-compiles-nothing: PASS -- traces live at the kernelMemory baseline = 0; kernelMemory=164923
    one-array-r3-O-W SMOKE| MILESTONE cap-1-refusal-caught-machine-survives: PASS -- shape=array OCLJCAP=done/869/not_enough_memory running=true lastError=<null>
one-string-r3-S-stock exit=0 CLASS=CLEAN APACITY| shape=string native=stock jit=on jitearly=- tier=192KB scale=1.8 kernelMemory=174605 held=1024 why=not_enough_memory t_first5=0.0008 t_last5=0.0016 batches=11 last/first=2.00 freeKB_at_end/totalKB=3/192 arms=+n/a refusals=+n/a trace_flushes=+n/a fill_ms=1488 queued=true running=true lastError=<null>
    one-string-r3-S-stock CAP-IDLE| ticks=400 arms=+n/a collects=+n/a bailouts=+n/a refusals=+n/a trace_flushes=+n/a trace_flush_bytes=+n/a park_resets=+n/a traces_live -1 -> -1 armed=n/a state=n/a stepmul=n/a threshold=n/a gctotal=n/a ccap=n/a cused=n/a parked=false wallstats=n/a running=true
    one-string-r3-S-stock CAP-LIVE| used=431559 kernelMemory=174605 user=256954 count(3 collects)=433954/433954/433954 total=528500 traces_live=-1
    one-string-r3-S-stock CAP-GC| collects=+n/a bailouts=+n/a overdrafts=+n/a od_peak=n/a od_state=n/a park_resets=+n/a od_limit=n/a kslice=n/a gc_low=n/a armby=n/a window=n/a lends=+n/a win=n/a refused=n/a end: armed=n/a state=n/a stepmul=n/a threshold=n/a gctotal=n/a ccap=n/a cused=n/a parked=false
    one-string-r3-S-stock CAP-X| batch=100 junk=24 OCLJCAPX=11/1000/0/0 traces(start/abort) n/a -> n/a class=CLEAN site=-
    one-string-r3-S-stock SMOKE| MILESTONE km-1-kernel-init-compiles-nothing: SKIP -- kernel=stock: OpenComputers' own kernel has no site 13 (not counted)
    one-string-r3-S-stock SMOKE| MILESTONE cap-1-refusal-caught-machine-survives: PASS -- shape=string OCLJCAP=done/1024/not_enough_memory running=true lastError=<null>
one-string-r3-D-C exit=0 CLASS=CLEAN APACITY| shape=string native=additive jit=on jitearly=- tier=192KB scale=1.8 kernelMemory=164923 held=2048 why=not_enough_memory t_first5=0.0005 t_last5=0.0028 batches=21 last/first=5.60 freeKB_at_end/totalKB=0/192 arms=+91 refusals=+1 trace_flushes=+11 fill_ms=1735 queued=true running=true lastError=<null>
    one-string-r3-D-C CAP-IDLE| ticks=400 arms=+20 collects=+20 bailouts=+0 refusals=+0 trace_flushes=+0 trace_flush_bytes=+0 park_resets=+0 traces_live 44 -> 57 armed=0 state=0 stepmul=200 threshold=803800 gctotal=416678 ccap=518818 cused=416678 parked=false wallstats=present running=true
    one-string-r3-D-C CAP-LIVE| used=402332 kernelMemory=164923 user=237409 count(3 collects)=402348/402284/402284 total=518818 traces_live=57
    one-string-r3-D-C CAP-GC| collects=+91 bailouts=+0 overdrafts=+322 od_peak=8362 od_state=0 park_resets=+0 od_limit=32768 kslice=16384 gc_low=401361 armby=0 window=n/a lends=+n/a win=n/a refused=n/a end: armed=0 state=0 stepmul=200 threshold=804800 gctotal=424609 ccap=518818 cused=424609 parked=false
    one-string-r3-D-C CAP-X| batch=100 junk=24 OCLJCAPX=21/2000/0/0 traces(start/abort) 342/190 -> 465/209 class=CLEAN site=-
    one-string-r3-D-C SMOKE| MILESTONE km-1-kernel-init-compiles-nothing: PASS -- traces live at the kernelMemory baseline = 0; kernelMemory=164923
    one-string-r3-D-C SMOKE| MILESTONE cap-1-refusal-caught-machine-survives: PASS -- shape=string OCLJCAP=done/2048/not_enough_memory running=true lastError=<null>
one-string-r3-D-W exit=0 CLASS=CLEAN APACITY| shape=string native=additive jit=on jitearly=- tier=192KB scale=1.8 kernelMemory=164923 held=2048 why=not_enough_memory t_first5=0.0004 t_last5=0.0034 batches=21 last/first=8.50 freeKB_at_end/totalKB=0/192 arms=+86 refusals=+1 trace_flushes=+12 fill_ms=1750 queued=true running=true lastError=<null>
    one-string-r3-D-W CAP-IDLE| ticks=400 arms=+26 collects=+26 bailouts=+0 refusals=+0 trace_flushes=+1 trace_flush_bytes=+88244 park_resets=+0 traces_live 108 -> 59 armed=0 state=0 stepmul=200 threshold=809600 gctotal=427870 ccap=518818 cused=427870 parked=false wallstats=present running=true
    one-string-r3-D-W CAP-LIVE| used=404892 kernelMemory=164923 user=239969 count(3 collects)=404844/404844/404844 total=518818 traces_live=59
    one-string-r3-D-W CAP-GC| collects=+86 bailouts=+0 overdrafts=+257 od_peak=8246 od_state=0 park_resets=+0 od_limit=32768 kslice=16384 gc_low=404477 armby=0 window=4096 lends=+0 win=0 refused=16384 end: armed=0 state=0 stepmul=200 threshold=808800 gctotal=411901 ccap=518818 cused=411901 parked=false
    one-string-r3-D-W CAP-X| batch=100 junk=24 OCLJCAPX=21/2000/0/0 traces(start/abort) 370/201 -> 489/226 class=CLEAN site=-
    one-string-r3-D-W SMOKE| MILESTONE km-1-kernel-init-compiles-nothing: PASS -- traces live at the kernelMemory baseline = 0; kernelMemory=164923
    one-string-r3-D-W SMOKE| MILESTONE cap-1-refusal-caught-machine-survives: PASS -- shape=string OCLJCAP=done/2048/not_enough_memory running=true lastError=<null>
one-string-r3-O-C exit=0 CLASS=CLEAN APACITY| shape=string native=additive jit=off jitearly=off tier=192KB scale=1.8 kernelMemory=164923 held=2485 why=not_enough_memory t_first5=0.0006 t_last5=0.0044 batches=25 last/first=7.33 freeKB_at_end/totalKB=0/192 arms=+86 refusals=+2 trace_flushes=+0 fill_ms=1737 queued=true running=true lastError=<null>
    one-string-r3-O-C CAP-IDLE| ticks=400 arms=+1 collects=+1 bailouts=+0 refusals=+0 trace_flushes=+0 trace_flush_bytes=+0 park_resets=+0 traces_live 0 -> 0 armed=0 state=0 stepmul=200 threshold=706400 gctotal=375400 ccap=518818 cused=375400 parked=false wallstats=present running=true
    one-string-r3-O-C CAP-LIVE| used=353686 kernelMemory=164923 user=188763 count(3 collects)=353702/353638/353638 total=518818 traces_live=0
    one-string-r3-O-C CAP-GC| collects=+86 bailouts=+0 overdrafts=+2501 od_peak=32760 od_state=0 park_resets=+0 od_limit=32768 kslice=16384 gc_low=366499 armby=0 window=n/a lends=+n/a win=n/a refused=n/a end: armed=0 state=0 stepmul=200 threshold=732800 gctotal=396027 ccap=518818 cused=396027 parked=false
    one-string-r3-O-C CAP-X| batch=100 junk=24 OCLJCAPX=25/2400/1/0 traces(start/abort) 0/0 -> 0/0 class=CLEAN site=-
    one-string-r3-O-C SMOKE| MILESTONE km-1-kernel-init-compiles-nothing: PASS -- traces live at the kernelMemory baseline = 0; kernelMemory=164923
    one-string-r3-O-C SMOKE| MILESTONE cap-1-refusal-caught-machine-survives: PASS -- shape=string OCLJCAP=done/2485/not_enough_memory running=true lastError=<null>
one-string-r3-O-W exit=0 CLASS=CLEAN APACITY| shape=string native=additive jit=off jitearly=off tier=192KB scale=1.8 kernelMemory=164923 held=2215 why=not_enough_memory t_first5=0.0007 t_last5=0.0052 batches=23 last/first=7.43 freeKB_at_end/totalKB=0/192 arms=+93 refusals=+1 trace_flushes=+0 fill_ms=1738 queued=true running=true lastError=<null>
    one-string-r3-O-W CAP-IDLE| ticks=400 arms=+3 collects=+3 bailouts=+0 refusals=+0 trace_flushes=+0 trace_flush_bytes=+0 park_resets=+0 traces_live 0 -> 0 armed=0 state=0 stepmul=200 threshold=706400 gctotal=425904 ccap=518818 cused=425904 parked=false wallstats=present running=true
    one-string-r3-O-W CAP-LIVE| used=353686 kernelMemory=164923 user=188763 count(3 collects)=353702/353638/353638 total=518818 traces_live=0
    one-string-r3-O-W CAP-GC| collects=+93 bailouts=+0 overdrafts=+1103 od_peak=16484 od_state=0 park_resets=+0 od_limit=32768 kslice=16384 gc_low=366435 armby=0 window=4096 lends=+12 win=0 refused=52 end: armed=0 state=0 stepmul=200 threshold=732800 gctotal=366783 ccap=518818 cused=366783 parked=false
    one-string-r3-O-W CAP-X| batch=100 junk=24 OCLJCAPX=23/2200/0/0 traces(start/abort) 0/0 -> 0/0 class=CLEAN site=-
    one-string-r3-O-W SMOKE| MILESTONE km-1-kernel-init-compiles-nothing: PASS -- traces live at the kernelMemory baseline = 0; kernelMemory=164923
    one-string-r3-O-W SMOKE| MILESTONE cap-1-refusal-caught-machine-survives: PASS -- shape=string OCLJCAP=done/2215/not_enough_memory running=true lastError=<null>
one-closure-r3-S-stock exit=0 CLASS=CLEAN APACITY| shape=closure native=stock jit=on jitearly=- tier=192KB scale=1.8 kernelMemory=174605 held=511 why=not_enough_memory t_first5=0.0019 t_last5=0.0024 batches=6 last/first=1.26 freeKB_at_end/totalKB=0/192 arms=+n/a refusals=+n/a trace_flushes=+n/a fill_ms=1492 queued=true running=true lastError=<null>
    one-closure-r3-S-stock CAP-IDLE| ticks=400 arms=+n/a collects=+n/a bailouts=+n/a refusals=+n/a trace_flushes=+n/a trace_flush_bytes=+n/a park_resets=+n/a traces_live -1 -> -1 armed=n/a state=n/a stepmul=n/a threshold=n/a gctotal=n/a ccap=n/a cused=n/a parked=false wallstats=n/a running=true
    one-closure-r3-S-stock CAP-LIVE| used=431839 kernelMemory=174605 user=257234 count(3 collects)=434234/434234/434234 total=528500 traces_live=-1
    one-closure-r3-S-stock CAP-GC| collects=+n/a bailouts=+n/a overdrafts=+n/a od_peak=n/a od_state=n/a park_resets=+n/a od_limit=n/a kslice=n/a gc_low=n/a armby=n/a window=n/a lends=+n/a win=n/a refused=n/a end: armed=n/a state=n/a stepmul=n/a threshold=n/a gctotal=n/a ccap=n/a cused=n/a parked=false
    one-closure-r3-S-stock CAP-X| batch=100 junk=24 OCLJCAPX=6/500/2/0 traces(start/abort) n/a -> n/a class=CLEAN site=-
    one-closure-r3-S-stock SMOKE| MILESTONE km-1-kernel-init-compiles-nothing: SKIP -- kernel=stock: OpenComputers' own kernel has no site 13 (not counted)
    one-closure-r3-S-stock SMOKE| MILESTONE cap-1-refusal-caught-machine-survives: PASS -- shape=closure OCLJCAP=done/511/not_enough_memory running=true lastError=<null>
one-closure-r3-D-C exit=0 CLASS=CLEAN APACITY| shape=closure native=additive jit=on jitearly=- tier=192KB scale=1.8 kernelMemory=164923 held=764 why=not_enough_memory t_first5=0.0008 t_last5=0.0032 batches=8 last/first=4.00 freeKB_at_end/totalKB=0/192 arms=+46 refusals=+1 trace_flushes=+6 fill_ms=1489 queued=true running=true lastError=<null>
    one-closure-r3-D-C CAP-IDLE| ticks=400 arms=+20 collects=+20 bailouts=+0 refusals=+0 trace_flushes=+0 trace_flush_bytes=+0 park_resets=+0 traces_live 42 -> 59 armed=0 state=0 stepmul=200 threshold=824800 gctotal=439404 ccap=518818 cused=439404 parked=false wallstats=present running=true
    one-closure-r3-D-C CAP-LIVE| used=410806 kernelMemory=164923 user=245883 count(3 collects)=410758/410758/410758 total=518818 traces_live=59
    one-closure-r3-D-C CAP-GC| collects=+46 bailouts=+0 overdrafts=+865 od_peak=16384 od_state=0 park_resets=+0 od_limit=32768 kslice=16384 gc_low=391529 armby=0 window=n/a lends=+n/a win=n/a refused=n/a end: armed=0 state=0 stepmul=200 threshold=783000 gctotal=413681 ccap=518818 cused=413681 parked=false
    one-closure-r3-D-C CAP-X| batch=100 junk=24 OCLJCAPX=8/700/0/0 traces(start/abort) 354/209 -> 436/241 class=CLEAN site=-
    one-closure-r3-D-C SMOKE| MILESTONE km-1-kernel-init-compiles-nothing: PASS -- traces live at the kernelMemory baseline = 0; kernelMemory=164923
    one-closure-r3-D-C SMOKE| MILESTONE cap-1-refusal-caught-machine-survives: PASS -- shape=closure OCLJCAP=done/764/not_enough_memory running=true lastError=<null>
one-closure-r3-D-W exit=0 CLASS=CLEAN APACITY| shape=closure native=additive jit=on jitearly=- tier=192KB scale=1.8 kernelMemory=164923 held=776 why=not_enough_memory t_first5=0.0006 t_last5=0.0027 batches=8 last/first=4.50 freeKB_at_end/totalKB=0/192 arms=+47 refusals=+1 trace_flushes=+6 fill_ms=1489 queued=true running=true lastError=<null>
    one-closure-r3-D-W CAP-IDLE| ticks=400 arms=+20 collects=+20 bailouts=+0 refusals=+0 trace_flushes=+0 trace_flush_bytes=+0 park_resets=+0 traces_live 43 -> 59 armed=0 state=0 stepmul=200 threshold=813800 gctotal=422744 ccap=518818 cused=422744 parked=false wallstats=present running=true
    one-closure-r3-D-W CAP-LIVE| used=406138 kernelMemory=164923 user=241215 count(3 collects)=406090/406090/406090 total=518818 traces_live=59
    one-closure-r3-D-W CAP-GC| collects=+47 bailouts=+0 overdrafts=+875 od_peak=16532 od_state=0 park_resets=+0 od_limit=32768 kslice=16384 gc_low=383885 armby=0 window=4096 lends=+6 win=0 refused=52 end: armed=0 state=0 stepmul=200 threshold=767800 gctotal=399365 ccap=518818 cused=399365 parked=false
    one-closure-r3-D-W CAP-X| batch=100 junk=24 OCLJCAPX=8/700/0/0 traces(start/abort) 330/175 -> 392/190 class=CLEAN site=-
    one-closure-r3-D-W SMOKE| MILESTONE km-1-kernel-init-compiles-nothing: PASS -- traces live at the kernelMemory baseline = 0; kernelMemory=164923
    one-closure-r3-D-W SMOKE| MILESTONE cap-1-refusal-caught-machine-survives: PASS -- shape=closure OCLJCAP=done/776/not_enough_memory running=true lastError=<null>
one-closure-r3-O-C exit=0 CLASS=CLEAN APACITY| shape=closure native=additive jit=off jitearly=off tier=192KB scale=1.8 kernelMemory=164923 held=835 why=not_enough_memory t_first5=0.0006 t_last5=0.0026 batches=9 last/first=4.33 freeKB_at_end/totalKB=0/192 arms=+39 refusals=+1 trace_flushes=+0 fill_ms=1489 queued=true running=true lastError=<null>
    one-closure-r3-O-C CAP-IDLE| ticks=400 arms=+1 collects=+1 bailouts=+0 refusals=+0 trace_flushes=+0 trace_flush_bytes=+0 park_resets=+0 traces_live 0 -> 0 armed=0 state=0 stepmul=200 threshold=706800 gctotal=375534 ccap=518818 cused=375534 parked=false wallstats=present running=true
    one-closure-r3-O-C CAP-LIVE| used=353820 kernelMemory=164923 user=188897 count(3 collects)=353836/353772/353772 total=518818 traces_live=0
    one-closure-r3-O-C CAP-GC| collects=+39 bailouts=+0 overdrafts=+706 od_peak=16338 od_state=0 park_resets=+0 od_limit=32768 kslice=16384 gc_low=350047 armby=1 window=n/a lends=+n/a win=n/a refused=n/a end: armed=0 state=0 stepmul=200 threshold=700000 gctotal=358095 ccap=518818 cused=358095 parked=false
    one-closure-r3-O-C CAP-X| batch=100 junk=24 OCLJCAPX=9/800/0/0 traces(start/abort) 0/0 -> 0/0 class=CLEAN site=-
    one-closure-r3-O-C SMOKE| MILESTONE km-1-kernel-init-compiles-nothing: PASS -- traces live at the kernelMemory baseline = 0; kernelMemory=164923
    one-closure-r3-O-C SMOKE| MILESTONE cap-1-refusal-caught-machine-survives: PASS -- shape=closure OCLJCAP=done/835/not_enough_memory running=true lastError=<null>
one-closure-r3-O-W exit=0 CLASS=CLEAN APACITY| shape=closure native=additive jit=off jitearly=off tier=192KB scale=1.8 kernelMemory=164923 held=836 why=not_enough_memory t_first5=0.0006 t_last5=0.0026 batches=9 last/first=4.33 freeKB_at_end/totalKB=0/192 arms=+42 refusals=+1 trace_flushes=+0 fill_ms=1484 queued=true running=true lastError=<null>
    one-closure-r3-O-W CAP-IDLE| ticks=400 arms=+1 collects=+1 bailouts=+0 refusals=+0 trace_flushes=+0 trace_flush_bytes=+0 park_resets=+0 traces_live 0 -> 0 armed=0 state=0 stepmul=200 threshold=706400 gctotal=360658 ccap=518818 cused=360658 parked=false wallstats=present running=true
    one-closure-r3-O-W CAP-LIVE| used=353680 kernelMemory=164923 user=188757 count(3 collects)=353696/353632/353632 total=518818 traces_live=0
    one-closure-r3-O-W CAP-GC| collects=+42 bailouts=+0 overdrafts=+816 od_peak=16458 od_state=0 park_resets=+0 od_limit=32768 kslice=16384 gc_low=349907 armby=1 window=4096 lends=+2 win=0 refused=52 end: armed=0 state=0 stepmul=200 threshold=699800 gctotal=380059 ccap=518818 cused=380059 parked=false
    one-closure-r3-O-W CAP-X| batch=100 junk=24 OCLJCAPX=9/800/0/0 traces(start/abort) 0/0 -> 0/0 class=CLEAN site=-
    one-closure-r3-O-W SMOKE| MILESTONE km-1-kernel-init-compiles-nothing: PASS -- traces live at the kernelMemory baseline = 0; kernelMemory=164923
    one-closure-r3-O-W SMOKE| MILESTONE cap-1-refusal-caught-machine-survives: PASS -- shape=closure OCLJCAP=done/836/not_enough_memory running=true lastError=<null>
one-record-r4-S-stock exit=0 CLASS=CLEAN APACITY| shape=record native=stock jit=on jitearly=- tier=192KB scale=1.8 kernelMemory=174605 held=223 why=not_enough_memory t_first5=0.0011 t_last5=0.0011 batches=3 last/first=1.00 freeKB_at_end/totalKB=0/192 arms=+n/a refusals=+n/a trace_flushes=+n/a fill_ms=1478 queued=true running=true lastError=<null>
    one-record-r4-S-stock CAP-IDLE| ticks=400 arms=+n/a collects=+n/a bailouts=+n/a refusals=+n/a trace_flushes=+n/a trace_flush_bytes=+n/a park_resets=+n/a traces_live -1 -> -1 armed=n/a state=n/a stepmul=n/a threshold=n/a gctotal=n/a ccap=n/a cused=n/a parked=false wallstats=n/a running=true
    one-record-r4-S-stock CAP-LIVE| used=431732 kernelMemory=174605 user=257127 count(3 collects)=434127/434127/434127 total=528500 traces_live=-1
    one-record-r4-S-stock CAP-GC| collects=+n/a bailouts=+n/a overdrafts=+n/a od_peak=n/a od_state=n/a park_resets=+n/a od_limit=n/a kslice=n/a gc_low=n/a armby=n/a window=n/a lends=+n/a win=n/a refused=n/a end: armed=n/a state=n/a stepmul=n/a threshold=n/a gctotal=n/a ccap=n/a cused=n/a parked=false
    one-record-r4-S-stock CAP-X| batch=100 junk=24 OCLJCAPX=3/200/0/0 traces(start/abort) n/a -> n/a class=CLEAN site=-
    one-record-r4-S-stock SMOKE| MILESTONE km-1-kernel-init-compiles-nothing: SKIP -- kernel=stock: OpenComputers' own kernel has no site 13 (not counted)
    one-record-r4-S-stock SMOKE| MILESTONE cap-1-refusal-caught-machine-survives: PASS -- shape=record OCLJCAP=done/223/not_enough_memory running=true lastError=<null>
one-record-r4-D-C exit=0 CLASS=CLEAN APACITY| shape=record native=additive jit=on jitearly=- tier=192KB scale=1.8 kernelMemory=164923 held=551 why=not_enough_memory t_first5=0.0011 t_last5=0.0022 batches=6 last/first=2.00 freeKB_at_end/totalKB=0/192 arms=+48 refusals=+1 trace_flushes=+5 fill_ms=1487 queued=true running=true lastError=<null>
    one-record-r4-D-C CAP-IDLE| ticks=400 arms=+20 collects=+20 bailouts=+0 refusals=+0 trace_flushes=+0 trace_flush_bytes=+0 park_resets=+0 traces_live 50 -> 61 armed=0 state=0 stepmul=200 threshold=820000 gctotal=425720 ccap=518818 cused=425720 parked=false wallstats=present running=true
    one-record-r4-D-C CAP-LIVE| used=408866 kernelMemory=164923 user=243943 count(3 collects)=408818/408818/408818 total=518818 traces_live=61
    one-record-r4-D-C CAP-GC| collects=+48 bailouts=+0 overdrafts=+444 od_peak=16368 od_state=0 park_resets=+0 od_limit=32768 kslice=16384 gc_low=384281 armby=0 window=n/a lends=+n/a win=n/a refused=n/a end: armed=0 state=0 stepmul=200 threshold=768600 gctotal=399129 ccap=518818 cused=399129 parked=false
    one-record-r4-D-C CAP-X| batch=100 junk=24 OCLJCAPX=6/500/0/0 traces(start/abort) 344/190 -> 407/204 class=CLEAN site=-
    one-record-r4-D-C SMOKE| MILESTONE km-1-kernel-init-compiles-nothing: PASS -- traces live at the kernelMemory baseline = 0; kernelMemory=164923
    one-record-r4-D-C SMOKE| MILESTONE cap-1-refusal-caught-machine-survives: PASS -- shape=record OCLJCAP=done/551/not_enough_memory running=true lastError=<null>
one-record-r4-D-W exit=0 CLASS=CLEAN APACITY| shape=record native=additive jit=on jitearly=- tier=192KB scale=1.8 kernelMemory=164923 held=553 why=not_enough_memory t_first5=0.0011 t_last5=0.0023 batches=6 last/first=2.09 freeKB_at_end/totalKB=0/192 arms=+56 refusals=+1 trace_flushes=+5 fill_ms=1484 queued=true running=true lastError=<null>
    one-record-r4-D-W CAP-IDLE| ticks=400 arms=+20 collects=+20 bailouts=+0 refusals=+0 trace_flushes=+0 trace_flush_bytes=+0 park_resets=+0 traces_live 60 -> 70 armed=0 state=0 stepmul=200 threshold=831400 gctotal=429904 ccap=518818 cused=429904 parked=false wallstats=present running=true
    one-record-r4-D-W CAP-LIVE| used=415934 kernelMemory=164923 user=251011 count(3 collects)=415950/415886/415886 total=518818 traces_live=70
    one-record-r4-D-W CAP-GC| collects=+56 bailouts=+0 overdrafts=+319 od_peak=16516 od_state=0 park_resets=+0 od_limit=32768 kslice=16384 gc_low=386181 armby=0 window=4096 lends=+7 win=0 refused=52 end: armed=0 state=0 stepmul=200 threshold=772200 gctotal=394229 ccap=518818 cused=394229 parked=false
    one-record-r4-D-W CAP-X| batch=100 junk=24 OCLJCAPX=6/500/0/0 traces(start/abort) 340/183 -> 413/199 class=CLEAN site=-
    one-record-r4-D-W SMOKE| MILESTONE km-1-kernel-init-compiles-nothing: PASS -- traces live at the kernelMemory baseline = 0; kernelMemory=164923
    one-record-r4-D-W SMOKE| MILESTONE cap-1-refusal-caught-machine-survives: PASS -- shape=record OCLJCAP=done/553/not_enough_memory running=true lastError=<null>
one-record-r4-O-C exit=0 CLASS=CLEAN APACITY| shape=record native=additive jit=off jitearly=off tier=192KB scale=1.8 kernelMemory=164923 held=660 why=not_enough_memory t_first5=0.0008 t_last5=0.0031 batches=7 last/first=3.87 freeKB_at_end/totalKB=0/192 arms=+54 refusals=+2 trace_flushes=+0 fill_ms=1476 queued=true running=true lastError=<null>
    one-record-r4-O-C CAP-IDLE| ticks=400 arms=+0 collects=+0 bailouts=+0 refusals=+0 trace_flushes=+0 trace_flush_bytes=+0 park_resets=+0 traces_live 0 -> 0 armed=0 state=0 stepmul=200 threshold=706600 gctotal=425802 ccap=518818 cused=425802 parked=false wallstats=present running=true
    one-record-r4-O-C CAP-LIVE| used=353808 kernelMemory=164923 user=188885 count(3 collects)=353824/353760/353760 total=518818 traces_live=0
    one-record-r4-O-C CAP-GC| collects=+54 bailouts=+0 overdrafts=+955 od_peak=32726 od_state=0 park_resets=+0 od_limit=32768 kslice=16384 gc_low=349839 armby=1 window=n/a lends=+n/a win=n/a refused=n/a end: armed=0 state=0 stepmul=200 threshold=699600 gctotal=364623 ccap=518818 cused=364623 parked=false
    one-record-r4-O-C CAP-X| batch=100 junk=24 OCLJCAPX=7/600/1/0 traces(start/abort) 0/0 -> 0/0 class=CLEAN site=-
    one-record-r4-O-C SMOKE| MILESTONE km-1-kernel-init-compiles-nothing: PASS -- traces live at the kernelMemory baseline = 0; kernelMemory=164923
    one-record-r4-O-C SMOKE| MILESTONE cap-1-refusal-caught-machine-survives: PASS -- shape=record OCLJCAP=done/660/not_enough_memory running=true lastError=<null>
one-record-r4-O-W exit=0 CLASS=CLEAN APACITY| shape=record native=additive jit=off jitearly=off tier=192KB scale=1.8 kernelMemory=164923 held=602 why=not_enough_memory t_first5=0.0013 t_last5=0.0027 batches=7 last/first=2.08 freeKB_at_end/totalKB=0/192 arms=+61 refusals=+1 trace_flushes=+0 fill_ms=1476 queued=true running=true lastError=<null>
    one-record-r4-O-W CAP-IDLE| ticks=400 arms=+1 collects=+1 bailouts=+0 refusals=+0 trace_flushes=+0 trace_flush_bytes=+0 park_resets=+0 traces_live 0 -> 0 armed=0 state=0 stepmul=200 threshold=707200 gctotal=368430 ccap=518818 cused=368430 parked=false wallstats=present running=true
    one-record-r4-O-W CAP-LIVE| used=354084 kernelMemory=164923 user=189161 count(3 collects)=354100/354036/354036 total=518818 traces_live=0
    one-record-r4-O-W CAP-GC| collects=+61 bailouts=+0 overdrafts=+564 od_peak=16682 od_state=0 park_resets=+0 od_limit=32768 kslice=16384 gc_low=350115 armby=1 window=4096 lends=+32 win=0 refused=88 end: armed=0 state=0 stepmul=200 threshold=700200 gctotal=387003 ccap=518818 cused=387003 parked=false
    one-record-r4-O-W CAP-X| batch=100 junk=24 OCLJCAPX=7/600/0/0 traces(start/abort) 0/0 -> 0/0 class=CLEAN site=-
    one-record-r4-O-W SMOKE| MILESTONE km-1-kernel-init-compiles-nothing: PASS -- traces live at the kernelMemory baseline = 0; kernelMemory=164923
    one-record-r4-O-W SMOKE| MILESTONE cap-1-refusal-caught-machine-survives: PASS -- shape=record OCLJCAP=done/602/not_enough_memory running=true lastError=<null>
one-array-r4-S-stock exit=0 CLASS=CLEAN APACITY| shape=array native=stock jit=on jitearly=- tier=192KB scale=1.8 kernelMemory=174605 held=283 why=not_enough_memory t_first5=0.0021 t_last5=0.0021 batches=3 last/first=1.00 freeKB_at_end/totalKB=0/192 arms=+n/a refusals=+n/a trace_flushes=+n/a fill_ms=1499 queued=true running=true lastError=<null>
    one-array-r4-S-stock CAP-IDLE| ticks=400 arms=+n/a collects=+n/a bailouts=+n/a refusals=+n/a trace_flushes=+n/a trace_flush_bytes=+n/a park_resets=+n/a traces_live -1 -> -1 armed=n/a state=n/a stepmul=n/a threshold=n/a gctotal=n/a ccap=n/a cused=n/a parked=false wallstats=n/a running=true
    one-array-r4-S-stock CAP-LIVE| used=431661 kernelMemory=174605 user=257056 count(3 collects)=434056/434056/434056 total=528500 traces_live=-1
    one-array-r4-S-stock CAP-GC| collects=+n/a bailouts=+n/a overdrafts=+n/a od_peak=n/a od_state=n/a park_resets=+n/a od_limit=n/a kslice=n/a gc_low=n/a armby=n/a window=n/a lends=+n/a win=n/a refused=n/a end: armed=n/a state=n/a stepmul=n/a threshold=n/a gctotal=n/a ccap=n/a cused=n/a parked=false
    one-array-r4-S-stock CAP-X| batch=100 junk=24 OCLJCAPX=3/200/0/0 traces(start/abort) n/a -> n/a class=CLEAN site=-
    one-array-r4-S-stock SMOKE| MILESTONE km-1-kernel-init-compiles-nothing: SKIP -- kernel=stock: OpenComputers' own kernel has no site 13 (not counted)
    one-array-r4-S-stock SMOKE| MILESTONE cap-1-refusal-caught-machine-survives: PASS -- shape=array OCLJCAP=done/283/not_enough_memory running=true lastError=<null>
one-array-r4-D-C exit=0 CLASS=CLEAN APACITY| shape=array native=additive jit=on jitearly=- tier=192KB scale=1.8 kernelMemory=164923 held=791 why=not_enough_memory t_first5=0.0007 t_last5=0.0018 batches=8 last/first=2.57 freeKB_at_end/totalKB=0/192 arms=+48 refusals=+1 trace_flushes=+5 fill_ms=1476 queued=true running=true lastError=<null>
    one-array-r4-D-C CAP-IDLE| ticks=400 arms=+21 collects=+21 bailouts=+0 refusals=+0 trace_flushes=+0 trace_flush_bytes=+0 park_resets=+0 traces_live 57 -> 67 armed=0 state=0 stepmul=200 threshold=824000 gctotal=419435 ccap=518818 cused=419435 parked=false wallstats=present running=true
    one-array-r4-D-C CAP-LIVE| used=412457 kernelMemory=164923 user=247534 count(3 collects)=412473/412409/412409 total=518818 traces_live=67
    one-array-r4-D-C CAP-GC| collects=+48 bailouts=+0 overdrafts=+260 od_peak=16255 od_state=0 park_resets=+0 od_limit=32768 kslice=16384 gc_low=388185 armby=0 window=n/a lends=+n/a win=n/a refused=n/a end: armed=0 state=0 stepmul=200 threshold=776200 gctotal=419525 ccap=518818 cused=419525 parked=false
    one-array-r4-D-C CAP-X| batch=100 junk=24 OCLJCAPX=8/700/0/0 traces(start/abort) 344/189 -> 425/203 class=CLEAN site=-
    one-array-r4-D-C SMOKE| MILESTONE km-1-kernel-init-compiles-nothing: PASS -- traces live at the kernelMemory baseline = 0; kernelMemory=164923
    one-array-r4-D-C SMOKE| MILESTONE cap-1-refusal-caught-machine-survives: PASS -- shape=array OCLJCAP=done/791/not_enough_memory running=true lastError=<null>
one-array-r4-D-W exit=0 CLASS=CLEAN APACITY| shape=array native=additive jit=on jitearly=- tier=192KB scale=1.8 kernelMemory=164923 held=792 why=not_enough_memory t_first5=0.0009 t_last5=0.0042 batches=8 last/first=4.67 freeKB_at_end/totalKB=0/192 arms=+54 refusals=+1 trace_flushes=+5 fill_ms=1484 queued=true running=true lastError=<null>
    one-array-r4-D-W CAP-IDLE| ticks=400 arms=+20 collects=+20 bailouts=+0 refusals=+0 trace_flushes=+0 trace_flush_bytes=+0 park_resets=+0 traces_live 59 -> 74 armed=0 state=0 stepmul=200 threshold=840800 gctotal=451803 ccap=518818 cused=451803 parked=false wallstats=present running=true
    one-array-r4-D-W CAP-LIVE| used=419429 kernelMemory=164923 user=254506 count(3 collects)=419381/419381/419381 total=518818 traces_live=74
    one-array-r4-D-W CAP-GC| collects=+54 bailouts=+0 overdrafts=+326 od_peak=16579 od_state=0 park_resets=+0 od_limit=32768 kslice=16384 gc_low=390125 armby=0 window=4096 lends=+4 win=0 refused=52 end: armed=0 state=0 stepmul=200 threshold=783800 gctotal=408161 ccap=518818 cused=408161 parked=false
    one-array-r4-D-W CAP-X| batch=100 junk=24 OCLJCAPX=8/700/0/0 traces(start/abort) 343/183 -> 430/199 class=CLEAN site=-
    one-array-r4-D-W SMOKE| MILESTONE km-1-kernel-init-compiles-nothing: PASS -- traces live at the kernelMemory baseline = 0; kernelMemory=164923
    one-array-r4-D-W SMOKE| MILESTONE cap-1-refusal-caught-machine-survives: PASS -- shape=array OCLJCAP=done/792/not_enough_memory running=true lastError=<null>
one-array-r4-O-C exit=0 CLASS=CLEAN APACITY| shape=array native=additive jit=off jitearly=off tier=192KB scale=1.8 kernelMemory=164923 held=869 why=not_enough_memory t_first5=0.0006 t_last5=0.0045 batches=9 last/first=7.50 freeKB_at_end/totalKB=0/192 arms=+35 refusals=+1 trace_flushes=+0 fill_ms=1487 queued=true running=true lastError=<null>
    one-array-r4-O-C CAP-IDLE| ticks=400 arms=+1 collects=+1 bailouts=+0 refusals=+0 trace_flushes=+0 trace_flush_bytes=+0 park_resets=+0 traces_live 0 -> 0 armed=0 state=0 stepmul=200 threshold=706000 gctotal=375209 ccap=518818 cused=375209 parked=false wallstats=present running=true
    one-array-r4-O-C CAP-LIVE| used=353495 kernelMemory=164923 user=188572 count(3 collects)=353511/353447/353447 total=518818 traces_live=0
    one-array-r4-O-C CAP-GC| collects=+35 bailouts=+0 overdrafts=+559 od_peak=16301 od_state=0 park_resets=+0 od_limit=32768 kslice=16384 gc_low=349839 armby=1 window=n/a lends=+n/a win=n/a refused=n/a end: armed=0 state=0 stepmul=200 threshold=699600 gctotal=357255 ccap=518818 cused=357255 parked=false
    one-array-r4-O-C CAP-X| batch=100 junk=24 OCLJCAPX=9/800/0/0 traces(start/abort) 0/0 -> 0/0 class=CLEAN site=-
    one-array-r4-O-C SMOKE| MILESTONE km-1-kernel-init-compiles-nothing: PASS -- traces live at the kernelMemory baseline = 0; kernelMemory=164923
    one-array-r4-O-C SMOKE| MILESTONE cap-1-refusal-caught-machine-survives: PASS -- shape=array OCLJCAP=done/869/not_enough_memory running=true lastError=<null>
one-array-r4-O-W exit=0 CLASS=CLEAN APACITY| shape=array native=additive jit=off jitearly=off tier=192KB scale=1.8 kernelMemory=164923 held=869 why=not_enough_memory t_first5=0.0011 t_last5=0.0032 batches=9 last/first=2.91 freeKB_at_end/totalKB=0/192 arms=+41 refusals=+1 trace_flushes=+0 fill_ms=1494 queued=true running=true lastError=<null>
    one-array-r4-O-W CAP-IDLE| ticks=400 arms=+1 collects=+1 bailouts=+0 refusals=+0 trace_flushes=+0 trace_flush_bytes=+0 park_resets=+0 traces_live 0 -> 0 armed=0 state=0 stepmul=200 threshold=706800 gctotal=360825 ccap=518818 cused=360825 parked=false wallstats=present running=true
    one-array-r4-O-W CAP-LIVE| used=353847 kernelMemory=164923 user=188924 count(3 collects)=353863/353799/353799 total=518818 traces_live=0
    one-array-r4-O-W CAP-GC| collects=+41 bailouts=+0 overdrafts=+568 od_peak=16485 od_state=0 park_resets=+0 od_limit=32768 kslice=16384 gc_low=350191 armby=1 window=4096 lends=+5 win=0 refused=52 end: armed=0 state=0 stepmul=200 threshold=700200 gctotal=380343 ccap=518818 cused=380343 parked=false
    one-array-r4-O-W CAP-X| batch=100 junk=24 OCLJCAPX=9/800/0/0 traces(start/abort) 0/0 -> 0/0 class=CLEAN site=-
    one-array-r4-O-W SMOKE| MILESTONE km-1-kernel-init-compiles-nothing: PASS -- traces live at the kernelMemory baseline = 0; kernelMemory=164923
    one-array-r4-O-W SMOKE| MILESTONE cap-1-refusal-caught-machine-survives: PASS -- shape=array OCLJCAP=done/869/not_enough_memory running=true lastError=<null>
one-string-r4-S-stock exit=0 CLASS=CLEAN APACITY| shape=string native=stock jit=on jitearly=- tier=192KB scale=1.8 kernelMemory=174605 held=1024 why=not_enough_memory t_first5=0.0015 t_last5=0.0021 batches=11 last/first=1.40 freeKB_at_end/totalKB=3/192 arms=+n/a refusals=+n/a trace_flushes=+n/a fill_ms=1483 queued=true running=true lastError=<null>
    one-string-r4-S-stock CAP-IDLE| ticks=400 arms=+n/a collects=+n/a bailouts=+n/a refusals=+n/a trace_flushes=+n/a trace_flush_bytes=+n/a park_resets=+n/a traces_live -1 -> -1 armed=n/a state=n/a stepmul=n/a threshold=n/a gctotal=n/a ccap=n/a cused=n/a parked=false wallstats=n/a running=true
    one-string-r4-S-stock CAP-LIVE| used=431559 kernelMemory=174605 user=256954 count(3 collects)=433954/433954/433954 total=528500 traces_live=-1
    one-string-r4-S-stock CAP-GC| collects=+n/a bailouts=+n/a overdrafts=+n/a od_peak=n/a od_state=n/a park_resets=+n/a od_limit=n/a kslice=n/a gc_low=n/a armby=n/a window=n/a lends=+n/a win=n/a refused=n/a end: armed=n/a state=n/a stepmul=n/a threshold=n/a gctotal=n/a ccap=n/a cused=n/a parked=false
    one-string-r4-S-stock CAP-X| batch=100 junk=24 OCLJCAPX=11/1000/0/0 traces(start/abort) n/a -> n/a class=CLEAN site=-
    one-string-r4-S-stock SMOKE| MILESTONE km-1-kernel-init-compiles-nothing: SKIP -- kernel=stock: OpenComputers' own kernel has no site 13 (not counted)
    one-string-r4-S-stock SMOKE| MILESTONE cap-1-refusal-caught-machine-survives: PASS -- shape=string OCLJCAP=done/1024/not_enough_memory running=true lastError=<null>
one-string-r4-D-C exit=0 CLASS=CLEAN APACITY| shape=string native=additive jit=on jitearly=- tier=192KB scale=1.8 kernelMemory=164923 held=2048 why=not_enough_memory t_first5=0.0011 t_last5=0.0021 batches=21 last/first=1.91 freeKB_at_end/totalKB=0/192 arms=+59 refusals=+1 trace_flushes=+13 fill_ms=1735 queued=true running=true lastError=<null>
    one-string-r4-D-C CAP-IDLE| ticks=400 arms=+20 collects=+20 bailouts=+0 refusals=+0 trace_flushes=+0 trace_flush_bytes=+0 park_resets=+0 traces_live 45 -> 64 armed=0 state=0 stepmul=200 threshold=818800 gctotal=431562 ccap=518818 cused=431562 parked=false wallstats=present running=true
    one-string-r4-D-C CAP-LIVE| used=409848 kernelMemory=164923 user=244925 count(3 collects)=409864/409800/409800 total=518818 traces_live=64
    one-string-r4-D-C CAP-GC| collects=+59 bailouts=+0 overdrafts=+651 od_peak=12258 od_state=0 park_resets=+0 od_limit=32768 kslice=16384 gc_low=401149 armby=0 window=n/a lends=+n/a win=n/a refused=n/a end: armed=0 state=0 stepmul=200 threshold=802200 gctotal=430677 ccap=518818 cused=430677 parked=false
    one-string-r4-D-C CAP-X| batch=100 junk=24 OCLJCAPX=21/2000/0/0 traces(start/abort) 340/183 -> 471/214 class=CLEAN site=-
    one-string-r4-D-C SMOKE| MILESTONE km-1-kernel-init-compiles-nothing: PASS -- traces live at the kernelMemory baseline = 0; kernelMemory=164923
    one-string-r4-D-C SMOKE| MILESTONE cap-1-refusal-caught-machine-survives: PASS -- shape=string OCLJCAP=done/2048/not_enough_memory running=true lastError=<null>
one-string-r4-D-W exit=0 CLASS=CLEAN APACITY| shape=string native=additive jit=on jitearly=- tier=192KB scale=1.8 kernelMemory=164923 held=2048 why=not_enough_memory t_first5=0.0004 t_last5=0.0036 batches=21 last/first=9.00 freeKB_at_end/totalKB=0/192 arms=+74 refusals=+1 trace_flushes=+11 fill_ms=1742 queued=true running=true lastError=<null>
    one-string-r4-D-W CAP-IDLE| ticks=400 arms=+20 collects=+20 bailouts=+0 refusals=+0 trace_flushes=+0 trace_flush_bytes=+0 park_resets=+0 traces_live 51 -> 64 armed=0 state=0 stepmul=200 threshold=819800 gctotal=417990 ccap=518818 cused=417990 parked=false wallstats=present running=true
    one-string-r4-D-W CAP-LIVE| used=410380 kernelMemory=164923 user=245457 count(3 collects)=410396/410332/410332 total=518818 traces_live=64
    one-string-r4-D-W CAP-GC| collects=+74 bailouts=+0 overdrafts=+690 od_peak=10850 od_state=0 park_resets=+0 od_limit=32768 kslice=16384 gc_low=409993 armby=0 window=4096 lends=+0 win=0 refused=16384 end: armed=0 state=0 stepmul=200 threshold=821400 gctotal=426149 ccap=518818 cused=426149 parked=false
    one-string-r4-D-W CAP-X| batch=100 junk=24 OCLJCAPX=21/2000/0/0 traces(start/abort) 334/189 -> 461/212 class=CLEAN site=-
    one-string-r4-D-W SMOKE| MILESTONE km-1-kernel-init-compiles-nothing: PASS -- traces live at the kernelMemory baseline = 0; kernelMemory=164923
    one-string-r4-D-W SMOKE| MILESTONE cap-1-refusal-caught-machine-survives: PASS -- shape=string OCLJCAP=done/2048/not_enough_memory running=true lastError=<null>
one-string-r4-O-C exit=0 CLASS=CLEAN APACITY| shape=string native=additive jit=off jitearly=off tier=192KB scale=1.8 kernelMemory=164923 held=2485 why=not_enough_memory t_first5=0.0010 t_last5=0.0040 batches=25 last/first=4.00 freeKB_at_end/totalKB=0/192 arms=+86 refusals=+2 trace_flushes=+0 fill_ms=1739 queued=true running=true lastError=<null>
    one-string-r4-O-C CAP-IDLE| ticks=400 arms=+0 collects=+0 bailouts=+0 refusals=+0 trace_flushes=+0 trace_flush_bytes=+0 park_resets=+0 traces_live 0 -> 0 armed=0 state=0 stepmul=200 threshold=706400 gctotal=432520 ccap=518818 cused=432520 parked=false wallstats=present running=true
    one-string-r4-O-C CAP-LIVE| used=353686 kernelMemory=164923 user=188763 count(3 collects)=353638/353638/353638 total=518818 traces_live=0
    one-string-r4-O-C CAP-GC| collects=+86 bailouts=+0 overdrafts=+2500 od_peak=32760 od_state=0 park_resets=+0 od_limit=32768 kslice=16384 gc_low=366499 armby=0 window=n/a lends=+n/a win=n/a refused=n/a end: armed=0 state=0 stepmul=200 threshold=732800 gctotal=373923 ccap=518818 cused=373923 parked=false
    one-string-r4-O-C CAP-X| batch=100 junk=24 OCLJCAPX=25/2400/1/0 traces(start/abort) 0/0 -> 0/0 class=CLEAN site=-
    one-string-r4-O-C SMOKE| MILESTONE km-1-kernel-init-compiles-nothing: PASS -- traces live at the kernelMemory baseline = 0; kernelMemory=164923
    one-string-r4-O-C SMOKE| MILESTONE cap-1-refusal-caught-machine-survives: PASS -- shape=string OCLJCAP=done/2485/not_enough_memory running=true lastError=<null>
one-string-r4-O-W exit=0 CLASS=CLEAN APACITY| shape=string native=additive jit=off jitearly=off tier=192KB scale=1.8 kernelMemory=164923 held=2215 why=not_enough_memory t_first5=0.0012 t_last5=0.0047 batches=23 last/first=3.92 freeKB_at_end/totalKB=0/192 arms=+106 refusals=+1 trace_flushes=+0 fill_ms=1739 queued=true running=true lastError=<null>
    one-string-r4-O-W CAP-IDLE| ticks=400 arms=+1 collects=+1 bailouts=+0 refusals=+0 trace_flushes=+0 trace_flush_bytes=+0 park_resets=+0 traces_live 0 -> 0 armed=0 state=0 stepmul=200 threshold=706400 gctotal=360664 ccap=518818 cused=360664 parked=false wallstats=present running=true
    one-string-r4-O-W CAP-LIVE| used=353686 kernelMemory=164923 user=188763 count(3 collects)=353702/353638/353638 total=518818 traces_live=0
    one-string-r4-O-W CAP-GC| collects=+106 bailouts=+0 overdrafts=+1105 od_peak=16484 od_state=0 park_resets=+0 od_limit=32768 kslice=16384 gc_low=366435 armby=0 window=4096 lends=+15 win=0 refused=52 end: armed=0 state=0 stepmul=200 threshold=732800 gctotal=374555 ccap=518818 cused=374555 parked=false
    one-string-r4-O-W CAP-X| batch=100 junk=24 OCLJCAPX=23/2200/0/0 traces(start/abort) 0/0 -> 0/0 class=CLEAN site=-
    one-string-r4-O-W SMOKE| MILESTONE km-1-kernel-init-compiles-nothing: PASS -- traces live at the kernelMemory baseline = 0; kernelMemory=164923
    one-string-r4-O-W SMOKE| MILESTONE cap-1-refusal-caught-machine-survives: PASS -- shape=string OCLJCAP=done/2215/not_enough_memory running=true lastError=<null>
one-closure-r4-S-stock exit=0 CLASS=CLEAN APACITY| shape=closure native=stock jit=on jitearly=- tier=192KB scale=1.8 kernelMemory=174605 held=502 why=not_enough_memory t_first5=0.0021 t_last5=0.0022 batches=6 last/first=1.05 freeKB_at_end/totalKB=0/192 arms=+n/a refusals=+n/a trace_flushes=+n/a fill_ms=1489 queued=true running=true lastError=<null>
    one-closure-r4-S-stock CAP-IDLE| ticks=400 arms=+n/a collects=+n/a bailouts=+n/a refusals=+n/a trace_flushes=+n/a trace_flush_bytes=+n/a park_resets=+n/a traces_live -1 -> -1 armed=n/a state=n/a stepmul=n/a threshold=n/a gctotal=n/a ccap=n/a cused=n/a parked=false wallstats=n/a running=true
    one-closure-r4-S-stock CAP-LIVE| used=431839 kernelMemory=174605 user=257234 count(3 collects)=434234/434234/434234 total=528500 traces_live=-1
    one-closure-r4-S-stock CAP-GC| collects=+n/a bailouts=+n/a overdrafts=+n/a od_peak=n/a od_state=n/a park_resets=+n/a od_limit=n/a kslice=n/a gc_low=n/a armby=n/a window=n/a lends=+n/a win=n/a refused=n/a end: armed=n/a state=n/a stepmul=n/a threshold=n/a gctotal=n/a ccap=n/a cused=n/a parked=false
    one-closure-r4-S-stock CAP-X| batch=100 junk=24 OCLJCAPX=6/500/2/0 traces(start/abort) n/a -> n/a class=CLEAN site=-
    one-closure-r4-S-stock SMOKE| MILESTONE km-1-kernel-init-compiles-nothing: SKIP -- kernel=stock: OpenComputers' own kernel has no site 13 (not counted)
    one-closure-r4-S-stock SMOKE| MILESTONE cap-1-refusal-caught-machine-survives: PASS -- shape=closure OCLJCAP=done/502/not_enough_memory running=true lastError=<null>
one-closure-r4-D-C exit=0 CLASS=CLEAN APACITY| shape=closure native=additive jit=on jitearly=- tier=192KB scale=1.8 kernelMemory=164923 held=771 why=not_enough_memory t_first5=0.0007 t_last5=0.0021 batches=8 last/first=3.00 freeKB_at_end/totalKB=0/192 arms=+45 refusals=+1 trace_flushes=+5 fill_ms=1490 queued=true running=true lastError=<null>
    one-closure-r4-D-C CAP-IDLE| ticks=400 arms=+20 collects=+20 bailouts=+0 refusals=+0 trace_flushes=+0 trace_flush_bytes=+0 park_resets=+0 traces_live 28 -> 65 armed=0 state=0 stepmul=200 threshold=823000 gctotal=423112 ccap=518818 cused=423112 parked=false wallstats=present running=true
    one-closure-r4-D-C CAP-LIVE| used=411402 kernelMemory=164923 user=246479 count(3 collects)=411354/411354/411354 total=518818 traces_live=65
    one-closure-r4-D-C CAP-GC| collects=+45 bailouts=+0 overdrafts=+869 od_peak=16352 od_state=0 park_resets=+0 od_limit=32768 kslice=16384 gc_low=389005 armby=0 window=n/a lends=+n/a win=n/a refused=n/a end: armed=0 state=0 stepmul=200 threshold=778000 gctotal=389289 ccap=518818 cused=389289 parked=false
    one-closure-r4-D-C CAP-X| batch=100 junk=24 OCLJCAPX=8/700/0/0 traces(start/abort) 380/210 -> 467/239 class=CLEAN site=-
    one-closure-r4-D-C SMOKE| MILESTONE km-1-kernel-init-compiles-nothing: PASS -- traces live at the kernelMemory baseline = 0; kernelMemory=164923
    one-closure-r4-D-C SMOKE| MILESTONE cap-1-refusal-caught-machine-survives: PASS -- shape=closure OCLJCAP=done/771/not_enough_memory running=true lastError=<null>
one-closure-r4-D-W exit=0 CLASS=CLEAN APACITY| shape=closure native=additive jit=on jitearly=- tier=192KB scale=1.8 kernelMemory=164923 held=766 why=not_enough_memory t_first5=0.0010 t_last5=0.0032 batches=8 last/first=3.20 freeKB_at_end/totalKB=0/192 arms=+51 refusals=+1 trace_flushes=+6 fill_ms=1490 queued=true running=true lastError=<null>
    one-closure-r4-D-W CAP-IDLE| ticks=400 arms=+20 collects=+20 bailouts=+0 refusals=+0 trace_flushes=+0 trace_flush_bytes=+0 park_resets=+0 traces_live 60 -> 67 armed=0 state=0 stepmul=200 threshold=834600 gctotal=446540 ccap=518818 cused=446540 parked=false wallstats=present running=true
    one-closure-r4-D-W CAP-LIVE| used=416422 kernelMemory=164923 user=251499 count(3 collects)=416438/416374/416374 total=518818 traces_live=67
    one-closure-r4-D-W CAP-GC| collects=+51 bailouts=+0 overdrafts=+853 od_peak=16536 od_state=0 park_resets=+0 od_limit=32768 kslice=16384 gc_low=388737 armby=0 window=4096 lends=+7 win=0 refused=52 end: armed=0 state=0 stepmul=200 threshold=777400 gctotal=404153 ccap=518818 cused=404153 parked=false
    one-closure-r4-D-W CAP-X| batch=100 junk=24 OCLJCAPX=8/700/0/0 traces(start/abort) 343/197 -> 429/226 class=CLEAN site=-
    one-closure-r4-D-W SMOKE| MILESTONE km-1-kernel-init-compiles-nothing: PASS -- traces live at the kernelMemory baseline = 0; kernelMemory=164923
    one-closure-r4-D-W SMOKE| MILESTONE cap-1-refusal-caught-machine-survives: PASS -- shape=closure OCLJCAP=done/766/not_enough_memory running=true lastError=<null>
one-closure-r4-O-C exit=0 CLASS=CLEAN APACITY| shape=closure native=additive jit=off jitearly=off tier=192KB scale=1.8 kernelMemory=164923 held=832 why=not_enough_memory t_first5=0.0008 t_last5=0.0054 batches=9 last/first=6.75 freeKB_at_end/totalKB=0/192 arms=+39 refusals=+1 trace_flushes=+0 fill_ms=1509 queued=true running=true lastError=<null>
    one-closure-r4-O-C CAP-IDLE| ticks=400 arms=+0 collects=+0 bailouts=+0 refusals=+0 trace_flushes=+0 trace_flush_bytes=+0 park_resets=+0 traces_live 0 -> 0 armed=0 state=0 stepmul=200 threshold=708000 gctotal=432766 ccap=518818 cused=432766 parked=false wallstats=present running=true
    one-closure-r4-O-C CAP-LIVE| used=354444 kernelMemory=164923 user=189521 count(3 collects)=354396/354396/354396 total=518818 traces_live=0
    one-closure-r4-O-C CAP-GC| collects=+39 bailouts=+0 overdrafts=+705 od_peak=16338 od_state=0 park_resets=+0 od_limit=32768 kslice=16384 gc_low=350671 armby=1 window=n/a lends=+n/a win=n/a refused=n/a end: armed=0 state=0 stepmul=200 threshold=701200 gctotal=372823 ccap=518818 cused=372823 parked=false
    one-closure-r4-O-C CAP-X| batch=100 junk=24 OCLJCAPX=9/800/0/0 traces(start/abort) 0/0 -> 0/0 class=CLEAN site=-
    one-closure-r4-O-C SMOKE| MILESTONE km-1-kernel-init-compiles-nothing: PASS -- traces live at the kernelMemory baseline = 0; kernelMemory=164923
    one-closure-r4-O-C SMOKE| MILESTONE cap-1-refusal-caught-machine-survives: PASS -- shape=closure OCLJCAP=done/832/not_enough_memory running=true lastError=<null>
one-closure-r4-O-W exit=0 CLASS=CLEAN APACITY| shape=closure native=additive jit=off jitearly=off tier=192KB scale=1.8 kernelMemory=164923 held=835 why=not_enough_memory t_first5=0.0011 t_last5=0.0041 batches=9 last/first=3.73 freeKB_at_end/totalKB=0/192 arms=+43 refusals=+1 trace_flushes=+0 fill_ms=1488 queued=true running=true lastError=<null>
    one-closure-r4-O-W CAP-IDLE| ticks=400 arms=+0 collects=+0 bailouts=+0 refusals=+0 trace_flushes=+0 trace_flush_bytes=+0 park_resets=+0 traces_live 0 -> 0 armed=0 state=0 stepmul=200 threshold=706800 gctotal=353754 ccap=518818 cused=353754 parked=false wallstats=present running=true
    one-closure-r4-O-W CAP-LIVE| used=353888 kernelMemory=164923 user=188965 count(3 collects)=353840/353840/353840 total=518818 traces_live=0
    one-closure-r4-O-W CAP-GC| collects=+43 bailouts=+0 overdrafts=+704 od_peak=16458 od_state=0 park_resets=+0 od_limit=32768 kslice=16384 gc_low=350115 armby=1 window=4096 lends=+2 win=0 refused=52 end: armed=0 state=0 stepmul=200 threshold=700200 gctotal=372899 ccap=518818 cused=372899 parked=false
    one-closure-r4-O-W CAP-X| batch=100 junk=24 OCLJCAPX=9/800/0/0 traces(start/abort) 0/0 -> 0/0 class=CLEAN site=-
    one-closure-r4-O-W SMOKE| MILESTONE km-1-kernel-init-compiles-nothing: PASS -- traces live at the kernelMemory baseline = 0; kernelMemory=164923
    one-closure-r4-O-W SMOKE| MILESTONE cap-1-refusal-caught-machine-survives: PASS -- shape=closure OCLJCAP=done/835/not_enough_memory running=true lastError=<null>
one-record-r5-S-stock exit=0 CLASS=CLEAN APACITY| shape=record native=stock jit=on jitearly=- tier=192KB scale=1.8 kernelMemory=174605 held=259 why=not_enough_memory t_first5=0.0028 t_last5=0.0028 batches=3 last/first=1.00 freeKB_at_end/totalKB=0/192 arms=+n/a refusals=+n/a trace_flushes=+n/a fill_ms=1498 queued=true running=true lastError=<null>
    one-record-r5-S-stock CAP-IDLE| ticks=400 arms=+n/a collects=+n/a bailouts=+n/a refusals=+n/a trace_flushes=+n/a trace_flush_bytes=+n/a park_resets=+n/a traces_live -1 -> -1 armed=n/a state=n/a stepmul=n/a threshold=n/a gctotal=n/a ccap=n/a cused=n/a parked=false wallstats=n/a running=true
    one-record-r5-S-stock CAP-LIVE| used=431798 kernelMemory=174605 user=257193 count(3 collects)=434193/434193/434193 total=528500 traces_live=-1
    one-record-r5-S-stock CAP-GC| collects=+n/a bailouts=+n/a overdrafts=+n/a od_peak=n/a od_state=n/a park_resets=+n/a od_limit=n/a kslice=n/a gc_low=n/a armby=n/a window=n/a lends=+n/a win=n/a refused=n/a end: armed=n/a state=n/a stepmul=n/a threshold=n/a gctotal=n/a ccap=n/a cused=n/a parked=false
    one-record-r5-S-stock CAP-X| batch=100 junk=24 OCLJCAPX=3/200/0/0 traces(start/abort) n/a -> n/a class=CLEAN site=-
    one-record-r5-S-stock SMOKE| MILESTONE km-1-kernel-init-compiles-nothing: SKIP -- kernel=stock: OpenComputers' own kernel has no site 13 (not counted)
    one-record-r5-S-stock SMOKE| MILESTONE cap-1-refusal-caught-machine-survives: PASS -- shape=record OCLJCAP=done/259/not_enough_memory running=true lastError=<null>
one-record-r5-D-C exit=0 CLASS=CLEAN APACITY| shape=record native=additive jit=on jitearly=- tier=192KB scale=1.8 kernelMemory=164923 held=544 why=not_enough_memory t_first5=0.0019 t_last5=0.0035 batches=6 last/first=1.84 freeKB_at_end/totalKB=0/192 arms=+42 refusals=+1 trace_flushes=+5 fill_ms=1484 queued=true running=true lastError=<null>
    one-record-r5-D-C CAP-IDLE| ticks=400 arms=+21 collects=+21 bailouts=+0 refusals=+0 trace_flushes=+0 trace_flush_bytes=+0 park_resets=+0 traces_live 54 -> 63 armed=0 state=0 stepmul=200 threshold=824800 gctotal=435192 ccap=518818 cused=435192 parked=false wallstats=present running=true
    one-record-r5-D-C CAP-LIVE| used=412846 kernelMemory=164923 user=247923 count(3 collects)=412862/412798/412798 total=518818 traces_live=63
    one-record-r5-D-C CAP-GC| collects=+42 bailouts=+0 overdrafts=+541 od_peak=16368 od_state=0 park_resets=+0 od_limit=32768 kslice=16384 gc_low=396245 armby=0 window=n/a lends=+n/a win=n/a refused=n/a end: armed=0 state=0 stepmul=200 threshold=793400 gctotal=405525 ccap=518818 cused=405525 parked=false
    one-record-r5-D-C CAP-X| batch=100 junk=24 OCLJCAPX=6/500/0/0 traces(start/abort) 355/203 -> 440/220 class=CLEAN site=-
    one-record-r5-D-C SMOKE| MILESTONE km-1-kernel-init-compiles-nothing: PASS -- traces live at the kernelMemory baseline = 0; kernelMemory=164923
    one-record-r5-D-C SMOKE| MILESTONE cap-1-refusal-caught-machine-survives: PASS -- shape=record OCLJCAP=done/544/not_enough_memory running=true lastError=<null>
one-record-r5-D-W exit=0 CLASS=CLEAN APACITY| shape=record native=additive jit=on jitearly=- tier=192KB scale=1.8 kernelMemory=164923 held=544 why=not_enough_memory t_first5=0.0019 t_last5=0.0030 batches=6 last/first=1.58 freeKB_at_end/totalKB=0/192 arms=+50 refusals=+1 trace_flushes=+5 fill_ms=1493 queued=true running=true lastError=<null>
    one-record-r5-D-W CAP-IDLE| ticks=400 arms=+23 collects=+23 bailouts=+0 refusals=+0 trace_flushes=+1 trace_flush_bytes=+82044 park_resets=+0 traces_live 96 -> 61 armed=0 state=0 stepmul=200 threshold=823600 gctotal=423812 ccap=518818 cused=423812 parked=false wallstats=present running=true
    one-record-r5-D-W CAP-LIVE| used=411950 kernelMemory=164923 user=247027 count(3 collects)=411966/411902/411902 total=518818 traces_live=61
    one-record-r5-D-W CAP-GC| collects=+50 bailouts=+0 overdrafts=+557 od_peak=16656 od_state=0 park_resets=+0 od_limit=32768 kslice=16384 gc_low=389993 armby=0 window=4096 lends=+11 win=0 refused=52 end: armed=0 state=0 stepmul=200 threshold=780800 gctotal=406009 ccap=518818 cused=406009 parked=false
    one-record-r5-D-W CAP-X| batch=100 junk=24 OCLJCAPX=6/500/0/0 traces(start/abort) 359/202 -> 435/217 class=CLEAN site=-
    one-record-r5-D-W SMOKE| MILESTONE km-1-kernel-init-compiles-nothing: PASS -- traces live at the kernelMemory baseline = 0; kernelMemory=164923
    one-record-r5-D-W SMOKE| MILESTONE cap-1-refusal-caught-machine-survives: PASS -- shape=record OCLJCAP=done/544/not_enough_memory running=true lastError=<null>
one-record-r5-O-C exit=0 CLASS=CLEAN APACITY| shape=record native=additive jit=off jitearly=off tier=192KB scale=1.8 kernelMemory=164923 held=659 why=not_enough_memory t_first5=0.0016 t_last5=0.0049 batches=7 last/first=3.06 freeKB_at_end/totalKB=0/192 arms=+44 refusals=+2 trace_flushes=+0 fill_ms=1495 queued=true running=true lastError=<null>
    one-record-r5-O-C CAP-IDLE| ticks=400 arms=+0 collects=+0 bailouts=+0 refusals=+0 trace_flushes=+0 trace_flush_bytes=+0 park_resets=+0 traces_live 0 -> 0 armed=0 state=0 stepmul=200 threshold=707000 gctotal=434410 ccap=518818 cused=434410 parked=false wallstats=present running=true
    one-record-r5-O-C CAP-LIVE| used=354016 kernelMemory=164923 user=189093 count(3 collects)=353968/353968/353968 total=518818 traces_live=0
    one-record-r5-O-C CAP-GC| collects=+44 bailouts=+0 overdrafts=+874 od_peak=32750 od_state=0 park_resets=+0 od_limit=32768 kslice=16384 gc_low=350047 armby=1 window=n/a lends=+n/a win=n/a refused=n/a end: armed=0 state=0 stepmul=200 threshold=700000 gctotal=372199 ccap=518818 cused=372199 parked=false
    one-record-r5-O-C CAP-X| batch=100 junk=24 OCLJCAPX=7/600/1/0 traces(start/abort) 0/0 -> 0/0 class=CLEAN site=-
    one-record-r5-O-C SMOKE| MILESTONE km-1-kernel-init-compiles-nothing: PASS -- traces live at the kernelMemory baseline = 0; kernelMemory=164923
    one-record-r5-O-C SMOKE| MILESTONE cap-1-refusal-caught-machine-survives: PASS -- shape=record OCLJCAP=done/659/not_enough_memory running=true lastError=<null>
one-record-r5-O-W exit=0 CLASS=CLEAN APACITY| shape=record native=additive jit=off jitearly=off tier=192KB scale=1.8 kernelMemory=164923 held=603 why=not_enough_memory t_first5=0.0018 t_last5=0.0045 batches=7 last/first=2.50 freeKB_at_end/totalKB=0/192 arms=+81 refusals=+1 trace_flushes=+0 fill_ms=1502 queued=true running=true lastError=<null>
    one-record-r5-O-W CAP-IDLE| ticks=400 arms=+1 collects=+1 bailouts=+0 refusals=+0 trace_flushes=+0 trace_flush_bytes=+0 park_resets=+0 traces_live 0 -> 0 armed=0 state=0 stepmul=200 threshold=707000 gctotal=375730 ccap=518818 cused=375730 parked=false wallstats=present running=true
    one-record-r5-O-W CAP-LIVE| used=354016 kernelMemory=164923 user=189093 count(3 collects)=354032/353968/353968 total=518818 traces_live=0
    one-record-r5-O-W CAP-GC| collects=+81 bailouts=+0 overdrafts=+676 od_peak=16614 od_state=0 park_resets=+0 od_limit=32768 kslice=16384 gc_low=350047 armby=1 window=4096 lends=+22 win=0 refused=52 end: armed=0 state=0 stepmul=200 threshold=700000 gctotal=350963 ccap=518818 cused=350963 parked=false
    one-record-r5-O-W CAP-X| batch=100 junk=24 OCLJCAPX=7/600/0/0 traces(start/abort) 0/0 -> 0/0 class=CLEAN site=-
    one-record-r5-O-W SMOKE| MILESTONE km-1-kernel-init-compiles-nothing: PASS -- traces live at the kernelMemory baseline = 0; kernelMemory=164923
    one-record-r5-O-W SMOKE| MILESTONE cap-1-refusal-caught-machine-survives: PASS -- shape=record OCLJCAP=done/603/not_enough_memory running=true lastError=<null>
one-array-r5-S-stock exit=0 CLASS=CLEAN APACITY| shape=array native=stock jit=on jitearly=- tier=192KB scale=1.8 kernelMemory=174605 held=283 why=not_enough_memory t_first5=0.0021 t_last5=0.0021 batches=3 last/first=1.00 freeKB_at_end/totalKB=0/192 arms=+n/a refusals=+n/a trace_flushes=+n/a fill_ms=1496 queued=true running=true lastError=<null>
    one-array-r5-S-stock CAP-IDLE| ticks=400 arms=+n/a collects=+n/a bailouts=+n/a refusals=+n/a trace_flushes=+n/a trace_flush_bytes=+n/a park_resets=+n/a traces_live -1 -> -1 armed=n/a state=n/a stepmul=n/a threshold=n/a gctotal=n/a ccap=n/a cused=n/a parked=false wallstats=n/a running=true
    one-array-r5-S-stock CAP-LIVE| used=431661 kernelMemory=174605 user=257056 count(3 collects)=434056/434056/434056 total=528500 traces_live=-1
    one-array-r5-S-stock CAP-GC| collects=+n/a bailouts=+n/a overdrafts=+n/a od_peak=n/a od_state=n/a park_resets=+n/a od_limit=n/a kslice=n/a gc_low=n/a armby=n/a window=n/a lends=+n/a win=n/a refused=n/a end: armed=n/a state=n/a stepmul=n/a threshold=n/a gctotal=n/a ccap=n/a cused=n/a parked=false
    one-array-r5-S-stock CAP-X| batch=100 junk=24 OCLJCAPX=3/200/0/0 traces(start/abort) n/a -> n/a class=CLEAN site=-
    one-array-r5-S-stock SMOKE| MILESTONE km-1-kernel-init-compiles-nothing: SKIP -- kernel=stock: OpenComputers' own kernel has no site 13 (not counted)
    one-array-r5-S-stock SMOKE| MILESTONE cap-1-refusal-caught-machine-survives: PASS -- shape=array OCLJCAP=done/283/not_enough_memory running=true lastError=<null>
one-array-r5-D-C exit=0 CLASS=CLEAN APACITY| shape=array native=additive jit=on jitearly=- tier=192KB scale=1.8 kernelMemory=164923 held=799 why=not_enough_memory t_first5=0.0015 t_last5=0.0034 batches=8 last/first=2.27 freeKB_at_end/totalKB=0/192 arms=+50 refusals=+1 trace_flushes=+5 fill_ms=1497 queued=true running=true lastError=<null>
    one-array-r5-D-C CAP-IDLE| ticks=400 arms=+20 collects=+20 bailouts=+0 refusals=+0 trace_flushes=+0 trace_flush_bytes=+0 park_resets=+0 traces_live 73 -> 83 armed=0 state=0 stepmul=200 threshold=849000 gctotal=448607 ccap=518818 cused=448607 parked=false wallstats=present running=true
    one-array-r5-D-C CAP-LIVE| used=423489 kernelMemory=164923 user=258566 count(3 collects)=423441/423441/423441 total=518818 traces_live=83
    one-array-r5-D-C CAP-GC| collects=+50 bailouts=+0 overdrafts=+362 od_peak=16347 od_state=0 park_resets=+0 od_limit=32768 kslice=16384 gc_low=387661 armby=0 window=n/a lends=+n/a win=n/a refused=n/a end: armed=0 state=0 stepmul=200 threshold=776000 gctotal=402849 ccap=518818 cused=402849 parked=false
    one-array-r5-D-C CAP-X| batch=100 junk=24 OCLJCAPX=8/700/0/0 traces(start/abort) 354/181 -> 432/193 class=CLEAN site=-
    one-array-r5-D-C SMOKE| MILESTONE km-1-kernel-init-compiles-nothing: PASS -- traces live at the kernelMemory baseline = 0; kernelMemory=164923
    one-array-r5-D-C SMOKE| MILESTONE cap-1-refusal-caught-machine-survives: PASS -- shape=array OCLJCAP=done/799/not_enough_memory running=true lastError=<null>
one-array-r5-D-W exit=0 CLASS=CLEAN APACITY| shape=array native=additive jit=on jitearly=- tier=192KB scale=1.8 kernelMemory=164923 held=794 why=not_enough_memory t_first5=0.0008 t_last5=0.0025 batches=8 last/first=3.13 freeKB_at_end/totalKB=0/192 arms=+58 refusals=+1 trace_flushes=+5 fill_ms=1492 queued=true running=true lastError=<null>
    one-array-r5-D-W CAP-IDLE| ticks=400 arms=+20 collects=+20 bailouts=+0 refusals=+0 trace_flushes=+0 trace_flush_bytes=+0 park_resets=+0 traces_live 54 -> 68 armed=0 state=0 stepmul=200 threshold=828400 gctotal=451079 ccap=518818 cused=451079 parked=false wallstats=present running=true
    one-array-r5-D-W CAP-LIVE| used=414629 kernelMemory=164923 user=249706 count(3 collects)=414581/414581/414581 total=518818 traces_live=68
    one-array-r5-D-W CAP-GC| collects=+58 bailouts=+0 overdrafts=+377 od_peak=16731 od_state=0 park_resets=+0 od_limit=32768 kslice=16384 gc_low=396637 armby=0 window=4096 lends=+6 win=0 refused=28 end: armed=0 state=0 stepmul=200 threshold=793200 gctotal=419421 ccap=518818 cused=419421 parked=false
    one-array-r5-D-W CAP-X| batch=100 junk=24 OCLJCAPX=8/700/0/0 traces(start/abort) 337/185 -> 435/207 class=CLEAN site=-
    one-array-r5-D-W SMOKE| MILESTONE km-1-kernel-init-compiles-nothing: PASS -- traces live at the kernelMemory baseline = 0; kernelMemory=164923
    one-array-r5-D-W SMOKE| MILESTONE cap-1-refusal-caught-machine-survives: PASS -- shape=array OCLJCAP=done/794/not_enough_memory running=true lastError=<null>
one-array-r5-O-C exit=0 CLASS=CLEAN APACITY| shape=array native=additive jit=off jitearly=off tier=192KB scale=1.8 kernelMemory=164923 held=870 why=not_enough_memory t_first5=0.0008 t_last5=0.0022 batches=9 last/first=2.75 freeKB_at_end/totalKB=0/192 arms=+37 refusals=+1 trace_flushes=+0 fill_ms=1495 queued=true running=true lastError=<null>
    one-array-r5-O-C CAP-IDLE| ticks=400 arms=+0 collects=+0 bailouts=+0 refusals=+0 trace_flushes=+0 trace_flush_bytes=+0 park_resets=+0 traces_live 0 -> 0 armed=0 state=0 stepmul=200 threshold=706000 gctotal=353361 ccap=518818 cused=353361 parked=false wallstats=present running=true
    one-array-r5-O-C CAP-LIVE| used=353495 kernelMemory=164923 user=188572 count(3 collects)=353447/353447/353447 total=518818 traces_live=0
    one-array-r5-O-C CAP-GC| collects=+37 bailouts=+0 overdrafts=+563 od_peak=16333 od_state=0 park_resets=+0 od_limit=32768 kslice=16384 gc_low=349839 armby=1 window=n/a lends=+n/a win=n/a refused=n/a end: armed=0 state=0 stepmul=200 threshold=699600 gctotal=371991 ccap=518818 cused=371991 parked=false
    one-array-r5-O-C CAP-X| batch=100 junk=24 OCLJCAPX=9/800/0/0 traces(start/abort) 0/0 -> 0/0 class=CLEAN site=-
    one-array-r5-O-C SMOKE| MILESTONE km-1-kernel-init-compiles-nothing: PASS -- traces live at the kernelMemory baseline = 0; kernelMemory=164923
    one-array-r5-O-C SMOKE| MILESTONE cap-1-refusal-caught-machine-survives: PASS -- shape=array OCLJCAP=done/870/not_enough_memory running=true lastError=<null>
one-array-r5-O-W exit=0 CLASS=CLEAN APACITY| shape=array native=additive jit=off jitearly=off tier=192KB scale=1.8 kernelMemory=164923 held=870 why=not_enough_memory t_first5=0.0009 t_last5=0.0053 batches=9 last/first=5.89 freeKB_at_end/totalKB=0/192 arms=+43 refusals=+1 trace_flushes=+0 fill_ms=1498 queued=true running=true lastError=<null>
    one-array-r5-O-W CAP-IDLE| ticks=400 arms=+1 collects=+1 bailouts=+0 refusals=+0 trace_flushes=+0 trace_flush_bytes=+0 park_resets=+0 traces_live 0 -> 0 armed=0 state=0 stepmul=200 threshold=706400 gctotal=361313 ccap=518818 cused=361313 parked=false wallstats=present running=true
    one-array-r5-O-W CAP-LIVE| used=353703 kernelMemory=164923 user=188780 count(3 collects)=353719/353655/353655 total=518818 traces_live=0
    one-array-r5-O-W CAP-GC| collects=+43 bailouts=+0 overdrafts=+568 od_peak=16541 od_state=0 park_resets=+0 od_limit=32768 kslice=16384 gc_low=350047 armby=1 window=4096 lends=+6 win=0 refused=52 end: armed=0 state=0 stepmul=200 threshold=700000 gctotal=379567 ccap=518818 cused=379567 parked=false
    one-array-r5-O-W CAP-X| batch=100 junk=24 OCLJCAPX=9/800/0/0 traces(start/abort) 0/0 -> 0/0 class=CLEAN site=-
    one-array-r5-O-W SMOKE| MILESTONE km-1-kernel-init-compiles-nothing: PASS -- traces live at the kernelMemory baseline = 0; kernelMemory=164923
    one-array-r5-O-W SMOKE| MILESTONE cap-1-refusal-caught-machine-survives: PASS -- shape=array OCLJCAP=done/870/not_enough_memory running=true lastError=<null>
one-string-r5-S-stock exit=0 CLASS=CLEAN APACITY| shape=string native=stock jit=on jitearly=- tier=192KB scale=1.8 kernelMemory=174605 held=1024 why=not_enough_memory t_first5=0.0016 t_last5=0.0018 batches=11 last/first=1.13 freeKB_at_end/totalKB=3/192 arms=+n/a refusals=+n/a trace_flushes=+n/a fill_ms=1491 queued=true running=true lastError=<null>
    one-string-r5-S-stock CAP-IDLE| ticks=400 arms=+n/a collects=+n/a bailouts=+n/a refusals=+n/a trace_flushes=+n/a trace_flush_bytes=+n/a park_resets=+n/a traces_live -1 -> -1 armed=n/a state=n/a stepmul=n/a threshold=n/a gctotal=n/a ccap=n/a cused=n/a parked=false wallstats=n/a running=true
    one-string-r5-S-stock CAP-LIVE| used=431625 kernelMemory=174605 user=257020 count(3 collects)=434020/434020/434020 total=528500 traces_live=-1
    one-string-r5-S-stock CAP-GC| collects=+n/a bailouts=+n/a overdrafts=+n/a od_peak=n/a od_state=n/a park_resets=+n/a od_limit=n/a kslice=n/a gc_low=n/a armby=n/a window=n/a lends=+n/a win=n/a refused=n/a end: armed=n/a state=n/a stepmul=n/a threshold=n/a gctotal=n/a ccap=n/a cused=n/a parked=false
    one-string-r5-S-stock CAP-X| batch=100 junk=24 OCLJCAPX=11/1000/0/0 traces(start/abort) n/a -> n/a class=CLEAN site=-
    one-string-r5-S-stock SMOKE| MILESTONE km-1-kernel-init-compiles-nothing: SKIP -- kernel=stock: OpenComputers' own kernel has no site 13 (not counted)
    one-string-r5-S-stock SMOKE| MILESTONE cap-1-refusal-caught-machine-survives: PASS -- shape=string OCLJCAP=done/1024/not_enough_memory running=true lastError=<null>
one-string-r5-D-C exit=0 CLASS=CLEAN APACITY| shape=string native=additive jit=on jitearly=- tier=192KB scale=1.8 kernelMemory=164923 held=2048 why=not_enough_memory t_first5=0.0006 t_last5=0.0049 batches=21 last/first=8.17 freeKB_at_end/totalKB=0/192 arms=+77 refusals=+1 trace_flushes=+13 fill_ms=1754 queued=true running=true lastError=<null>
    one-string-r5-D-C CAP-IDLE| ticks=400 arms=+21 collects=+21 bailouts=+0 refusals=+0 trace_flushes=+0 trace_flush_bytes=+0 park_resets=+0 traces_live 55 -> 68 armed=0 state=0 stepmul=200 threshold=840400 gctotal=442402 ccap=518818 cused=442402 parked=false wallstats=present running=true
    one-string-r5-D-C CAP-LIVE| used=420688 kernelMemory=164923 user=255765 count(3 collects)=420704/420640/420640 total=518818 traces_live=68
    one-string-r5-D-C CAP-GC| collects=+77 bailouts=+0 overdrafts=+651 od_peak=11350 od_state=0 park_resets=+0 od_limit=32768 kslice=16384 gc_low=411309 armby=0 window=n/a lends=+n/a win=n/a refused=n/a end: armed=0 state=0 stepmul=200 threshold=823600 gctotal=440729 ccap=518818 cused=440729 parked=false
    one-string-r5-D-C CAP-X| batch=100 junk=24 OCLJCAPX=21/2000/0/0 traces(start/abort) 355/199 -> 492/228 class=CLEAN site=-
    one-string-r5-D-C SMOKE| MILESTONE km-1-kernel-init-compiles-nothing: PASS -- traces live at the kernelMemory baseline = 0; kernelMemory=164923
    one-string-r5-D-C SMOKE| MILESTONE cap-1-refusal-caught-machine-survives: PASS -- shape=string OCLJCAP=done/2048/not_enough_memory running=true lastError=<null>
one-string-r5-D-W exit=0 CLASS=CLEAN APACITY| shape=string native=additive jit=on jitearly=- tier=192KB scale=1.8 kernelMemory=164923 held=2048 why=not_enough_memory t_first5=0.0008 t_last5=0.0017 batches=21 last/first=2.13 freeKB_at_end/totalKB=0/192 arms=+59 refusals=+1 trace_flushes=+12 fill_ms=1742 queued=true running=true lastError=<null>
    one-string-r5-D-W CAP-IDLE| ticks=400 arms=+20 collects=+20 bailouts=+0 refusals=+0 trace_flushes=+0 trace_flush_bytes=+0 park_resets=+0 traces_live 35 -> 67 armed=0 state=0 stepmul=200 threshold=826200 gctotal=427278 ccap=518818 cused=427278 parked=false wallstats=present running=true
    one-string-r5-D-W CAP-LIVE| used=413564 kernelMemory=164923 user=248641 count(3 collects)=413580/413516/413516 total=518818 traces_live=67
    one-string-r5-D-W CAP-GC| collects=+59 bailouts=+0 overdrafts=+653 od_peak=10550 od_state=0 park_resets=+0 od_limit=32768 kslice=16384 gc_low=404685 armby=0 window=4096 lends=+0 win=0 refused=16384 end: armed=0 state=0 stepmul=200 threshold=810200 gctotal=420593 ccap=518818 cused=420593 parked=false
    one-string-r5-D-W CAP-X| batch=100 junk=24 OCLJCAPX=21/2000/0/0 traces(start/abort) 393/224 -> 524/247 class=CLEAN site=-
    one-string-r5-D-W SMOKE| MILESTONE km-1-kernel-init-compiles-nothing: PASS -- traces live at the kernelMemory baseline = 0; kernelMemory=164923
    one-string-r5-D-W SMOKE| MILESTONE cap-1-refusal-caught-machine-survives: PASS -- shape=string OCLJCAP=done/2048/not_enough_memory running=true lastError=<null>
one-string-r5-O-C exit=0 CLASS=CLEAN APACITY| shape=string native=additive jit=off jitearly=off tier=192KB scale=1.8 kernelMemory=164923 held=2485 why=not_enough_memory t_first5=0.0009 t_last5=0.0074 batches=25 last/first=8.22 freeKB_at_end/totalKB=0/192 arms=+89 refusals=+2 trace_flushes=+0 fill_ms=1741 queued=true running=true lastError=<null>
    one-string-r5-O-C CAP-IDLE| ticks=400 arms=+1 collects=+1 bailouts=+0 refusals=+0 trace_flushes=+0 trace_flush_bytes=+0 park_resets=+0 traces_live 0 -> 0 armed=0 state=0 stepmul=200 threshold=706400 gctotal=390136 ccap=518818 cused=390136 parked=false wallstats=present running=true
    one-string-r5-O-C CAP-LIVE| used=353686 kernelMemory=164923 user=188763 count(3 collects)=353638/353638/353638 total=518818 traces_live=0
    one-string-r5-O-C CAP-GC| collects=+89 bailouts=+0 overdrafts=+2500 od_peak=32760 od_state=0 park_resets=+0 od_limit=32768 kslice=16384 gc_low=366435 armby=0 window=n/a lends=+n/a win=n/a refused=n/a end: armed=0 state=0 stepmul=200 threshold=732800 gctotal=373291 ccap=518818 cused=373291 parked=false
    one-string-r5-O-C CAP-X| batch=100 junk=24 OCLJCAPX=25/2400/1/0 traces(start/abort) 0/0 -> 0/0 class=CLEAN site=-
    one-string-r5-O-C SMOKE| MILESTONE km-1-kernel-init-compiles-nothing: PASS -- traces live at the kernelMemory baseline = 0; kernelMemory=164923
    one-string-r5-O-C SMOKE| MILESTONE cap-1-refusal-caught-machine-survives: PASS -- shape=string OCLJCAP=done/2485/not_enough_memory running=true lastError=<null>
one-string-r5-O-W exit=0 CLASS=CLEAN APACITY| shape=string native=additive jit=off jitearly=off tier=192KB scale=1.8 kernelMemory=164923 held=2215 why=not_enough_memory t_first5=0.0011 t_last5=0.0068 batches=23 last/first=6.18 freeKB_at_end/totalKB=0/192 arms=+105 refusals=+1 trace_flushes=+0 fill_ms=1733 queued=true running=true lastError=<null>
    one-string-r5-O-W CAP-IDLE| ticks=400 arms=+1 collects=+1 bailouts=+0 refusals=+0 trace_flushes=+0 trace_flush_bytes=+0 park_resets=+0 traces_live 0 -> 0 armed=0 state=0 stepmul=200 threshold=706400 gctotal=426312 ccap=518818 cused=426312 parked=false wallstats=present running=true
    one-string-r5-O-W CAP-LIVE| used=353686 kernelMemory=164923 user=188763 count(3 collects)=353702/353638/353638 total=518818 traces_live=0
    one-string-r5-O-W CAP-GC| collects=+105 bailouts=+0 overdrafts=+1105 od_peak=16484 od_state=0 park_resets=+0 od_limit=32768 kslice=16384 gc_low=366435 armby=0 window=4096 lends=+15 win=0 refused=52 end: armed=0 state=0 stepmul=200 threshold=732800 gctotal=402763 ccap=518818 cused=402763 parked=false
    one-string-r5-O-W CAP-X| batch=100 junk=24 OCLJCAPX=23/2200/0/0 traces(start/abort) 0/0 -> 0/0 class=CLEAN site=-
    one-string-r5-O-W SMOKE| MILESTONE km-1-kernel-init-compiles-nothing: PASS -- traces live at the kernelMemory baseline = 0; kernelMemory=164923
    one-string-r5-O-W SMOKE| MILESTONE cap-1-refusal-caught-machine-survives: PASS -- shape=string OCLJCAP=done/2215/not_enough_memory running=true lastError=<null>
one-closure-r5-S-stock exit=0 CLASS=CLEAN APACITY| shape=closure native=stock jit=on jitearly=- tier=192KB scale=1.8 kernelMemory=174605 held=501 why=not_enough_memory t_first5=0.0015 t_last5=0.0020 batches=6 last/first=1.33 freeKB_at_end/totalKB=0/192 arms=+n/a refusals=+n/a trace_flushes=+n/a fill_ms=1492 queued=true running=true lastError=<null>
    one-closure-r5-S-stock CAP-IDLE| ticks=400 arms=+n/a collects=+n/a bailouts=+n/a refusals=+n/a trace_flushes=+n/a trace_flush_bytes=+n/a park_resets=+n/a traces_live -1 -> -1 armed=n/a state=n/a stepmul=n/a threshold=n/a gctotal=n/a ccap=n/a cused=n/a parked=false wallstats=n/a running=true
    one-closure-r5-S-stock CAP-LIVE| used=431905 kernelMemory=174605 user=257300 count(3 collects)=434300/434300/434300 total=528500 traces_live=-1
    one-closure-r5-S-stock CAP-GC| collects=+n/a bailouts=+n/a overdrafts=+n/a od_peak=n/a od_state=n/a park_resets=+n/a od_limit=n/a kslice=n/a gc_low=n/a armby=n/a window=n/a lends=+n/a win=n/a refused=n/a end: armed=n/a state=n/a stepmul=n/a threshold=n/a gctotal=n/a ccap=n/a cused=n/a parked=false
    one-closure-r5-S-stock CAP-X| batch=100 junk=24 OCLJCAPX=6/500/2/0 traces(start/abort) n/a -> n/a class=CLEAN site=-
    one-closure-r5-S-stock SMOKE| MILESTONE km-1-kernel-init-compiles-nothing: SKIP -- kernel=stock: OpenComputers' own kernel has no site 13 (not counted)
    one-closure-r5-S-stock SMOKE| MILESTONE cap-1-refusal-caught-machine-survives: PASS -- shape=closure OCLJCAP=done/501/not_enough_memory running=true lastError=<null>
one-closure-r5-D-C exit=0 CLASS=CLEAN APACITY| shape=closure native=additive jit=on jitearly=- tier=192KB scale=1.8 kernelMemory=164923 held=776 why=not_enough_memory t_first5=0.0010 t_last5=0.0023 batches=8 last/first=2.30 freeKB_at_end/totalKB=0/192 arms=+43 refusals=+1 trace_flushes=+4 fill_ms=1501 queued=true running=true lastError=<null>
    one-closure-r5-D-C CAP-IDLE| ticks=400 arms=+20 collects=+20 bailouts=+0 refusals=+0 trace_flushes=+0 trace_flush_bytes=+0 park_resets=+0 traces_live 65 -> 70 armed=0 state=0 stepmul=200 threshold=833000 gctotal=438608 ccap=518818 cused=438608 parked=false wallstats=present running=true
    one-closure-r5-D-C CAP-LIVE| used=416526 kernelMemory=164923 user=251603 count(3 collects)=416542/416478/416478 total=518818 traces_live=70
    one-closure-r5-D-C CAP-GC| collects=+43 bailouts=+0 overdrafts=+816 od_peak=16356 od_state=0 park_resets=+0 od_limit=32768 kslice=16384 gc_low=388701 armby=0 window=n/a lends=+n/a win=n/a refused=n/a end: armed=0 state=0 stepmul=200 threshold=777400 gctotal=410917 ccap=518818 cused=410917 parked=false
    one-closure-r5-D-C CAP-X| batch=100 junk=24 OCLJCAPX=8/700/0/0 traces(start/abort) 327/178 -> 406/201 class=CLEAN site=-
    one-closure-r5-D-C SMOKE| MILESTONE km-1-kernel-init-compiles-nothing: PASS -- traces live at the kernelMemory baseline = 0; kernelMemory=164923
    one-closure-r5-D-C SMOKE| MILESTONE cap-1-refusal-caught-machine-survives: PASS -- shape=closure OCLJCAP=done/776/not_enough_memory running=true lastError=<null>
one-closure-r5-D-W exit=0 CLASS=CLEAN APACITY| shape=closure native=additive jit=on jitearly=- tier=192KB scale=1.8 kernelMemory=164923 held=764 why=not_enough_memory t_first5=0.0013 t_last5=0.0046 batches=8 last/first=3.54 freeKB_at_end/totalKB=0/192 arms=+47 refusals=+1 trace_flushes=+5 fill_ms=1499 queued=true running=true lastError=<null>
    one-closure-r5-D-W CAP-IDLE| ticks=400 arms=+25 collects=+25 bailouts=+0 refusals=+0 trace_flushes=+0 trace_flush_bytes=+0 park_resets=+0 traces_live 53 -> 70 armed=0 state=0 stepmul=200 threshold=845200 gctotal=422896 ccap=518818 cused=422896 parked=false wallstats=present running=true
    one-closure-r5-D-W CAP-LIVE| used=423030 kernelMemory=164923 user=258107 count(3 collects)=422982/422982/422982 total=518818 traces_live=70
    one-closure-r5-D-W CAP-GC| collects=+47 bailouts=+0 overdrafts=+842 od_peak=16448 od_state=0 park_resets=+0 od_limit=32768 kslice=16384 gc_low=391453 armby=0 window=4096 lends=+2 win=0 refused=52 end: armed=0 state=0 stepmul=200 threshold=782800 gctotal=414237 ccap=518818 cused=414237 parked=false
    one-closure-r5-D-W CAP-X| batch=100 junk=24 OCLJCAPX=8/700/0/0 traces(start/abort) 364/201 -> 459/236 class=CLEAN site=-
    one-closure-r5-D-W SMOKE| MILESTONE km-1-kernel-init-compiles-nothing: PASS -- traces live at the kernelMemory baseline = 0; kernelMemory=164923
    one-closure-r5-D-W SMOKE| MILESTONE cap-1-refusal-caught-machine-survives: PASS -- shape=closure OCLJCAP=done/764/not_enough_memory running=true lastError=<null>
one-closure-r5-O-C exit=0 CLASS=CLEAN APACITY| shape=closure native=additive jit=off jitearly=off tier=192KB scale=1.8 kernelMemory=164923 held=835 why=not_enough_memory t_first5=0.0010 t_last5=0.0044 batches=9 last/first=4.40 freeKB_at_end/totalKB=0/192 arms=+38 refusals=+1 trace_flushes=+0 fill_ms=1494 queued=true running=true lastError=<null>
    one-closure-r5-O-C CAP-IDLE| ticks=400 arms=+5 collects=+5 bailouts=+0 refusals=+0 trace_flushes=+0 trace_flush_bytes=+0 park_resets=+0 traces_live 0 -> 0 armed=0 state=0 stepmul=200 threshold=706600 gctotal=376102 ccap=518818 cused=376102 parked=false wallstats=present running=true
    one-closure-r5-O-C CAP-LIVE| used=353756 kernelMemory=164923 user=188833 count(3 collects)=353772/353708/353708 total=518818 traces_live=0
    one-closure-r5-O-C CAP-GC| collects=+38 bailouts=+0 overdrafts=+701 od_peak=16378 od_state=0 park_resets=+0 od_limit=32768 kslice=16384 gc_low=349983 armby=1 window=n/a lends=+n/a win=n/a refused=n/a end: armed=0 state=0 stepmul=200 threshold=699800 gctotal=358663 ccap=518818 cused=358663 parked=false
    one-closure-r5-O-C CAP-X| batch=100 junk=24 OCLJCAPX=9/800/0/0 traces(start/abort) 0/0 -> 0/0 class=CLEAN site=-
    one-closure-r5-O-C SMOKE| MILESTONE km-1-kernel-init-compiles-nothing: PASS -- traces live at the kernelMemory baseline = 0; kernelMemory=164923
    one-closure-r5-O-C SMOKE| MILESTONE cap-1-refusal-caught-machine-survives: PASS -- shape=closure OCLJCAP=done/835/not_enough_memory running=true lastError=<null>
one-closure-r5-O-W exit=0 CLASS=CLEAN APACITY| shape=closure native=additive jit=off jitearly=off tier=192KB scale=1.8 kernelMemory=164923 held=837 why=not_enough_memory t_first5=0.0009 t_last5=0.0051 batches=9 last/first=5.67 freeKB_at_end/totalKB=0/192 arms=+44 refusals=+1 trace_flushes=+0 fill_ms=1505 queued=true running=true lastError=<null>
    one-closure-r5-O-W CAP-IDLE| ticks=400 arms=+1 collects=+1 bailouts=+0 refusals=+0 trace_flushes=+0 trace_flush_bytes=+0 park_resets=+0 traces_live 0 -> 0 armed=0 state=0 stepmul=200 threshold=706200 gctotal=360590 ccap=518818 cused=360590 parked=false wallstats=present running=true
    one-closure-r5-O-W CAP-LIVE| used=353612 kernelMemory=164923 user=188689 count(3 collects)=353628/353564/353564 total=518818 traces_live=0
    one-closure-r5-O-W CAP-GC| collects=+44 bailouts=+0 overdrafts=+713 od_peak=16546 od_state=0 park_resets=+0 od_limit=32768 kslice=16384 gc_low=349839 armby=1 window=4096 lends=+7 win=0 refused=52 end: armed=0 state=0 stepmul=200 threshold=699600 gctotal=379991 ccap=518818 cused=379991 parked=false
    one-closure-r5-O-W CAP-X| batch=100 junk=24 OCLJCAPX=9/800/0/0 traces(start/abort) 0/0 -> 0/0 class=CLEAN site=-
    one-closure-r5-O-W SMOKE| MILESTONE km-1-kernel-init-compiles-nothing: PASS -- traces live at the kernelMemory baseline = 0; kernelMemory=164923
    one-closure-r5-O-W SMOKE| MILESTONE cap-1-refusal-caught-machine-survives: PASS -- shape=closure OCLJCAP=done/837/not_enough_memory running=true lastError=<null>
threehalf-closure-r1-S-stock exit=0 CLASS=CLEAN APACITY| shape=closure native=stock jit=on jitearly=- tier=1024KB scale=1.8 kernelMemory=174605 held=8192 why=not_enough_memory t_first5=0.0011 t_last5=0.0037 batches=82 last/first=3.36 freeKB_at_end/totalKB=22/1024 arms=+n/a refusals=+n/a trace_flushes=+n/a fill_ms=2740 queued=true running=true lastError=<null>
    threehalf-closure-r1-S-stock CAP-IDLE| ticks=400 arms=+n/a collects=+n/a bailouts=+n/a refusals=+n/a trace_flushes=+n/a trace_flush_bytes=+n/a park_resets=+n/a traces_live -1 -> -1 armed=n/a state=n/a stepmul=n/a threshold=n/a gctotal=n/a ccap=n/a cused=n/a parked=false wallstats=n/a running=true
    threehalf-closure-r1-S-stock CAP-LIVE| used=431838 kernelMemory=174605 user=257233 count(3 collects)=434233/434233/434233 total=2062042 traces_live=-1
    threehalf-closure-r1-S-stock CAP-GC| collects=+n/a bailouts=+n/a overdrafts=+n/a od_peak=n/a od_state=n/a park_resets=+n/a od_limit=n/a kslice=n/a gc_low=n/a armby=n/a window=n/a lends=+n/a win=n/a refused=n/a end: armed=n/a state=n/a stepmul=n/a threshold=n/a gctotal=n/a ccap=n/a cused=n/a parked=false
    threehalf-closure-r1-S-stock CAP-X| batch=100 junk=24 OCLJCAPX=82/8100/0/0 traces(start/abort) n/a -> n/a class=CLEAN site=-
    threehalf-closure-r1-S-stock SMOKE| MILESTONE km-1-kernel-init-compiles-nothing: SKIP -- kernel=stock: OpenComputers' own kernel has no site 13 (not counted)
    threehalf-closure-r1-S-stock SMOKE| MILESTONE cap-1-refusal-caught-machine-survives: PASS -- shape=closure OCLJCAP=done/8192/not_enough_memory running=true lastError=<null>
threehalf-closure-r1-D-C exit=0 CLASS=CLEAN APACITY| shape=closure native=additive jit=on jitearly=- tier=1024KB scale=1.8 kernelMemory=164923 held=8192 why=not_enough_memory t_first5=0.0004 t_last5=0.0084 batches=82 last/first=21.00 freeKB_at_end/totalKB=0/1024 arms=+65 refusals=+2 trace_flushes=+13 fill_ms=2759 queued=true running=true lastError=<null>
    threehalf-closure-r1-D-C CAP-IDLE| ticks=400 arms=+0 collects=+0 bailouts=+0 refusals=+0 trace_flushes=+0 trace_flush_bytes=+0 park_resets=+0 traces_live 112 -> 115 armed=0 state=0 stepmul=200 threshold=925400 gctotal=498441 ccap=2052360 cused=498441 parked=false wallstats=present running=true
    threehalf-closure-r1-D-C CAP-LIVE| used=463191 kernelMemory=164923 user=298268 count(3 collects)=463207/463143/463143 total=2052360 traces_live=115
    threehalf-closure-r1-D-C CAP-GC| collects=+65 bailouts=+0 overdrafts=+5377 od_peak=105606 od_state=0 park_resets=+0 od_limit=128272 kslice=16384 gc_low=381577 armby=2 window=n/a lends=+n/a win=n/a refused=n/a end: armed=0 state=0 stepmul=200 threshold=825400 gctotal=449645 ccap=2052360 cused=449645 parked=false
    threehalf-closure-r1-D-C CAP-X| batch=100 junk=24 OCLJCAPX=82/8100/0/0 traces(start/abort) 282/167 -> 451/216 class=CLEAN site=-
    threehalf-closure-r1-D-C SMOKE| MILESTONE km-1-kernel-init-compiles-nothing: PASS -- traces live at the kernelMemory baseline = 0; kernelMemory=164923
    threehalf-closure-r1-D-C SMOKE| MILESTONE cap-1-refusal-caught-machine-survives: PASS -- shape=closure OCLJCAP=done/8192/not_enough_memory running=true lastError=<null>
threehalf-closure-r1-D-W exit=0 CLASS=CLEAN APACITY| shape=closure native=additive jit=on jitearly=- tier=1024KB scale=1.8 kernelMemory=164923 held=8192 why=not_enough_memory t_first5=0.0005 t_last5=0.0068 batches=82 last/first=13.60 freeKB_at_end/totalKB=0/1024 arms=+92 refusals=+2 trace_flushes=+13 fill_ms=2739 queued=true running=true lastError=<null>
    threehalf-closure-r1-D-W CAP-IDLE| ticks=400 arms=+0 collects=+0 bailouts=+0 refusals=+0 trace_flushes=+0 trace_flush_bytes=+0 park_resets=+0 traces_live 102 -> 113 armed=0 state=0 stepmul=200 threshold=928400 gctotal=492552 ccap=2052360 cused=492552 parked=false wallstats=present running=true
    threehalf-closure-r1-D-W CAP-LIVE| used=464666 kernelMemory=164923 user=299743 count(3 collects)=464682/464618/464618 total=2052360 traces_live=113
    threehalf-closure-r1-D-W CAP-GC| collects=+92 bailouts=+0 overdrafts=+5114 od_peak=105566 od_state=0 park_resets=+0 od_limit=128272 kslice=16384 gc_low=380405 armby=2 window=4096 lends=+4 win=0 refused=65536 end: armed=0 state=0 stepmul=200 threshold=809000 gctotal=404833 ccap=2052360 cused=404833 parked=false
    threehalf-closure-r1-D-W CAP-X| batch=100 junk=24 OCLJCAPX=82/8100/1/0 traces(start/abort) 266/153 -> 411/198 class=CLEAN site=-
    threehalf-closure-r1-D-W SMOKE| MILESTONE km-1-kernel-init-compiles-nothing: PASS -- traces live at the kernelMemory baseline = 0; kernelMemory=164923
    threehalf-closure-r1-D-W SMOKE| MILESTONE cap-1-refusal-caught-machine-survives: PASS -- shape=closure OCLJCAP=done/8192/not_enough_memory running=true lastError=<null>
threehalf-array-r1-S-stock exit=0 CLASS=CLEAN APACITY| shape=array native=stock jit=on jitearly=- tier=1024KB scale=1.8 kernelMemory=174605 held=4489 why=not_enough_memory t_first5=0.0012 t_last5=0.0028 batches=45 last/first=2.33 freeKB_at_end/totalKB=0/1024 arms=+n/a refusals=+n/a trace_flushes=+n/a fill_ms=1995 queued=true running=true lastError=<null>
    threehalf-array-r1-S-stock CAP-IDLE| ticks=400 arms=+n/a collects=+n/a bailouts=+n/a refusals=+n/a trace_flushes=+n/a trace_flush_bytes=+n/a park_resets=+n/a traces_live -1 -> -1 armed=n/a state=n/a stepmul=n/a threshold=n/a gctotal=n/a ccap=n/a cused=n/a parked=false wallstats=n/a running=true
    threehalf-array-r1-S-stock CAP-LIVE| used=431726 kernelMemory=174605 user=257121 count(3 collects)=434121/434121/434121 total=2062042 traces_live=-1
    threehalf-array-r1-S-stock CAP-GC| collects=+n/a bailouts=+n/a overdrafts=+n/a od_peak=n/a od_state=n/a park_resets=+n/a od_limit=n/a kslice=n/a gc_low=n/a armby=n/a window=n/a lends=+n/a win=n/a refused=n/a end: armed=n/a state=n/a stepmul=n/a threshold=n/a gctotal=n/a ccap=n/a cused=n/a parked=false
    threehalf-array-r1-S-stock CAP-X| batch=100 junk=24 OCLJCAPX=45/4400/0/0 traces(start/abort) n/a -> n/a class=CLEAN site=-
    threehalf-array-r1-S-stock SMOKE| MILESTONE km-1-kernel-init-compiles-nothing: SKIP -- kernel=stock: OpenComputers' own kernel has no site 13 (not counted)
    threehalf-array-r1-S-stock SMOKE| MILESTONE cap-1-refusal-caught-machine-survives: PASS -- shape=array OCLJCAP=done/4489/not_enough_memory running=true lastError=<null>
threehalf-array-r1-D-C exit=0 CLASS=CLEAN APACITY| shape=array native=additive jit=on jitearly=- tier=1024KB scale=1.8 kernelMemory=164923 held=8192 why=not_enough_memory t_first5=0.0004 t_last5=0.0058 batches=82 last/first=14.50 freeKB_at_end/totalKB=0/1024 arms=+54 refusals=+1 trace_flushes=+10 fill_ms=2729 queued=true running=true lastError=<null>
    threehalf-array-r1-D-C CAP-IDLE| ticks=400 arms=+0 collects=+0 bailouts=+0 refusals=+0 trace_flushes=+0 trace_flush_bytes=+0 park_resets=+0 traces_live 105 -> 116 armed=0 state=0 stepmul=200 threshold=901400 gctotal=487673 ccap=2052360 cused=487673 parked=false wallstats=present running=true
    threehalf-array-r1-D-C CAP-LIVE| used=451159 kernelMemory=164923 user=286236 count(3 collects)=451175/451111/451111 total=2052360 traces_live=116
    threehalf-array-r1-D-C CAP-GC| collects=+54 bailouts=+0 overdrafts=+906 od_peak=39893 od_state=0 park_resets=+0 od_limit=128272 kslice=16384 gc_low=379365 armby=2 window=n/a lends=+n/a win=n/a refused=n/a end: armed=0 state=0 stepmul=200 threshold=816200 gctotal=415573 ccap=2052360 cused=415573 parked=false
    threehalf-array-r1-D-C CAP-X| batch=100 junk=24 OCLJCAPX=82/8100/0/0 traces(start/abort) 284/168 -> 456/206 class=CLEAN site=-
    threehalf-array-r1-D-C SMOKE| MILESTONE km-1-kernel-init-compiles-nothing: PASS -- traces live at the kernelMemory baseline = 0; kernelMemory=164923
    threehalf-array-r1-D-C SMOKE| MILESTONE cap-1-refusal-caught-machine-survives: PASS -- shape=array OCLJCAP=done/8192/not_enough_memory running=true lastError=<null>
threehalf-array-r1-D-W exit=0 CLASS=CLEAN APACITY| shape=array native=additive jit=on jitearly=- tier=1024KB scale=1.8 kernelMemory=164923 held=8192 why=not_enough_memory t_first5=0.0005 t_last5=0.0030 batches=82 last/first=6.00 freeKB_at_end/totalKB=0/1024 arms=+43 refusals=+1 trace_flushes=+8 fill_ms=2736 queued=true running=true lastError=<null>
    threehalf-array-r1-D-W CAP-IDLE| ticks=400 arms=+0 collects=+0 bailouts=+0 refusals=+0 trace_flushes=+0 trace_flush_bytes=+0 park_resets=+0 traces_live 114 -> 121 armed=0 state=0 stepmul=200 threshold=937200 gctotal=496959 ccap=2052360 cused=496959 parked=false wallstats=present running=true
    threehalf-array-r1-D-W CAP-LIVE| used=469073 kernelMemory=164923 user=304150 count(3 collects)=469089/469025/469025 total=2052360 traces_live=121
    threehalf-array-r1-D-W CAP-GC| collects=+43 bailouts=+0 overdrafts=+660 od_peak=31585 od_state=0 park_resets=+0 od_limit=128272 kslice=16384 gc_low=370213 armby=1 window=4096 lends=+0 win=0 refused=65536 end: armed=0 state=0 stepmul=200 threshold=780200 gctotal=390397 ccap=2052360 cused=390397 parked=false
    threehalf-array-r1-D-W CAP-X| batch=100 junk=24 OCLJCAPX=82/8100/0/0 traces(start/abort) 276/155 -> 435/197 class=CLEAN site=-
    threehalf-array-r1-D-W SMOKE| MILESTONE km-1-kernel-init-compiles-nothing: PASS -- traces live at the kernelMemory baseline = 0; kernelMemory=164923
    threehalf-array-r1-D-W SMOKE| MILESTONE cap-1-refusal-caught-machine-survives: PASS -- shape=array OCLJCAP=done/8192/not_enough_memory running=true lastError=<null>
threehalf-record-r1-S-stock exit=0 CLASS=CLEAN APACITY| shape=record native=stock jit=on jitearly=- tier=1024KB scale=1.8 kernelMemory=174605 held=4096 why=not_enough_memory t_first5=0.0012 t_last5=0.0028 batches=41 last/first=2.33 freeKB_at_end/totalKB=20/1024 arms=+n/a refusals=+n/a trace_flushes=+n/a fill_ms=1984 queued=true running=true lastError=<null>
    threehalf-record-r1-S-stock CAP-IDLE| ticks=400 arms=+n/a collects=+n/a bailouts=+n/a refusals=+n/a trace_flushes=+n/a trace_flush_bytes=+n/a park_resets=+n/a traces_live -1 -> -1 armed=n/a state=n/a stepmul=n/a threshold=n/a gctotal=n/a ccap=n/a cused=n/a parked=false wallstats=n/a running=true
    threehalf-record-r1-S-stock CAP-LIVE| used=431731 kernelMemory=174605 user=257126 count(3 collects)=434126/434126/434126 total=2062042 traces_live=-1
    threehalf-record-r1-S-stock CAP-GC| collects=+n/a bailouts=+n/a overdrafts=+n/a od_peak=n/a od_state=n/a park_resets=+n/a od_limit=n/a kslice=n/a gc_low=n/a armby=n/a window=n/a lends=+n/a win=n/a refused=n/a end: armed=n/a state=n/a stepmul=n/a threshold=n/a gctotal=n/a ccap=n/a cused=n/a parked=false
    threehalf-record-r1-S-stock CAP-X| batch=100 junk=24 OCLJCAPX=41/4000/0/0 traces(start/abort) n/a -> n/a class=CLEAN site=-
    threehalf-record-r1-S-stock SMOKE| MILESTONE km-1-kernel-init-compiles-nothing: SKIP -- kernel=stock: OpenComputers' own kernel has no site 13 (not counted)
    threehalf-record-r1-S-stock SMOKE| MILESTONE cap-1-refusal-caught-machine-survives: PASS -- shape=record OCLJCAP=done/4096/not_enough_memory running=true lastError=<null>
threehalf-record-r1-D-C exit=0 CLASS=CLEAN APACITY| shape=record native=additive jit=on jitearly=- tier=1024KB scale=1.8 kernelMemory=164923 held=5664 why=not_enough_memory t_first5=0.0005 t_last5=0.0116 batches=57 last/first=23.20 freeKB_at_end/totalKB=0/1024 arms=+43 refusals=+1 trace_flushes=+9 fill_ms=2246 queued=true running=true lastError=<null>
    threehalf-record-r1-D-C CAP-IDLE| ticks=400 arms=+0 collects=+0 bailouts=+0 refusals=+0 trace_flushes=+0 trace_flush_bytes=+0 park_resets=+0 traces_live 111 -> 124 armed=0 state=0 stepmul=200 threshold=953200 gctotal=519668 ccap=2052360 cused=519668 parked=false wallstats=present running=true
    threehalf-record-r1-D-C CAP-LIVE| used=477054 kernelMemory=164923 user=312131 count(3 collects)=477006/477006/477006 total=2052360 traces_live=124
    threehalf-record-r1-D-C CAP-GC| collects=+43 bailouts=+0 overdrafts=+1829 od_peak=64118 od_state=0 park_resets=+0 od_limit=128272 kslice=16384 gc_low=379513 armby=2 window=n/a lends=+n/a win=n/a refused=n/a end: armed=0 state=0 stepmul=200 threshold=809000 gctotal=411921 ccap=2052360 cused=411921 parked=false
    threehalf-record-r1-D-C CAP-X| batch=100 junk=24 OCLJCAPX=57/5600/0/0 traces(start/abort) 281/157 -> 415/186 class=CLEAN site=-
    threehalf-record-r1-D-C SMOKE| MILESTONE km-1-kernel-init-compiles-nothing: PASS -- traces live at the kernelMemory baseline = 0; kernelMemory=164923
    threehalf-record-r1-D-C SMOKE| MILESTONE cap-1-refusal-caught-machine-survives: PASS -- shape=record OCLJCAP=done/5664/not_enough_memory running=true lastError=<null>
threehalf-record-r1-D-W exit=0 CLASS=CLEAN APACITY| shape=record native=additive jit=on jitearly=- tier=1024KB scale=1.8 kernelMemory=164923 held=5661 why=not_enough_memory t_first5=0.0006 t_last5=0.0130 batches=57 last/first=21.67 freeKB_at_end/totalKB=0/1024 arms=+52 refusals=+1 trace_flushes=+9 fill_ms=2265 queued=true running=true lastError=<null>
    threehalf-record-r1-D-W CAP-IDLE| ticks=400 arms=+0 collects=+0 bailouts=+0 refusals=+0 trace_flushes=+0 trace_flush_bytes=+0 park_resets=+0 traces_live 112 -> 119 armed=0 state=0 stepmul=200 threshold=937800 gctotal=497848 ccap=2052360 cused=497848 parked=false wallstats=present running=true
    threehalf-record-r1-D-W CAP-LIVE| used=469330 kernelMemory=164923 user=304407 count(3 collects)=469346/469282/469282 total=2052360 traces_live=119
    threehalf-record-r1-D-W CAP-GC| collects=+52 bailouts=+0 overdrafts=+1846 od_peak=64186 od_state=0 park_resets=+0 od_limit=128272 kslice=16384 gc_low=381701 armby=2 window=4096 lends=+2 win=0 refused=52 end: armed=0 state=0 stepmul=200 threshold=814600 gctotal=443693 ccap=2052360 cused=443693 parked=false
    threehalf-record-r1-D-W CAP-X| batch=100 junk=24 OCLJCAPX=57/5600/0/0 traces(start/abort) 277/158 -> 402/184 class=CLEAN site=-
    threehalf-record-r1-D-W SMOKE| MILESTONE km-1-kernel-init-compiles-nothing: PASS -- traces live at the kernelMemory baseline = 0; kernelMemory=164923
    threehalf-record-r1-D-W SMOKE| MILESTONE cap-1-refusal-caught-machine-survives: PASS -- shape=record OCLJCAP=done/5661/not_enough_memory running=true lastError=<null>
threehalf-closure-r2-S-stock exit=0 CLASS=CLEAN APACITY| shape=closure native=stock jit=on jitearly=- tier=1024KB scale=1.8 kernelMemory=174605 held=7316 why=not_enough_memory t_first5=0.0011 t_last5=0.0104 batches=74 last/first=9.45 freeKB_at_end/totalKB=0/1024 arms=+n/a refusals=+n/a trace_flushes=+n/a fill_ms=2502 queued=true running=true lastError=<null>
    threehalf-closure-r2-S-stock CAP-IDLE| ticks=400 arms=+n/a collects=+n/a bailouts=+n/a refusals=+n/a trace_flushes=+n/a trace_flush_bytes=+n/a park_resets=+n/a traces_live -1 -> -1 armed=n/a state=n/a stepmul=n/a threshold=n/a gctotal=n/a ccap=n/a cused=n/a parked=false wallstats=n/a running=true
    threehalf-closure-r2-S-stock CAP-LIVE| used=431838 kernelMemory=174605 user=257233 count(3 collects)=434233/434233/434233 total=2062042 traces_live=-1
    threehalf-closure-r2-S-stock CAP-GC| collects=+n/a bailouts=+n/a overdrafts=+n/a od_peak=n/a od_state=n/a park_resets=+n/a od_limit=n/a kslice=n/a gc_low=n/a armby=n/a window=n/a lends=+n/a win=n/a refused=n/a end: armed=n/a state=n/a stepmul=n/a threshold=n/a gctotal=n/a ccap=n/a cused=n/a parked=false
    threehalf-closure-r2-S-stock CAP-X| batch=100 junk=24 OCLJCAPX=74/7300/2/0 traces(start/abort) n/a -> n/a class=CLEAN site=-
    threehalf-closure-r2-S-stock SMOKE| MILESTONE km-1-kernel-init-compiles-nothing: SKIP -- kernel=stock: OpenComputers' own kernel has no site 13 (not counted)
    threehalf-closure-r2-S-stock SMOKE| MILESTONE cap-1-refusal-caught-machine-survives: PASS -- shape=closure OCLJCAP=done/7316/not_enough_memory running=true lastError=<null>
threehalf-closure-r2-D-C exit=0 CLASS=CLEAN APACITY| shape=closure native=additive jit=on jitearly=- tier=1024KB scale=1.8 kernelMemory=164923 held=8192 why=not_enough_memory t_first5=0.0006 t_last5=0.0062 batches=82 last/first=10.33 freeKB_at_end/totalKB=0/1024 arms=+67 refusals=+2 trace_flushes=+12 fill_ms=2750 queued=true running=true lastError=<null>
    threehalf-closure-r2-D-C CAP-IDLE| ticks=400 arms=+0 collects=+0 bailouts=+0 refusals=+0 trace_flushes=+0 trace_flush_bytes=+0 park_resets=+0 traces_live 99 -> 103 armed=0 state=0 stepmul=200 threshold=902200 gctotal=451446 ccap=2052360 cused=451446 parked=false wallstats=present running=true
    threehalf-closure-r2-D-C CAP-LIVE| used=451580 kernelMemory=164923 user=286657 count(3 collects)=451532/451532/451532 total=2052360 traces_live=103
    threehalf-closure-r2-D-C CAP-GC| collects=+67 bailouts=+0 overdrafts=+5174 od_peak=107582 od_state=0 park_resets=+0 od_limit=128272 kslice=16384 gc_low=378513 armby=2 window=n/a lends=+n/a win=n/a refused=n/a end: armed=0 state=0 stepmul=200 threshold=807200 gctotal=417769 ccap=2052360 cused=417769 parked=false
    threehalf-closure-r2-D-C CAP-X| batch=100 junk=24 OCLJCAPX=82/8100/0/0 traces(start/abort) 252/148 -> 423/197 class=CLEAN site=-
    threehalf-closure-r2-D-C SMOKE| MILESTONE km-1-kernel-init-compiles-nothing: PASS -- traces live at the kernelMemory baseline = 0; kernelMemory=164923
    threehalf-closure-r2-D-C SMOKE| MILESTONE cap-1-refusal-caught-machine-survives: PASS -- shape=closure OCLJCAP=done/8192/not_enough_memory running=true lastError=<null>
threehalf-closure-r2-D-W exit=0 CLASS=CLEAN APACITY| shape=closure native=additive jit=on jitearly=- tier=1024KB scale=1.8 kernelMemory=164923 held=8192 why=not_enough_memory t_first5=0.0005 t_last5=0.0064 batches=82 last/first=12.80 freeKB_at_end/totalKB=0/1024 arms=+87 refusals=+2 trace_flushes=+13 fill_ms=2747 queued=true running=true lastError=<null>
    threehalf-closure-r2-D-W CAP-IDLE| ticks=400 arms=+0 collects=+0 bailouts=+0 refusals=+0 trace_flushes=+0 trace_flush_bytes=+0 park_resets=+0 traces_live 105 -> 109 armed=0 state=0 stepmul=200 threshold=913200 gctotal=492970 ccap=2052360 cused=492970 parked=false wallstats=present running=true
    threehalf-closure-r2-D-W CAP-LIVE| used=457088 kernelMemory=164923 user=292165 count(3 collects)=457104/457040/457040 total=2052360 traces_live=109
    threehalf-closure-r2-D-W CAP-GC| collects=+87 bailouts=+0 overdrafts=+5175 od_peak=104914 od_state=0 park_resets=+0 od_limit=128272 kslice=16384 gc_low=380469 armby=2 window=4096 lends=+19 win=0 refused=65536 end: armed=0 state=0 stepmul=200 threshold=807800 gctotal=404209 ccap=2052360 cused=404209 parked=false
    threehalf-closure-r2-D-W CAP-X| batch=100 junk=24 OCLJCAPX=82/8100/1/0 traces(start/abort) 264/155 -> 426/200 class=CLEAN site=-
    threehalf-closure-r2-D-W SMOKE| MILESTONE km-1-kernel-init-compiles-nothing: PASS -- traces live at the kernelMemory baseline = 0; kernelMemory=164923
    threehalf-closure-r2-D-W SMOKE| MILESTONE cap-1-refusal-caught-machine-survives: PASS -- shape=closure OCLJCAP=done/8192/not_enough_memory running=true lastError=<null>
threehalf-array-r2-S-stock exit=0 CLASS=CLEAN APACITY| shape=array native=stock jit=on jitearly=- tier=1024KB scale=1.8 kernelMemory=174605 held=4489 why=not_enough_memory t_first5=0.0012 t_last5=0.0030 batches=45 last/first=2.50 freeKB_at_end/totalKB=0/1024 arms=+n/a refusals=+n/a trace_flushes=+n/a fill_ms=2000 queued=true running=true lastError=<null>
    threehalf-array-r2-S-stock CAP-IDLE| ticks=400 arms=+n/a collects=+n/a bailouts=+n/a refusals=+n/a trace_flushes=+n/a trace_flush_bytes=+n/a park_resets=+n/a traces_live -1 -> -1 armed=n/a state=n/a stepmul=n/a threshold=n/a gctotal=n/a ccap=n/a cused=n/a parked=false wallstats=n/a running=true
    threehalf-array-r2-S-stock CAP-LIVE| used=431660 kernelMemory=174605 user=257055 count(3 collects)=434055/434055/434055 total=2062042 traces_live=-1
    threehalf-array-r2-S-stock CAP-GC| collects=+n/a bailouts=+n/a overdrafts=+n/a od_peak=n/a od_state=n/a park_resets=+n/a od_limit=n/a kslice=n/a gc_low=n/a armby=n/a window=n/a lends=+n/a win=n/a refused=n/a end: armed=n/a state=n/a stepmul=n/a threshold=n/a gctotal=n/a ccap=n/a cused=n/a parked=false
    threehalf-array-r2-S-stock CAP-X| batch=100 junk=24 OCLJCAPX=45/4400/0/0 traces(start/abort) n/a -> n/a class=CLEAN site=-
    threehalf-array-r2-S-stock SMOKE| MILESTONE km-1-kernel-init-compiles-nothing: SKIP -- kernel=stock: OpenComputers' own kernel has no site 13 (not counted)
    threehalf-array-r2-S-stock SMOKE| MILESTONE cap-1-refusal-caught-machine-survives: PASS -- shape=array OCLJCAP=done/4489/not_enough_memory running=true lastError=<null>
threehalf-array-r2-D-C exit=0 CLASS=CLEAN APACITY| shape=array native=additive jit=on jitearly=- tier=1024KB scale=1.8 kernelMemory=164923 held=8192 why=not_enough_memory t_first5=0.0003 t_last5=0.0029 batches=82 last/first=9.67 freeKB_at_end/totalKB=0/1024 arms=+32 refusals=+1 trace_flushes=+8 fill_ms=2761 queued=true running=true lastError=<null>
    threehalf-array-r2-D-C CAP-IDLE| ticks=400 arms=+0 collects=+0 bailouts=+0 refusals=+0 trace_flushes=+0 trace_flush_bytes=+0 park_resets=+0 traces_live 115 -> 131 armed=0 state=0 stepmul=200 threshold=953400 gctotal=491467 ccap=2052360 cused=491467 parked=false wallstats=present running=true
    threehalf-array-r2-D-C CAP-LIVE| used=477129 kernelMemory=164923 user=312206 count(3 collects)=477145/477081/477081 total=2052360 traces_live=131
    threehalf-array-r2-D-C CAP-GC| collects=+32 bailouts=+0 overdrafts=+650 od_peak=30921 od_state=0 park_resets=+0 od_limit=128272 kslice=16384 gc_low=369181 armby=1 window=n/a lends=+n/a win=n/a refused=n/a end: armed=0 state=0 stepmul=200 threshold=778000 gctotal=389365 ccap=2052360 cused=389365 parked=false
    threehalf-array-r2-D-C CAP-X| batch=100 junk=24 OCLJCAPX=82/8100/0/0 traces(start/abort) 301/170 -> 415/207 class=CLEAN site=-
    threehalf-array-r2-D-C SMOKE| MILESTONE km-1-kernel-init-compiles-nothing: PASS -- traces live at the kernelMemory baseline = 0; kernelMemory=164923
    threehalf-array-r2-D-C SMOKE| MILESTONE cap-1-refusal-caught-machine-survives: PASS -- shape=array OCLJCAP=done/8192/not_enough_memory running=true lastError=<null>
threehalf-array-r2-D-W exit=0 CLASS=CLEAN APACITY| shape=array native=additive jit=on jitearly=- tier=1024KB scale=1.8 kernelMemory=164923 held=8192 why=not_enough_memory t_first5=0.0004 t_last5=0.0033 batches=82 last/first=8.25 freeKB_at_end/totalKB=0/1024 arms=+55 refusals=+1 trace_flushes=+10 fill_ms=2752 queued=true running=true lastError=<null>
    threehalf-array-r2-D-W CAP-IDLE| ticks=400 arms=+0 collects=+0 bailouts=+0 refusals=+0 trace_flushes=+0 trace_flush_bytes=+0 park_resets=+0 traces_live 103 -> 114 armed=0 state=0 stepmul=200 threshold=939000 gctotal=499107 ccap=2052360 cused=499107 parked=false wallstats=present running=true
    threehalf-array-r2-D-W CAP-LIVE| used=469957 kernelMemory=164923 user=305034 count(3 collects)=469973/469909/469909 total=2052360 traces_live=114
    threehalf-array-r2-D-W CAP-GC| collects=+55 bailouts=+0 overdrafts=+998 od_peak=38957 od_state=0 park_resets=+0 od_limit=128272 kslice=16384 gc_low=377993 armby=2 window=4096 lends=+0 win=0 refused=65536 end: armed=0 state=0 stepmul=200 threshold=809800 gctotal=413045 ccap=2052360 cused=413045 parked=false
    threehalf-array-r2-D-W CAP-X| batch=100 junk=24 OCLJCAPX=82/8100/0/0 traces(start/abort) 250/136 -> 400/180 class=CLEAN site=-
    threehalf-array-r2-D-W SMOKE| MILESTONE km-1-kernel-init-compiles-nothing: PASS -- traces live at the kernelMemory baseline = 0; kernelMemory=164923
    threehalf-array-r2-D-W SMOKE| MILESTONE cap-1-refusal-caught-machine-survives: PASS -- shape=array OCLJCAP=done/8192/not_enough_memory running=true lastError=<null>
threehalf-record-r2-S-stock exit=0 CLASS=CLEAN APACITY| shape=record native=stock jit=on jitearly=- tier=1024KB scale=1.8 kernelMemory=174605 held=4251 why=not_enough_memory t_first5=0.0014 t_last5=0.0044 batches=43 last/first=3.14 freeKB_at_end/totalKB=0/1024 arms=+n/a refusals=+n/a trace_flushes=+n/a fill_ms=2008 queued=true running=true lastError=<null>
    threehalf-record-r2-S-stock CAP-IDLE| ticks=400 arms=+n/a collects=+n/a bailouts=+n/a refusals=+n/a trace_flushes=+n/a trace_flush_bytes=+n/a park_resets=+n/a traces_live -1 -> -1 armed=n/a state=n/a stepmul=n/a threshold=n/a gctotal=n/a ccap=n/a cused=n/a parked=false wallstats=n/a running=true
    threehalf-record-r2-S-stock CAP-LIVE| used=431797 kernelMemory=174605 user=257192 count(3 collects)=434192/434192/434192 total=2062042 traces_live=-1
    threehalf-record-r2-S-stock CAP-GC| collects=+n/a bailouts=+n/a overdrafts=+n/a od_peak=n/a od_state=n/a park_resets=+n/a od_limit=n/a kslice=n/a gc_low=n/a armby=n/a window=n/a lends=+n/a win=n/a refused=n/a end: armed=n/a state=n/a stepmul=n/a threshold=n/a gctotal=n/a ccap=n/a cused=n/a parked=false
    threehalf-record-r2-S-stock CAP-X| batch=100 junk=24 OCLJCAPX=43/4200/0/0 traces(start/abort) n/a -> n/a class=CLEAN site=-
    threehalf-record-r2-S-stock SMOKE| MILESTONE km-1-kernel-init-compiles-nothing: SKIP -- kernel=stock: OpenComputers' own kernel has no site 13 (not counted)
    threehalf-record-r2-S-stock SMOKE| MILESTONE cap-1-refusal-caught-machine-survives: PASS -- shape=record OCLJCAP=done/4251/not_enough_memory running=true lastError=<null>
threehalf-record-r2-D-C exit=0 CLASS=CLEAN APACITY| shape=record native=additive jit=on jitearly=- tier=1024KB scale=1.8 kernelMemory=164923 held=5664 why=not_enough_memory t_first5=0.0003 t_last5=0.0079 batches=57 last/first=26.33 freeKB_at_end/totalKB=0/1024 arms=+42 refusals=+1 trace_flushes=+8 fill_ms=2260 queued=true running=true lastError=<null>
    threehalf-record-r2-D-C CAP-IDLE| ticks=400 arms=+0 collects=+0 bailouts=+0 refusals=+0 trace_flushes=+0 trace_flush_bytes=+0 park_resets=+0 traces_live 107 -> 115 armed=0 state=0 stepmul=200 threshold=940200 gctotal=484860 ccap=2052360 cused=484860 parked=false wallstats=present running=true
    threehalf-record-r2-D-C CAP-LIVE| used=470522 kernelMemory=164923 user=305599 count(3 collects)=470538/470474/470474 total=2052360 traces_live=115
    threehalf-record-r2-D-C CAP-GC| collects=+42 bailouts=+0 overdrafts=+1770 od_peak=64134 od_state=0 park_resets=+0 od_limit=128272 kslice=16384 gc_low=380605 armby=2 window=n/a lends=+n/a win=n/a refused=n/a end: armed=0 state=0 stepmul=200 threshold=812000 gctotal=435477 ccap=2052360 cused=435477 parked=false
    threehalf-record-r2-D-C CAP-X| batch=100 junk=24 OCLJCAPX=57/5600/0/0 traces(start/abort) 283/168 -> 410/197 class=CLEAN site=-
    threehalf-record-r2-D-C SMOKE| MILESTONE km-1-kernel-init-compiles-nothing: PASS -- traces live at the kernelMemory baseline = 0; kernelMemory=164923
    threehalf-record-r2-D-C SMOKE| MILESTONE cap-1-refusal-caught-machine-survives: PASS -- shape=record OCLJCAP=done/5664/not_enough_memory running=true lastError=<null>
threehalf-record-r2-D-W exit=0 CLASS=CLEAN APACITY| shape=record native=additive jit=on jitearly=- tier=1024KB scale=1.8 kernelMemory=164923 held=5658 why=not_enough_memory t_first5=0.0005 t_last5=0.0065 batches=57 last/first=13.00 freeKB_at_end/totalKB=0/1024 arms=+45 refusals=+1 trace_flushes=+9 fill_ms=2258 queued=true running=true lastError=<null>
    threehalf-record-r2-D-W CAP-IDLE| ticks=400 arms=+0 collects=+0 bailouts=+0 refusals=+0 trace_flushes=+0 trace_flush_bytes=+0 park_resets=+0 traces_live 123 -> 134 armed=0 state=0 stepmul=200 threshold=998200 gctotal=514489 ccap=2052360 cused=514489 parked=false wallstats=present running=true
    threehalf-record-r2-D-W CAP-LIVE| used=499519 kernelMemory=164923 user=334596 count(3 collects)=499535/499471/499471 total=2052360 traces_live=134
    threehalf-record-r2-D-W CAP-GC| collects=+45 bailouts=+0 overdrafts=+1887 od_peak=64202 od_state=0 park_resets=+0 od_limit=128272 kslice=16384 gc_low=382393 armby=2 window=4096 lends=+4 win=0 refused=88 end: armed=0 state=0 stepmul=200 threshold=824400 gctotal=440573 ccap=2052360 cused=440573 parked=false
    threehalf-record-r2-D-W CAP-X| batch=100 junk=24 OCLJCAPX=57/5600/0/0 traces(start/abort) 300/166 -> 434/194 class=CLEAN site=-
    threehalf-record-r2-D-W SMOKE| MILESTONE km-1-kernel-init-compiles-nothing: PASS -- traces live at the kernelMemory baseline = 0; kernelMemory=164923
    threehalf-record-r2-D-W SMOKE| MILESTONE cap-1-refusal-caught-machine-survives: PASS -- shape=record OCLJCAP=done/5658/not_enough_memory running=true lastError=<null>
threehalf-closure-r3-S-stock exit=0 CLASS=CLEAN APACITY| shape=closure native=stock jit=on jitearly=- tier=1024KB scale=1.8 kernelMemory=174605 held=7400 why=not_enough_memory t_first5=0.0006 t_last5=0.0059 batches=74 last/first=9.83 freeKB_at_end/totalKB=0/1024 arms=+n/a refusals=+n/a trace_flushes=+n/a fill_ms=2522 queued=true running=true lastError=<null>
    threehalf-closure-r3-S-stock CAP-IDLE| ticks=400 arms=+n/a collects=+n/a bailouts=+n/a refusals=+n/a trace_flushes=+n/a trace_flush_bytes=+n/a park_resets=+n/a traces_live -1 -> -1 armed=n/a state=n/a stepmul=n/a threshold=n/a gctotal=n/a ccap=n/a cused=n/a parked=false wallstats=n/a running=true
    threehalf-closure-r3-S-stock CAP-LIVE| used=431838 kernelMemory=174605 user=257233 count(3 collects)=434233/434233/434233 total=2062042 traces_live=-1
    threehalf-closure-r3-S-stock CAP-GC| collects=+n/a bailouts=+n/a overdrafts=+n/a od_peak=n/a od_state=n/a park_resets=+n/a od_limit=n/a kslice=n/a gc_low=n/a armby=n/a window=n/a lends=+n/a win=n/a refused=n/a end: armed=n/a state=n/a stepmul=n/a threshold=n/a gctotal=n/a ccap=n/a cused=n/a parked=false
    threehalf-closure-r3-S-stock CAP-X| batch=100 junk=24 OCLJCAPX=74/7300/0/0 traces(start/abort) n/a -> n/a class=CLEAN site=-
    threehalf-closure-r3-S-stock SMOKE| MILESTONE km-1-kernel-init-compiles-nothing: SKIP -- kernel=stock: OpenComputers' own kernel has no site 13 (not counted)
    threehalf-closure-r3-S-stock SMOKE| MILESTONE cap-1-refusal-caught-machine-survives: PASS -- shape=closure OCLJCAP=done/7400/not_enough_memory running=true lastError=<null>
threehalf-closure-r3-D-C exit=0 CLASS=CLEAN APACITY| shape=closure native=additive jit=on jitearly=- tier=1024KB scale=1.8 kernelMemory=164923 held=8026 why=not_enough_memory t_first5=0.0005 t_last5=0.0112 batches=81 last/first=22.40 freeKB_at_end/totalKB=0/1024 arms=+77 refusals=+1 trace_flushes=+11 fill_ms=2771 queued=true running=true lastError=<null>
    threehalf-closure-r3-D-C CAP-IDLE| ticks=400 arms=+0 collects=+0 bailouts=+0 refusals=+0 trace_flushes=+0 trace_flush_bytes=+0 park_resets=+0 traces_live 111 -> 119 armed=0 state=0 stepmul=200 threshold=948600 gctotal=509996 ccap=2052360 cused=509996 parked=false wallstats=present running=true
    threehalf-closure-r3-D-C CAP-LIVE| used=474746 kernelMemory=164923 user=309823 count(3 collects)=474762/474698/474698 total=2052360 traces_live=119
    threehalf-closure-r3-D-C CAP-GC| collects=+77 bailouts=+0 overdrafts=+3685 od_peak=64230 od_state=0 park_resets=+0 od_limit=128272 kslice=16384 gc_low=378489 armby=2 window=n/a lends=+n/a win=n/a refused=n/a end: armed=0 state=0 stepmul=200 threshold=813200 gctotal=414657 ccap=2052360 cused=414657 parked=false
    threehalf-closure-r3-D-C CAP-X| batch=100 junk=24 OCLJCAPX=81/8000/0/0 traces(start/abort) 257/138 -> 415/188 class=CLEAN site=-
    threehalf-closure-r3-D-C SMOKE| MILESTONE km-1-kernel-init-compiles-nothing: PASS -- traces live at the kernelMemory baseline = 0; kernelMemory=164923
    threehalf-closure-r3-D-C SMOKE| MILESTONE cap-1-refusal-caught-machine-survives: PASS -- shape=closure OCLJCAP=done/8026/not_enough_memory running=true lastError=<null>
threehalf-closure-r3-D-W exit=0 CLASS=CLEAN APACITY| shape=closure native=additive jit=on jitearly=- tier=1024KB scale=1.8 kernelMemory=164923 held=8192 why=not_enough_memory t_first5=0.0005 t_last5=0.0063 batches=82 last/first=12.60 freeKB_at_end/totalKB=0/1024 arms=+82 refusals=+2 trace_flushes=+14 fill_ms=2768 queued=true running=true lastError=<null>
    threehalf-closure-r3-D-W CAP-IDLE| ticks=400 arms=+0 collects=+0 bailouts=+0 refusals=+0 trace_flushes=+0 trace_flush_bytes=+0 park_resets=+0 traces_live 99 -> 110 armed=0 state=0 stepmul=200 threshold=922200 gctotal=469180 ccap=2052360 cused=469180 parked=false wallstats=present running=true
    threehalf-closure-r3-D-W CAP-LIVE| used=461574 kernelMemory=164923 user=296651 count(3 collects)=461590/461526/461526 total=2052360 traces_live=110
    threehalf-closure-r3-D-W CAP-GC| collects=+82 bailouts=+0 overdrafts=+5291 od_peak=104502 od_state=0 park_resets=+0 od_limit=128272 kslice=16384 gc_low=379997 armby=2 window=4096 lends=+12 win=0 refused=65536 end: armed=0 state=0 stepmul=200 threshold=806800 gctotal=419633 ccap=2052360 cused=419633 parked=false
    threehalf-closure-r3-D-W CAP-X| batch=100 junk=24 OCLJCAPX=82/8100/1/0 traces(start/abort) 268/158 -> 404/202 class=CLEAN site=-
    threehalf-closure-r3-D-W SMOKE| MILESTONE km-1-kernel-init-compiles-nothing: PASS -- traces live at the kernelMemory baseline = 0; kernelMemory=164923
    threehalf-closure-r3-D-W SMOKE| MILESTONE cap-1-refusal-caught-machine-survives: PASS -- shape=closure OCLJCAP=done/8192/not_enough_memory running=true lastError=<null>
threehalf-array-r3-S-stock exit=0 CLASS=CLEAN APACITY| shape=array native=stock jit=on jitearly=- tier=1024KB scale=1.8 kernelMemory=174605 held=4700 why=not_enough_memory t_first5=0.0013 t_last5=0.0043 batches=47 last/first=3.31 freeKB_at_end/totalKB=0/1024 arms=+n/a refusals=+n/a trace_flushes=+n/a fill_ms=2245 queued=true running=true lastError=<null>
    threehalf-array-r3-S-stock CAP-IDLE| ticks=400 arms=+n/a collects=+n/a bailouts=+n/a refusals=+n/a trace_flushes=+n/a trace_flush_bytes=+n/a park_resets=+n/a traces_live -1 -> -1 armed=n/a state=n/a stepmul=n/a threshold=n/a gctotal=n/a ccap=n/a cused=n/a parked=false wallstats=n/a running=true
    threehalf-array-r3-S-stock CAP-LIVE| used=431726 kernelMemory=174605 user=257121 count(3 collects)=434121/434121/434121 total=2062042 traces_live=-1
    threehalf-array-r3-S-stock CAP-GC| collects=+n/a bailouts=+n/a overdrafts=+n/a od_peak=n/a od_state=n/a park_resets=+n/a od_limit=n/a kslice=n/a gc_low=n/a armby=n/a window=n/a lends=+n/a win=n/a refused=n/a end: armed=n/a state=n/a stepmul=n/a threshold=n/a gctotal=n/a ccap=n/a cused=n/a parked=false
    threehalf-array-r3-S-stock CAP-X| batch=100 junk=24 OCLJCAPX=47/4600/0/0 traces(start/abort) n/a -> n/a class=CLEAN site=-
    threehalf-array-r3-S-stock SMOKE| MILESTONE km-1-kernel-init-compiles-nothing: SKIP -- kernel=stock: OpenComputers' own kernel has no site 13 (not counted)
    threehalf-array-r3-S-stock SMOKE| MILESTONE cap-1-refusal-caught-machine-survives: PASS -- shape=array OCLJCAP=done/4700/not_enough_memory running=true lastError=<null>
threehalf-array-r3-D-C exit=0 CLASS=CLEAN APACITY| shape=array native=additive jit=on jitearly=- tier=1024KB scale=1.8 kernelMemory=164923 held=8192 why=not_enough_memory t_first5=0.0005 t_last5=0.0048 batches=82 last/first=9.60 freeKB_at_end/totalKB=0/1024 arms=+43 refusals=+1 trace_flushes=+9 fill_ms=2754 queued=true running=true lastError=<null>
    threehalf-array-r3-D-C CAP-IDLE| ticks=400 arms=+0 collects=+0 bailouts=+0 refusals=+0 trace_flushes=+0 trace_flush_bytes=+0 park_resets=+0 traces_live 108 -> 114 armed=0 state=0 stepmul=200 threshold=927600 gctotal=464167 ccap=2052360 cused=464167 parked=false wallstats=present running=true
    threehalf-array-r3-D-C CAP-LIVE| used=464301 kernelMemory=164923 user=299378 count(3 collects)=464253/464253/464253 total=2052360 traces_live=114
    threehalf-array-r3-D-C CAP-GC| collects=+43 bailouts=+0 overdrafts=+583 od_peak=27297 od_state=0 park_resets=+0 od_limit=128272 kslice=16384 gc_low=362061 armby=2 window=n/a lends=+n/a win=n/a refused=n/a end: armed=0 state=0 stepmul=200 threshold=767800 gctotal=406749 ccap=2052360 cused=406749 parked=false
    threehalf-array-r3-D-C CAP-X| batch=100 junk=24 OCLJCAPX=82/8100/0/0 traces(start/abort) 278/164 -> 442/209 class=CLEAN site=-
    threehalf-array-r3-D-C SMOKE| MILESTONE km-1-kernel-init-compiles-nothing: PASS -- traces live at the kernelMemory baseline = 0; kernelMemory=164923
    threehalf-array-r3-D-C SMOKE| MILESTONE cap-1-refusal-caught-machine-survives: PASS -- shape=array OCLJCAP=done/8192/not_enough_memory running=true lastError=<null>
threehalf-array-r3-D-W exit=0 CLASS=CLEAN APACITY| shape=array native=additive jit=on jitearly=- tier=1024KB scale=1.8 kernelMemory=164923 held=8192 why=not_enough_memory t_first5=0.0004 t_last5=0.0027 batches=82 last/first=6.75 freeKB_at_end/totalKB=0/1024 arms=+50 refusals=+1 trace_flushes=+9 fill_ms=2736 queued=true running=true lastError=<null>
    threehalf-array-r3-D-W CAP-IDLE| ticks=400 arms=+0 collects=+0 bailouts=+0 refusals=+0 trace_flushes=+0 trace_flush_bytes=+0 park_resets=+0 traces_live 109 -> 121 armed=0 state=0 stepmul=200 threshold=937600 gctotal=505187 ccap=2052360 cused=505187 parked=false wallstats=present running=true
    threehalf-array-r3-D-W CAP-LIVE| used=469305 kernelMemory=164923 user=304382 count(3 collects)=469321/469257/469257 total=2052360 traces_live=121
    threehalf-array-r3-D-W CAP-GC| collects=+50 bailouts=+0 overdrafts=+319 od_peak=22493 od_state=0 park_resets=+0 od_limit=128272 kslice=16384 gc_low=359173 armby=2 window=4096 lends=+0 win=0 refused=65536 end: armed=0 state=0 stepmul=200 threshold=770400 gctotal=400081 ccap=2052360 cused=400081 parked=false
    threehalf-array-r3-D-W CAP-X| batch=100 junk=24 OCLJCAPX=82/8100/0/0 traces(start/abort) 265/144 -> 423/175 class=CLEAN site=-
    threehalf-array-r3-D-W SMOKE| MILESTONE km-1-kernel-init-compiles-nothing: PASS -- traces live at the kernelMemory baseline = 0; kernelMemory=164923
    threehalf-array-r3-D-W SMOKE| MILESTONE cap-1-refusal-caught-machine-survives: PASS -- shape=array OCLJCAP=done/8192/not_enough_memory running=true lastError=<null>
threehalf-record-r3-S-stock exit=0 CLASS=CLEAN APACITY| shape=record native=stock jit=on jitearly=- tier=1024KB scale=1.8 kernelMemory=174605 held=4096 why=not_enough_memory t_first5=0.0015 t_last5=0.0019 batches=41 last/first=1.27 freeKB_at_end/totalKB=29/1024 arms=+n/a refusals=+n/a trace_flushes=+n/a fill_ms=1994 queued=true running=true lastError=<null>
    threehalf-record-r3-S-stock CAP-IDLE| ticks=400 arms=+n/a collects=+n/a bailouts=+n/a refusals=+n/a trace_flushes=+n/a trace_flush_bytes=+n/a park_resets=+n/a traces_live -1 -> -1 armed=n/a state=n/a stepmul=n/a threshold=n/a gctotal=n/a ccap=n/a cused=n/a parked=false wallstats=n/a running=true
    threehalf-record-r3-S-stock CAP-LIVE| used=431797 kernelMemory=174605 user=257192 count(3 collects)=434192/434192/434192 total=2062042 traces_live=-1
    threehalf-record-r3-S-stock CAP-GC| collects=+n/a bailouts=+n/a overdrafts=+n/a od_peak=n/a od_state=n/a park_resets=+n/a od_limit=n/a kslice=n/a gc_low=n/a armby=n/a window=n/a lends=+n/a win=n/a refused=n/a end: armed=n/a state=n/a stepmul=n/a threshold=n/a gctotal=n/a ccap=n/a cused=n/a parked=false
    threehalf-record-r3-S-stock CAP-X| batch=100 junk=24 OCLJCAPX=41/4000/0/0 traces(start/abort) n/a -> n/a class=CLEAN site=-
    threehalf-record-r3-S-stock SMOKE| MILESTONE km-1-kernel-init-compiles-nothing: SKIP -- kernel=stock: OpenComputers' own kernel has no site 13 (not counted)
    threehalf-record-r3-S-stock SMOKE| MILESTONE cap-1-refusal-caught-machine-survives: PASS -- shape=record OCLJCAP=done/4096/not_enough_memory running=true lastError=<null>
threehalf-record-r3-D-C exit=0 CLASS=CLEAN APACITY| shape=record native=additive jit=on jitearly=- tier=1024KB scale=1.8 kernelMemory=164923 held=5881 why=not_enough_memory t_first5=0.0004 t_last5=0.0074 batches=59 last/first=18.50 freeKB_at_end/totalKB=0/1024 arms=+58 refusals=+2 trace_flushes=+11 fill_ms=2246 queued=true running=true lastError=<null>
    threehalf-record-r3-D-C CAP-IDLE| ticks=400 arms=+0 collects=+0 bailouts=+0 refusals=+0 trace_flushes=+0 trace_flush_bytes=+0 park_resets=+0 traces_live 109 -> 117 armed=0 state=0 stepmul=200 threshold=930200 gctotal=493498 ccap=2052360 cused=493498 parked=false wallstats=present running=true
    threehalf-record-r3-D-C CAP-LIVE| used=465612 kernelMemory=164923 user=300689 count(3 collects)=465628/465564/465564 total=2052360 traces_live=117
    threehalf-record-r3-D-C CAP-GC| collects=+58 bailouts=+0 overdrafts=+3821 od_peak=128242 od_state=0 park_resets=+0 od_limit=128272 kslice=16384 gc_low=382393 armby=2 window=n/a lends=+n/a win=n/a refused=n/a end: armed=0 state=0 stepmul=200 threshold=809000 gctotal=441333 ccap=2052360 cused=441333 parked=false
    threehalf-record-r3-D-C CAP-X| batch=100 junk=24 OCLJCAPX=59/5800/0/0 traces(start/abort) 275/158 -> 418/193 class=CLEAN site=-
    threehalf-record-r3-D-C SMOKE| MILESTONE km-1-kernel-init-compiles-nothing: PASS -- traces live at the kernelMemory baseline = 0; kernelMemory=164923
    threehalf-record-r3-D-C SMOKE| MILESTONE cap-1-refusal-caught-machine-survives: PASS -- shape=record OCLJCAP=done/5881/not_enough_memory running=true lastError=<null>
threehalf-record-r3-D-W exit=0 CLASS=CLEAN APACITY| shape=record native=additive jit=on jitearly=- tier=1024KB scale=1.8 kernelMemory=164923 held=5665 why=not_enough_memory t_first5=0.0005 t_last5=0.0134 batches=57 last/first=26.80 freeKB_at_end/totalKB=0/1024 arms=+43 refusals=+1 trace_flushes=+9 fill_ms=2245 queued=true running=true lastError=<null>
    threehalf-record-r3-D-W CAP-IDLE| ticks=400 arms=+0 collects=+0 bailouts=+0 refusals=+0 trace_flushes=+0 trace_flush_bytes=+0 park_resets=+0 traces_live 108 -> 117 armed=0 state=0 stepmul=200 threshold=939200 gctotal=477068 ccap=2052360 cused=477068 parked=false wallstats=present running=true
    threehalf-record-r3-D-W CAP-LIVE| used=470094 kernelMemory=164923 user=305171 count(3 collects)=470110/470046/470046 total=2052360 traces_live=117
    threehalf-record-r3-D-W CAP-GC| collects=+43 bailouts=+0 overdrafts=+1701 od_peak=64254 od_state=0 park_resets=+0 od_limit=128272 kslice=16384 gc_low=380469 armby=2 window=4096 lends=+6 win=0 refused=40 end: armed=0 state=0 stepmul=200 threshold=826600 gctotal=434913 ccap=2052360 cused=434913 parked=false
    threehalf-record-r3-D-W CAP-X| batch=100 junk=24 OCLJCAPX=57/5600/0/0 traces(start/abort) 290/173 -> 432/205 class=CLEAN site=-
    threehalf-record-r3-D-W SMOKE| MILESTONE km-1-kernel-init-compiles-nothing: PASS -- traces live at the kernelMemory baseline = 0; kernelMemory=164923
    threehalf-record-r3-D-W SMOKE| MILESTONE cap-1-refusal-caught-machine-survives: PASS -- shape=record OCLJCAP=done/5665/not_enough_memory running=true lastError=<null>
threehalf-closure-r4-S-stock exit=0 CLASS=CLEAN APACITY| shape=closure native=stock jit=on jitearly=- tier=1024KB scale=1.8 kernelMemory=174605 held=8192 why=not_enough_memory t_first5=0.0010 t_last5=0.0029 batches=82 last/first=2.90 freeKB_at_end/totalKB=22/1024 arms=+n/a refusals=+n/a trace_flushes=+n/a fill_ms=2744 queued=true running=true lastError=<null>
    threehalf-closure-r4-S-stock CAP-IDLE| ticks=400 arms=+n/a collects=+n/a bailouts=+n/a refusals=+n/a trace_flushes=+n/a trace_flush_bytes=+n/a park_resets=+n/a traces_live -1 -> -1 armed=n/a state=n/a stepmul=n/a threshold=n/a gctotal=n/a ccap=n/a cused=n/a parked=false wallstats=n/a running=true
    threehalf-closure-r4-S-stock CAP-LIVE| used=431838 kernelMemory=174605 user=257233 count(3 collects)=434233/434233/434233 total=2062042 traces_live=-1
    threehalf-closure-r4-S-stock CAP-GC| collects=+n/a bailouts=+n/a overdrafts=+n/a od_peak=n/a od_state=n/a park_resets=+n/a od_limit=n/a kslice=n/a gc_low=n/a armby=n/a window=n/a lends=+n/a win=n/a refused=n/a end: armed=n/a state=n/a stepmul=n/a threshold=n/a gctotal=n/a ccap=n/a cused=n/a parked=false
    threehalf-closure-r4-S-stock CAP-X| batch=100 junk=24 OCLJCAPX=82/8100/0/0 traces(start/abort) n/a -> n/a class=CLEAN site=-
    threehalf-closure-r4-S-stock SMOKE| MILESTONE km-1-kernel-init-compiles-nothing: SKIP -- kernel=stock: OpenComputers' own kernel has no site 13 (not counted)
    threehalf-closure-r4-S-stock SMOKE| MILESTONE cap-1-refusal-caught-machine-survives: PASS -- shape=closure OCLJCAP=done/8192/not_enough_memory running=true lastError=<null>
threehalf-closure-r4-D-C exit=0 CLASS=CLEAN APACITY| shape=closure native=additive jit=on jitearly=- tier=1024KB scale=1.8 kernelMemory=164923 held=8025 why=not_enough_memory t_first5=0.0004 t_last5=0.0101 batches=81 last/first=25.25 freeKB_at_end/totalKB=0/1024 arms=+75 refusals=+1 trace_flushes=+12 fill_ms=2744 queued=true running=true lastError=<null>
    threehalf-closure-r4-D-C CAP-IDLE| ticks=400 arms=+0 collects=+0 bailouts=+0 refusals=+0 trace_flushes=+0 trace_flush_bytes=+0 park_resets=+0 traces_live 107 -> 117 armed=0 state=0 stepmul=200 threshold=937200 gctotal=496952 ccap=2052360 cused=496952 parked=false wallstats=present running=true
    threehalf-closure-r4-D-C CAP-LIVE| used=469066 kernelMemory=164923 user=304143 count(3 collects)=469082/469018/469018 total=2052360 traces_live=117
    threehalf-closure-r4-D-C CAP-GC| collects=+75 bailouts=+0 overdrafts=+3653 od_peak=64130 od_state=0 park_resets=+0 od_limit=128272 kslice=16384 gc_low=378445 armby=2 window=n/a lends=+n/a win=n/a refused=n/a end: armed=0 state=0 stepmul=200 threshold=805000 gctotal=425325 ccap=2052360 cused=425325 parked=false
    threehalf-closure-r4-D-C CAP-X| batch=100 junk=24 OCLJCAPX=81/8000/0/0 traces(start/abort) 250/133 -> 405/175 class=CLEAN site=-
    threehalf-closure-r4-D-C SMOKE| MILESTONE km-1-kernel-init-compiles-nothing: PASS -- traces live at the kernelMemory baseline = 0; kernelMemory=164923
    threehalf-closure-r4-D-C SMOKE| MILESTONE cap-1-refusal-caught-machine-survives: PASS -- shape=closure OCLJCAP=done/8025/not_enough_memory running=true lastError=<null>
threehalf-closure-r4-D-W exit=0 CLASS=CLEAN APACITY| shape=closure native=additive jit=on jitearly=- tier=1024KB scale=1.8 kernelMemory=164923 held=8019 why=not_enough_memory t_first5=0.0005 t_last5=0.0133 batches=81 last/first=26.60 freeKB_at_end/totalKB=0/1024 arms=+78 refusals=+1 trace_flushes=+12 fill_ms=2740 queued=true running=true lastError=<null>
    threehalf-closure-r4-D-W CAP-IDLE| ticks=400 arms=+0 collects=+0 bailouts=+0 refusals=+0 trace_flushes=+0 trace_flush_bytes=+0 park_resets=+0 traces_live 98 -> 103 armed=0 state=0 stepmul=200 threshold=920600 gctotal=467732 ccap=2052360 cused=467732 parked=false wallstats=present running=true
    threehalf-closure-r4-D-W CAP-LIVE| used=460758 kernelMemory=164923 user=295835 count(3 collects)=460774/460710/460710 total=2052360 traces_live=103
    threehalf-closure-r4-D-W CAP-GC| collects=+78 bailouts=+0 overdrafts=+3635 od_peak=64270 od_state=0 park_resets=+0 od_limit=128272 kslice=16384 gc_low=379321 armby=2 window=4096 lends=+5 win=0 refused=52 end: armed=0 state=0 stepmul=200 threshold=804200 gctotal=416937 ccap=2052360 cused=416937 parked=false
    threehalf-closure-r4-D-W CAP-X| batch=100 junk=24 OCLJCAPX=81/8000/0/0 traces(start/abort) 239/136 -> 402/192 class=CLEAN site=-
    threehalf-closure-r4-D-W SMOKE| MILESTONE km-1-kernel-init-compiles-nothing: PASS -- traces live at the kernelMemory baseline = 0; kernelMemory=164923
    threehalf-closure-r4-D-W SMOKE| MILESTONE cap-1-refusal-caught-machine-survives: PASS -- shape=closure OCLJCAP=done/8019/not_enough_memory running=true lastError=<null>
threehalf-array-r4-S-stock exit=0 CLASS=CLEAN APACITY| shape=array native=stock jit=on jitearly=- tier=1024KB scale=1.8 kernelMemory=174605 held=4384 why=not_enough_memory t_first5=0.0009 t_last5=0.0044 batches=44 last/first=4.89 freeKB_at_end/totalKB=0/1024 arms=+n/a refusals=+n/a trace_flushes=+n/a fill_ms=1996 queued=true running=true lastError=<null>
    threehalf-array-r4-S-stock CAP-IDLE| ticks=400 arms=+n/a collects=+n/a bailouts=+n/a refusals=+n/a trace_flushes=+n/a trace_flush_bytes=+n/a park_resets=+n/a traces_live -1 -> -1 armed=n/a state=n/a stepmul=n/a threshold=n/a gctotal=n/a ccap=n/a cused=n/a parked=false wallstats=n/a running=true
    threehalf-array-r4-S-stock CAP-LIVE| used=431660 kernelMemory=174605 user=257055 count(3 collects)=434055/434055/434055 total=2062042 traces_live=-1
    threehalf-array-r4-S-stock CAP-GC| collects=+n/a bailouts=+n/a overdrafts=+n/a od_peak=n/a od_state=n/a park_resets=+n/a od_limit=n/a kslice=n/a gc_low=n/a armby=n/a window=n/a lends=+n/a win=n/a refused=n/a end: armed=n/a state=n/a stepmul=n/a threshold=n/a gctotal=n/a ccap=n/a cused=n/a parked=false
    threehalf-array-r4-S-stock CAP-X| batch=100 junk=24 OCLJCAPX=44/4300/0/0 traces(start/abort) n/a -> n/a class=CLEAN site=-
    threehalf-array-r4-S-stock SMOKE| MILESTONE km-1-kernel-init-compiles-nothing: SKIP -- kernel=stock: OpenComputers' own kernel has no site 13 (not counted)
    threehalf-array-r4-S-stock SMOKE| MILESTONE cap-1-refusal-caught-machine-survives: PASS -- shape=array OCLJCAP=done/4384/not_enough_memory running=true lastError=<null>
threehalf-array-r4-D-C exit=0 CLASS=CLEAN APACITY| shape=array native=additive jit=on jitearly=- tier=1024KB scale=1.8 kernelMemory=164923 held=8192 why=not_enough_memory t_first5=0.0003 t_last5=0.0044 batches=82 last/first=14.67 freeKB_at_end/totalKB=0/1024 arms=+56 refusals=+1 trace_flushes=+11 fill_ms=2736 queued=true running=true lastError=<null>
    threehalf-array-r4-D-C CAP-IDLE| ticks=400 arms=+0 collects=+0 bailouts=+0 refusals=+0 trace_flushes=+0 trace_flush_bytes=+0 park_resets=+0 traces_live 109 -> 112 armed=0 state=0 stepmul=200 threshold=926200 gctotal=499447 ccap=2052360 cused=499447 parked=false wallstats=present running=true
    threehalf-array-r4-D-C CAP-LIVE| used=463565 kernelMemory=164923 user=298642 count(3 collects)=463581/463517/463517 total=2052360 traces_live=112
    threehalf-array-r4-D-C CAP-GC| collects=+56 bailouts=+0 overdrafts=+1234 od_peak=40417 od_state=0 park_resets=+0 od_limit=128272 kslice=16384 gc_low=380769 armby=2 window=n/a lends=+n/a win=n/a refused=n/a end: armed=0 state=0 stepmul=200 threshold=808000 gctotal=418861 ccap=2052360 cused=418861 parked=false
    threehalf-array-r4-D-C CAP-X| batch=100 junk=24 OCLJCAPX=82/8100/0/0 traces(start/abort) 264/152 -> 426/191 class=CLEAN site=-
    threehalf-array-r4-D-C SMOKE| MILESTONE km-1-kernel-init-compiles-nothing: PASS -- traces live at the kernelMemory baseline = 0; kernelMemory=164923
    threehalf-array-r4-D-C SMOKE| MILESTONE cap-1-refusal-caught-machine-survives: PASS -- shape=array OCLJCAP=done/8192/not_enough_memory running=true lastError=<null>
threehalf-array-r4-D-W exit=0 CLASS=CLEAN APACITY| shape=array native=additive jit=on jitearly=- tier=1024KB scale=1.8 kernelMemory=164923 held=8192 why=not_enough_memory t_first5=0.0005 t_last5=0.0029 batches=82 last/first=5.80 freeKB_at_end/totalKB=0/1024 arms=+47 refusals=+1 trace_flushes=+9 fill_ms=2740 queued=true running=true lastError=<null>
    threehalf-array-r4-D-W CAP-IDLE| ticks=400 arms=+0 collects=+0 bailouts=+0 refusals=+0 trace_flushes=+0 trace_flush_bytes=+0 park_resets=+0 traces_live 113 -> 120 armed=0 state=0 stepmul=200 threshold=966800 gctotal=498819 ccap=2052360 cused=498819 parked=false wallstats=present running=true
    threehalf-array-r4-D-W CAP-LIVE| used=483849 kernelMemory=164923 user=318926 count(3 collects)=483865/483801/483801 total=2052360 traces_live=120
    threehalf-array-r4-D-W CAP-GC| collects=+47 bailouts=+0 overdrafts=+608 od_peak=27517 od_state=0 park_resets=+0 od_limit=128272 kslice=16384 gc_low=363197 armby=2 window=4096 lends=+0 win=0 refused=65536 end: armed=0 state=0 stepmul=200 threshold=796000 gctotal=434933 ccap=2052360 cused=434933 parked=false
    threehalf-array-r4-D-W CAP-X| batch=100 junk=24 OCLJCAPX=82/8100/0/0 traces(start/abort) 282/162 -> 442/202 class=CLEAN site=-
    threehalf-array-r4-D-W SMOKE| MILESTONE km-1-kernel-init-compiles-nothing: PASS -- traces live at the kernelMemory baseline = 0; kernelMemory=164923
    threehalf-array-r4-D-W SMOKE| MILESTONE cap-1-refusal-caught-machine-survives: PASS -- shape=array OCLJCAP=done/8192/not_enough_memory running=true lastError=<null>
threehalf-record-r4-S-stock exit=0 CLASS=CLEAN APACITY| shape=record native=stock jit=on jitearly=- tier=1024KB scale=1.8 kernelMemory=174605 held=4251 why=not_enough_memory t_first5=0.0014 t_last5=0.0040 batches=43 last/first=2.86 freeKB_at_end/totalKB=0/1024 arms=+n/a refusals=+n/a trace_flushes=+n/a fill_ms=1998 queued=true running=true lastError=<null>
    threehalf-record-r4-S-stock CAP-IDLE| ticks=400 arms=+n/a collects=+n/a bailouts=+n/a refusals=+n/a trace_flushes=+n/a trace_flush_bytes=+n/a park_resets=+n/a traces_live -1 -> -1 armed=n/a state=n/a stepmul=n/a threshold=n/a gctotal=n/a ccap=n/a cused=n/a parked=false wallstats=n/a running=true
    threehalf-record-r4-S-stock CAP-LIVE| used=431731 kernelMemory=174605 user=257126 count(3 collects)=434126/434126/434126 total=2062042 traces_live=-1
    threehalf-record-r4-S-stock CAP-GC| collects=+n/a bailouts=+n/a overdrafts=+n/a od_peak=n/a od_state=n/a park_resets=+n/a od_limit=n/a kslice=n/a gc_low=n/a armby=n/a window=n/a lends=+n/a win=n/a refused=n/a end: armed=n/a state=n/a stepmul=n/a threshold=n/a gctotal=n/a ccap=n/a cused=n/a parked=false
    threehalf-record-r4-S-stock CAP-X| batch=100 junk=24 OCLJCAPX=43/4200/0/0 traces(start/abort) n/a -> n/a class=CLEAN site=-
    threehalf-record-r4-S-stock SMOKE| MILESTONE km-1-kernel-init-compiles-nothing: SKIP -- kernel=stock: OpenComputers' own kernel has no site 13 (not counted)
    threehalf-record-r4-S-stock SMOKE| MILESTONE cap-1-refusal-caught-machine-survives: PASS -- shape=record OCLJCAP=done/4251/not_enough_memory running=true lastError=<null>
threehalf-record-r4-D-C exit=0 CLASS=CLEAN APACITY| shape=record native=additive jit=on jitearly=- tier=1024KB scale=1.8 kernelMemory=164923 held=5673 why=not_enough_memory t_first5=0.0004 t_last5=0.0094 batches=57 last/first=23.50 freeKB_at_end/totalKB=0/1024 arms=+49 refusals=+1 trace_flushes=+9 fill_ms=2239 queued=true running=true lastError=<null>
    threehalf-record-r4-D-C CAP-IDLE| ticks=400 arms=+0 collects=+0 bailouts=+0 refusals=+0 trace_flushes=+0 trace_flush_bytes=+0 park_resets=+0 traces_live 108 -> 115 armed=0 state=0 stepmul=200 threshold=924000 gctotal=490342 ccap=2052360 cused=490342 parked=false wallstats=present running=true
    threehalf-record-r4-D-C CAP-LIVE| used=462456 kernelMemory=164923 user=297533 count(3 collects)=462472/462408/462408 total=2052360 traces_live=115
    threehalf-record-r4-D-C CAP-GC| collects=+49 bailouts=+0 overdrafts=+1985 od_peak=64122 od_state=0 park_resets=+0 od_limit=128272 kslice=16384 gc_low=380041 armby=2 window=n/a lends=+n/a win=n/a refused=n/a end: armed=0 state=0 stepmul=200 threshold=810000 gctotal=441193 ccap=2052360 cused=441193 parked=false
    threehalf-record-r4-D-C CAP-X| batch=100 junk=24 OCLJCAPX=57/5600/0/0 traces(start/abort) 292/177 -> 417/201 class=CLEAN site=-
    threehalf-record-r4-D-C SMOKE| MILESTONE km-1-kernel-init-compiles-nothing: PASS -- traces live at the kernelMemory baseline = 0; kernelMemory=164923
    threehalf-record-r4-D-C SMOKE| MILESTONE cap-1-refusal-caught-machine-survives: PASS -- shape=record OCLJCAP=done/5673/not_enough_memory running=true lastError=<null>
threehalf-record-r4-D-W exit=0 CLASS=CLEAN APACITY| shape=record native=additive jit=on jitearly=- tier=1024KB scale=1.8 kernelMemory=164923 held=5669 why=not_enough_memory t_first5=0.0005 t_last5=0.0085 batches=57 last/first=17.00 freeKB_at_end/totalKB=0/1024 arms=+55 refusals=+1 trace_flushes=+9 fill_ms=2253 queued=true running=true lastError=<null>
    threehalf-record-r4-D-W CAP-IDLE| ticks=400 arms=+0 collects=+0 bailouts=+0 refusals=+0 trace_flushes=+0 trace_flush_bytes=+0 park_resets=+0 traces_live 118 -> 123 armed=0 state=0 stepmul=200 threshold=957600 gctotal=486264 ccap=2052360 cused=486264 parked=false wallstats=present running=true
    threehalf-record-r4-D-W CAP-LIVE| used=479290 kernelMemory=164923 user=314367 count(3 collects)=479306/479242/479242 total=2052360 traces_live=123
    threehalf-record-r4-D-W CAP-GC| collects=+55 bailouts=+0 overdrafts=+1979 od_peak=64246 od_state=0 park_resets=+0 od_limit=128272 kslice=16384 gc_low=381465 armby=2 window=4096 lends=+3 win=0 refused=52 end: armed=0 state=0 stepmul=200 threshold=822200 gctotal=432085 ccap=2052360 cused=432085 parked=false
    threehalf-record-r4-D-W CAP-X| batch=100 junk=24 OCLJCAPX=57/5600/0/0 traces(start/abort) 284/161 -> 410/182 class=CLEAN site=-
    threehalf-record-r4-D-W SMOKE| MILESTONE km-1-kernel-init-compiles-nothing: PASS -- traces live at the kernelMemory baseline = 0; kernelMemory=164923
    threehalf-record-r4-D-W SMOKE| MILESTONE cap-1-refusal-caught-machine-survives: PASS -- shape=record OCLJCAP=done/5669/not_enough_memory running=true lastError=<null>
