== 10:58:51 chainB3 start; java procs: 0
fullB3-dropin-on exit=0
    SMOKE| RAM tier = threehalf (1024 KB as the sandbox sees it; x ramScale 1.8 real bytes, plus kernelMemory)
    SMOKE| PHASE1 ROW: native=luajit kernel=watchdog jit=on  mandelbrot/ok/37904620/0.0652/0.0711/625/5
    SMOKE| PHASE1 ROW: native=luajit kernel=watchdog jit=on  binarytrees/ok/7038400/0.4304/0.4402/715/5
    SMOKE| PHASE1 ROW: native=luajit kernel=watchdog jit=on  trampoline/ok/247388/0.2526/0.3020/652/5
    SMOKE| PHASE1 ROW: native=luajit kernel=watchdog jit=on  matmul/ok/481.0000/0.0979/0.1022/759/5
    SMOKE| PHASE1 ROW: native=luajit kernel=watchdog jit=on  strings2/ok/12582912-3852468224/0.2265/0.2337/456/5
    SMOKE| PHASE1 ROW: native=luajit kernel=watchdog jit=on  nqueens/ok/85200/0.5683/1.1230/905/5
    SMOKE| PHASE1 ROW: native=luajit kernel=watchdog jit=on  sha256/ok/4044b97490ea337483cb563ee4336c024272c962e86475de24c58abaade25a5d/0.0529/0.0674/781/5
    SMOKE| MILESTONE acc-4/5/7: SKIP -- native=luajit: they test LuaStateLuaJIT, which the dropin arm does not use (not counted)
    SMOKE| CHECKS: 62   FAILURES: 0   WALL: 92.2s
    SMOKE| VERDICT: PASS
    SMOKE PASS -- OpenOS booted on LuaJIT, persisted, and resumed.
fullB3-additive-on exit=0
    SMOKE| RAM tier = threehalf (1024 KB as the sandbox sees it; x ramScale 1.8 real bytes, plus kernelMemory)
    SMOKE| PHASE1 ROW: native=additive kernel=watchdog jit=on  mandelbrot/ok/37904620/0.0636/0.0666/635/5
    SMOKE| PHASE1 ROW: native=additive kernel=watchdog jit=on  binarytrees/ok/7038400/0.2497/0.2849/502/5
    SMOKE| PHASE1 ROW: native=additive kernel=watchdog jit=on  trampoline/ok/247388/0.2272/0.2505/790/5
    SMOKE| PHASE1 ROW: native=additive kernel=watchdog jit=on  matmul/ok/481.0000/0.0995/0.1229/479/5
    SMOKE| PHASE1 ROW: native=additive kernel=watchdog jit=on  strings2/ok/12582912-3852468224/0.1877/0.2086/489/5
    SMOKE| PHASE1 ROW: native=additive kernel=watchdog jit=on  nqueens/ok/85200/0.5672/1.1413/415/5
    SMOKE| PHASE1 ROW: native=additive kernel=watchdog jit=on  sha256/ok/4044b97490ea337483cb563ee4336c024272c962e86475de24c58abaade25a5d/0.0519/0.0700/698/5
    SMOKE| CHECKS: 65   FAILURES: 0   WALL: 92.1s
    SMOKE| VERDICT: PASS
    SMOKE PASS -- OpenOS booted on LuaJIT, persisted, and resumed.
fullB3-additive-off exit=0
    SMOKE| RAM tier = threehalf (1024 KB as the sandbox sees it; x ramScale 1.8 real bytes, plus kernelMemory)
    SMOKE| PHASE1 ROW: native=additive kernel=watchdog jit=off  mandelbrot/ok/37904620/0.3898/0.4235/905/5
    SMOKE| PHASE1 ROW: native=additive kernel=watchdog jit=off  binarytrees/ok/7038400/0.3502/0.3633/829/5
    SMOKE| PHASE1 ROW: native=additive kernel=watchdog jit=off  trampoline/ok/247388/0.2880/0.3876/892/5
    SMOKE| PHASE1 ROW: native=additive kernel=watchdog jit=off  matmul/ok/481.0000/0.6154/0.6454/747/5
    SMOKE| PHASE1 ROW: native=additive kernel=watchdog jit=off  strings2/ok/12582912-3852468224/0.4231/0.4364/514/5
    SMOKE| PHASE1 ROW: native=additive kernel=watchdog jit=off  nqueens/ok/85200/0.9317/1.1490/916/5
    SMOKE| PHASE1 ROW: native=additive kernel=watchdog jit=off  sha256/ok/4044b97490ea337483cb563ee4336c024272c962e86475de24c58abaade25a5d/0.8099/0.8189/651/5
    SMOKE| MILESTONE mem-2-pressure-flushes-traces: SKIP -- jit=off: no trace is ever resident, so there is nothing to flush (not counted)
    SMOKE| CHECKS: 63   FAILURES: 0   WALL: 95.4s
    SMOKE| VERDICT: PASS
    SMOKE PASS -- OpenOS booted on LuaJIT, persisted, and resumed.
fullB3-additive-sieve exit=0
    SMOKE| RAM tier = threehalf (1024 KB as the sandbox sees it; x ramScale 1.8 real bytes, plus kernelMemory)
    SMOKE| PHASE1 ROW: native=additive kernel=watchdog jit=on  sieve/ok/4626000/0.1304/0.1421/556/2
    SMOKE| CHECKS: 59   FAILURES: 0   WALL: 82.0s
    SMOKE| VERDICT: PASS
    SMOKE PASS -- OpenOS booted on LuaJIT, persisted, and resumed.
fullB3-stock exit=0
    SMOKE| RAM tier = threehalf (1024 KB as the sandbox sees it; x ramScale 1.8 real bytes, plus kernelMemory)
    SMOKE| MILESTONE al-1-machine-heap-is-lj-alloc: SKIP -- native=stock: PUC has no _OCLJ_GCSTATS (not counted)
    SMOKE| MILESTONE acc-1-machine-handover: SKIP -- native=stock: PUC has no _OCLJ_GCSTATS (not counted)
    SMOKE| PHASE1 ROW: native=stock kernel=stock jit=on  mandelbrot/ok/37904620/0.8209/0.9070/592/5
    SMOKE| PHASE1 ROW: native=stock kernel=stock jit=on  binarytrees/ok/7038400/1.6988/1.9571/757/5
    SMOKE| PHASE1 ROW: native=stock kernel=stock jit=on  trampoline/ok/247388/0.4190/0.4591/779/5
    SMOKE| PHASE1 ROW: native=stock kernel=stock jit=on  matmul/ok/481.0000/1.2600/1.4134/200/5
    SMOKE| PHASE1 ROW: native=stock kernel=stock jit=on  strings2/ok/12582912-3852468224/0.7848/0.8741/382/5
    SMOKE| PHASE1 ROW: native=stock kernel=stock jit=on  nqueens/ok/85200/2.0778/2.3695/566/5
    SMOKE| PHASE1 ROW: native=stock kernel=stock jit=on  sha256/ok/4044b97490ea337483cb563ee4336c024272c962e86475de24c58abaade25a5d/0.9761/0.9951/232/5
    SMOKE| MILESTONE acc-1r-restored-machine-handover: SKIP -- native=stock (not counted)
    SMOKE| MILESTONE acc-3..7: SKIP -- native=stock: PUC's accounting is jnlua's own (not counted)
    SMOKE| CHECKS: 47   FAILURES: 0   WALL: 81.8s
    SMOKE| VERDICT: PASS
    SMOKE PASS (BASELINE) -- OpenOS booted on ocelot-brain's stock PUC-Lua 5.2,
one-record-r1-S-stock exit=0 APACITY| shape=record native=stock jit=on jitearly=- tier=192KB scale=1.8 kernelMemory=174605 held=226 why=not_enough_memory t_first5=0.0026 t_last5=0.0026 batches=3 last/first=1.00 freeKB_at_end/totalKB=0/192 arms=+n/a refusals=+n/a trace_flushes=+n/a fill_ms=1497 queued=true running=true lastError=<null>
    one-record-r1-S-stock CAP-IDLE| ticks=400 arms=+n/a collects=+n/a bailouts=+n/a refusals=+n/a trace_flushes=+n/a park_resets=+n/a traces_live -1 -> -1 armed=n/a state=n/a stepmul=n/a threshold=n/a gctotal=n/a ccap=n/a cused=n/a parked=false wallstats=n/a running=true
    one-record-r1-S-stock CAP-LIVE| used=430605 kernelMemory=174605 user=256000 count(3 collects)=433000/433000/433000 total=528500 traces_live=-1
    one-record-r1-S-stock CAP-MID| snaps=0 stopped=0 stepmul0=0 parked=0 last: armed=n/a state=n/a stepmul=n/a threshold=n/a gctotal=n/a ccap=n/a cused=n/a
    one-record-r1-S-stock CAP-GC| collects=+n/a bailouts=+n/a overdrafts=+n/a od_peak=n/a od_state=n/a park_resets=+n/a od_limit=n/a kslice=n/a gc_low=n/a armby=n/a end: armed=n/a state=n/a stepmul=n/a threshold=n/a gctotal=n/a ccap=n/a cused=n/a parked=false
    one-record-r1-S-stock SMOKE| MILESTONE cap-1-refusal-caught-machine-survives: PASS -- shape=record OCLJCAP=done/226/not_enough_memory running=true lastError=<null>
one-record-r1-D-B3 exit=0 APACITY| shape=record native=additive jit=on jitearly=- tier=192KB scale=1.8 kernelMemory=413325 held=1354 why=not_enough_memory t_first5=0.0008 t_last5=0.0064 batches=14 last/first=8.00 freeKB_at_end/totalKB=0/192 arms=+33 refusals=+1 trace_flushes=+7 fill_ms=1495 queued=true running=true lastError=<null>
    one-record-r1-D-B3 CAP-IDLE| ticks=400 arms=+0 collects=+0 bailouts=+0 refusals=+0 trace_flushes=+0 park_resets=+0 traces_live 96 -> 109 armed=0 state=0 stepmul=200 threshold=910600 gctotal=515899 ccap=767220 cused=515899 parked=false wallstats=present running=true
    one-record-r1-D-B3 CAP-LIVE| used=455813 kernelMemory=413325 user=42488 count(3 collects)=455765/455765/455765 total=767220 traces_live=109
    one-record-r1-D-B3 CAP-MID| snaps=8 stopped=0 stepmul0=0 parked=0 last: armed=0 state=0 stepmul=200 threshold=769200 gctotal=390419 ccap=767220 cused=390419
    one-record-r1-D-B3 CAP-GC| collects=+33 bailouts=+0 overdrafts=+738 od_peak=23931 od_state=0 park_resets=+0 od_limit=47951 kslice=16384 gc_low=378397 armby=2 end: armed=0 state=0 stepmul=200 threshold=805600 gctotal=409053 ccap=767220 cused=409053 parked=false
    one-record-r1-D-B3 SMOKE| MILESTONE cap-1-refusal-caught-machine-survives: PASS -- shape=record OCLJCAP=done/1354/not_enough_memory running=true lastError=<null>
one-record-r1-E-B3 exit=1 APACITY| shape=record native=additive jit=on jitearly=off tier=192KB scale=1.8 kernelMemory=164525 held=? why=? t_first5=0.0012 t_last5=0.0023 batches=6 last/first=1.92 freeKB_at_end/totalKB=-1/-1 arms=+683 refusals=+3 trace_flushes=+201 fill_ms=250037 queued=true running=true lastError=<null>
    one-record-r1-E-B3 CAP-IDLE| ticks=400 arms=+40 collects=+40 bailouts=+0 refusals=+0 trace_flushes=+20 park_resets=+0 traces_live 31 -> 33 armed=0 state=0 stepmul=200 threshold=776800 gctotal=401265 ccap=518420 cused=401265 parked=false wallstats=present running=true
    one-record-r1-E-B3 CAP-LIVE| used=389387 kernelMemory=164525 user=224862 count(3 collects)=389339/389339/389339 total=518420 traces_live=33
    one-record-r1-E-B3 CAP-MID| snaps=8000 stopped=0 stepmul0=0 parked=0 last: armed=0 state=0 stepmul=200 threshold=772400 gctotal=398597 ccap=518420 cused=398597
    one-record-r1-E-B3 CAP-GC| collects=+683 bailouts=+0 overdrafts=+807 od_peak=32883 od_state=0 park_resets=+0 od_limit=32768 kslice=16384 gc_low=385097 armby=0 end: armed=0 state=0 stepmul=200 threshold=773200 gctotal=399041 ccap=518420 cused=399041 parked=false
    one-record-r1-E-B3 SMOKE| MILESTONE cap-1-refusal-caught-machine-survives: FAIL -- shape=record OCLJCAP=filling/600 running=true lastError=<null>   <- stuck at filling/600 with the machine up, the refusal path never reached (cap 8000 ticks)
    one-record-r1-E-B3     SMOKE| MILESTONE cap-1-refusal-caught-machine-survives: FAIL -- shape=record OCLJCAP=filling/600 running=true lastError=<null>   <- stuck at filling/600 with the machine up, the refusal path never reached (cap 8000 ticks)
one-record-r1-O-B3 exit=0 APACITY| shape=record native=additive jit=off jitearly=off tier=192KB scale=1.8 kernelMemory=164525 held=605 why=not_enough_memory t_first5=0.0008 t_last5=0.0026 batches=7 last/first=3.25 freeKB_at_end/totalKB=0/192 arms=+42 refusals=+1 trace_flushes=+0 fill_ms=1494 queued=true running=true lastError=<null>
    one-record-r1-O-B3 CAP-IDLE| ticks=400 arms=+1 collects=+1 bailouts=+0 refusals=+0 trace_flushes=+0 park_resets=+0 traces_live 0 -> 0 armed=0 state=0 stepmul=200 threshold=704600 gctotal=371613 ccap=518420 cused=371613 parked=false wallstats=present running=true
    one-record-r1-O-B3 CAP-LIVE| used=352879 kernelMemory=164525 user=188354 count(3 collects)=352831/352831/352831 total=518420 traces_live=0
    one-record-r1-O-B3 CAP-MID| snaps=8 stopped=0 stepmul0=0 parked=0 last: armed=0 state=0 stepmul=200 threshold=697800 gctotal=355729 ccap=518420 cused=355729
    one-record-r1-O-B3 CAP-GC| collects=+42 bailouts=+0 overdrafts=+542 od_peak=16355 od_state=0 park_resets=+0 od_limit=32768 kslice=16384 gc_low=348941 armby=1 end: armed=0 state=0 stepmul=200 threshold=697800 gctotal=360689 ccap=518420 cused=360689 parked=false
    one-record-r1-O-B3 SMOKE| MILESTONE cap-1-refusal-caught-machine-survives: PASS -- shape=record OCLJCAP=done/605/not_enough_memory running=true lastError=<null>
one-record-r1-L-B3 exit=0 APACITY| shape=record native=luajit jit=on jitearly=- tier=192KB scale=1.8 kernelMemory=348229 held=1122 why=not_enough_memory t_first5=0.0006 t_last5=0.0023 batches=12 last/first=3.83 freeKB_at_end/totalKB=0/192 arms=+34 refusals=+1 trace_flushes=+7 fill_ms=1497 queued=true running=true lastError=<null>
    one-record-r1-L-B3 CAP-IDLE| ticks=400 arms=+0 collects=+0 bailouts=+0 refusals=+0 trace_flushes=+0 park_resets=+0 traces_live 90 -> 103 armed=0 state=0 stepmul=200 threshold=897800 gctotal=467511 ccap=0 cused=467511 parked=false wallstats=present running=true
    one-record-r1-L-B3 CAP-LIVE| used=449409 kernelMemory=348229 user=101180 count(3 collects)=449361/449361/449361 total=702124 traces_live=103
    one-record-r1-L-B3 CAP-MID| snaps=8 stopped=0 stepmul0=0 parked=0 last: armed=0 state=0 stepmul=200 threshold=757000 gctotal=384585 ccap=0 cused=384585
    one-record-r1-L-B3 CAP-GC| collects=+34 bailouts=+0 overdrafts=+608 od_peak=21923 od_state=0 park_resets=+0 od_limit=43882 kslice=16384 gc_low=378601 armby=2 end: armed=0 state=0 stepmul=200 threshold=816000 gctotal=414173 ccap=0 cused=414173 parked=false
    one-record-r1-L-B3 SMOKE| MILESTONE cap-1-refusal-caught-machine-survives: PASS -- shape=record OCLJCAP=done/1122/not_enough_memory running=true lastError=<null>
one-array-r1-S-stock exit=0 APACITY| shape=array native=stock jit=on jitearly=- tier=192KB scale=1.8 kernelMemory=174605 held=287 why=not_enough_memory t_first5=0.0012 t_last5=0.0012 batches=3 last/first=1.00 freeKB_at_end/totalKB=0/192 arms=+n/a refusals=+n/a trace_flushes=+n/a fill_ms=1493 queued=true running=true lastError=<null>
    one-array-r1-S-stock CAP-IDLE| ticks=400 arms=+n/a collects=+n/a bailouts=+n/a refusals=+n/a trace_flushes=+n/a park_resets=+n/a traces_live -1 -> -1 armed=n/a state=n/a stepmul=n/a threshold=n/a gctotal=n/a ccap=n/a cused=n/a parked=false wallstats=n/a running=true
    one-array-r1-S-stock CAP-LIVE| used=430534 kernelMemory=174605 user=255929 count(3 collects)=432929/432929/432929 total=528500 traces_live=-1
    one-array-r1-S-stock CAP-MID| snaps=0 stopped=0 stepmul0=0 parked=0 last: armed=n/a state=n/a stepmul=n/a threshold=n/a gctotal=n/a ccap=n/a cused=n/a
    one-array-r1-S-stock CAP-GC| collects=+n/a bailouts=+n/a overdrafts=+n/a od_peak=n/a od_state=n/a park_resets=+n/a od_limit=n/a kslice=n/a gc_low=n/a armby=n/a end: armed=n/a state=n/a stepmul=n/a threshold=n/a gctotal=n/a ccap=n/a cused=n/a parked=false
    one-array-r1-S-stock SMOKE| MILESTONE cap-1-refusal-caught-machine-survives: PASS -- shape=array OCLJCAP=done/287/not_enough_memory running=true lastError=<null>
one-array-r1-D-B3 exit=0 APACITY| shape=array native=additive jit=on jitearly=- tier=192KB scale=1.8 kernelMemory=340685 held=1664 why=not_enough_memory t_first5=0.0007 t_last5=0.0024 batches=17 last/first=3.43 freeKB_at_end/totalKB=0/192 arms=+38 refusals=+1 trace_flushes=+8 fill_ms=1742 queued=true running=true lastError=<null>
    one-array-r1-D-B3 CAP-IDLE| ticks=400 arms=+0 collects=+0 bailouts=+0 refusals=+0 trace_flushes=+0 park_resets=+0 traces_live 106 -> 116 armed=0 state=0 stepmul=200 threshold=920800 gctotal=528402 ccap=694580 cused=528402 parked=false wallstats=present running=true
    one-array-r1-D-B3 CAP-LIVE| used=460940 kernelMemory=340685 user=120255 count(3 collects)=460892/460892/460892 total=694580 traces_live=116
    one-array-r1-D-B3 CAP-MID| snaps=16 stopped=0 stepmul0=0 parked=0 last: armed=0 state=0 stepmul=200 threshold=745000 gctotal=372841 ccap=694580 cused=372841
    one-array-r1-D-B3 CAP-GC| collects=+38 bailouts=+0 overdrafts=+511 od_peak=21674 od_state=0 park_resets=+0 od_limit=43411 kslice=16384 gc_low=359757 armby=2 end: armed=0 state=0 stepmul=200 threshold=768400 gctotal=384569 ccap=694580 cused=384569 parked=false
    one-array-r1-D-B3 SMOKE| MILESTONE cap-1-refusal-caught-machine-survives: PASS -- shape=array OCLJCAP=done/1664/not_enough_memory running=true lastError=<null>
one-array-r1-E-B3 exit=0 APACITY| shape=array native=additive jit=on jitearly=off tier=192KB scale=1.8 kernelMemory=164525 held=885 why=not_enough_memory t_first5=0.0005 t_last5=0.0020 batches=9 last/first=4.00 freeKB_at_end/totalKB=0/192 arms=+49 refusals=+2 trace_flushes=+8 fill_ms=1497 queued=true running=true lastError=<null>
    one-array-r1-E-B3 CAP-IDLE| ticks=400 arms=+33 collects=+33 bailouts=+0 refusals=+0 trace_flushes=+13 park_resets=+0 traces_live 27 -> 32 armed=0 state=0 stepmul=200 threshold=769600 gctotal=397228 ccap=518420 cused=397228 parked=false wallstats=present running=true
    one-array-r1-E-B3 CAP-LIVE| used=385350 kernelMemory=164525 user=220825 count(3 collects)=385302/385302/385302 total=518420 traces_live=32
    one-array-r1-E-B3 CAP-MID| snaps=8 stopped=0 stepmul0=0 parked=0 last: armed=0 state=0 stepmul=200 threshold=719800 gctotal=376213 ccap=518420 cused=376213
    one-array-r1-E-B3 CAP-GC| collects=+49 bailouts=+0 overdrafts=+573 od_peak=32670 od_state=0 park_resets=+0 od_limit=32768 kslice=16384 gc_low=360025 armby=2 end: armed=0 state=0 stepmul=200 threshold=721200 gctotal=404885 ccap=518420 cused=404885 parked=false
    one-array-r1-E-B3 SMOKE| MILESTONE cap-1-refusal-caught-machine-survives: PASS -- shape=array OCLJCAP=done/885/not_enough_memory running=true lastError=<null>
one-array-r1-O-B3 exit=0 APACITY| shape=array native=additive jit=off jitearly=off tier=192KB scale=1.8 kernelMemory=164525 held=874 why=not_enough_memory t_first5=0.0008 t_last5=0.0024 batches=9 last/first=3.00 freeKB_at_end/totalKB=0/192 arms=+37 refusals=+1 trace_flushes=+0 fill_ms=1500 queued=true running=true lastError=<null>
    one-array-r1-O-B3 CAP-IDLE| ticks=400 arms=+1 collects=+1 bailouts=+0 refusals=+0 trace_flushes=+0 park_resets=+0 traces_live 0 -> 0 armed=0 state=0 stepmul=200 threshold=703400 gctotal=357872 ccap=518420 cused=357872 parked=false wallstats=present running=true
    one-array-r1-O-B3 CAP-LIVE| used=352218 kernelMemory=164525 user=187693 count(3 collects)=352170/352170/352170 total=518420 traces_live=0
    one-array-r1-O-B3 CAP-MID| snaps=8 stopped=0 stepmul0=0 parked=0 last: armed=0 state=0 stepmul=200 threshold=703000 gctotal=375062 ccap=518420 cused=375062
    one-array-r1-O-B3 CAP-GC| collects=+37 bailouts=+0 overdrafts=+537 od_peak=16358 od_state=0 park_resets=+0 od_limit=32768 kslice=16384 gc_low=348593 armby=1 end: armed=0 state=0 stepmul=200 threshold=697000 gctotal=373421 ccap=518420 cused=373421 parked=false
    one-array-r1-O-B3 SMOKE| MILESTONE cap-1-refusal-caught-machine-survives: PASS -- shape=array OCLJCAP=done/874/not_enough_memory running=true lastError=<null>
one-array-r1-L-B3 exit=0 APACITY| shape=array native=luajit jit=on jitearly=- tier=192KB scale=1.8 kernelMemory=411289 held=2048 why=not_enough_memory t_first5=0.0003 t_last5=0.0027 batches=21 last/first=9.00 freeKB_at_end/totalKB=0/192 arms=+39 refusals=+2 trace_flushes=+9 fill_ms=1743 queued=true running=true lastError=<null>
    one-array-r1-L-B3 CAP-IDLE| ticks=400 arms=+0 collects=+0 bailouts=+0 refusals=+0 trace_flushes=+0 park_resets=+0 traces_live 98 -> 113 armed=0 state=0 stepmul=200 threshold=919400 gctotal=521262 ccap=0 cused=521262 parked=false wallstats=present running=true
    one-array-r1-L-B3 CAP-LIVE| used=460256 kernelMemory=411289 user=48967 count(3 collects)=460208/460208/460208 total=765184 traces_live=113
    one-array-r1-L-B3 CAP-MID| snaps=16 stopped=0 stepmul0=0 parked=0 last: armed=0 state=0 stepmul=200 threshold=732400 gctotal=401625 ccap=0 cused=401625
    one-array-r1-L-B3 CAP-GC| collects=+39 bailouts=+0 overdrafts=+973 od_peak=34082 od_state=0 park_resets=+0 od_limit=47824 kslice=16384 gc_low=366289 armby=2 end: armed=0 state=0 stepmul=200 threshold=791600 gctotal=421333 ccap=0 cused=421333 parked=false
    one-array-r1-L-B3 SMOKE| MILESTONE cap-1-refusal-caught-machine-survives: PASS -- shape=array OCLJCAP=done/2048/not_enough_memory running=true lastError=<null>
one-string-r1-S-stock exit=0 APACITY| shape=string native=stock jit=on jitearly=- tier=192KB scale=1.8 kernelMemory=174605 held=1024 why=not_enough_memory t_first5=0.0009 t_last5=0.0020 batches=11 last/first=2.22 freeKB_at_end/totalKB=4/192 arms=+n/a refusals=+n/a trace_flushes=+n/a fill_ms=1488 queued=true running=true lastError=<null>
    one-string-r1-S-stock CAP-IDLE| ticks=400 arms=+n/a collects=+n/a bailouts=+n/a refusals=+n/a trace_flushes=+n/a park_resets=+n/a traces_live -1 -> -1 armed=n/a state=n/a stepmul=n/a threshold=n/a gctotal=n/a ccap=n/a cused=n/a parked=false wallstats=n/a running=true
    one-string-r1-S-stock CAP-LIVE| used=430432 kernelMemory=174605 user=255827 count(3 collects)=432827/432827/432827 total=528500 traces_live=-1
    one-string-r1-S-stock CAP-MID| snaps=0 stopped=0 stepmul0=0 parked=0 last: armed=n/a state=n/a stepmul=n/a threshold=n/a gctotal=n/a ccap=n/a cused=n/a
    one-string-r1-S-stock CAP-GC| collects=+n/a bailouts=+n/a overdrafts=+n/a od_peak=n/a od_state=n/a park_resets=+n/a od_limit=n/a kslice=n/a gc_low=n/a armby=n/a end: armed=n/a state=n/a stepmul=n/a threshold=n/a gctotal=n/a ccap=n/a cused=n/a parked=false
    one-string-r1-S-stock SMOKE| MILESTONE cap-1-refusal-caught-machine-survives: PASS -- shape=string OCLJCAP=done/1024/not_enough_memory running=true lastError=<null>
one-string-r1-D-B3 exit=0 APACITY| shape=string native=additive jit=on jitearly=- tier=192KB scale=1.8 kernelMemory=410841 held=5469 why=not_enough_memory t_first5=0.0004 t_last5=0.0046 batches=55 last/first=11.50 freeKB_at_end/totalKB=0/192 arms=+146 refusals=+6 trace_flushes=+20 fill_ms=2243 queued=true running=true lastError=<null>
    one-string-r1-D-B3 CAP-IDLE| ticks=400 arms=+0 collects=+0 bailouts=+0 refusals=+0 trace_flushes=+0 park_resets=+0 traces_live 122 -> 129 armed=0 state=0 stepmul=200 threshold=951000 gctotal=530417 ccap=764736 cused=530417 parked=false wallstats=present running=true
    one-string-r1-D-B3 CAP-LIVE| used=476035 kernelMemory=410841 user=65194 count(3 collects)=475987/475987/475987 total=764736 traces_live=129
    one-string-r1-D-B3 CAP-MID| snaps=32 stopped=0 stepmul0=1 parked=0 last: armed=0 state=0 stepmul=200 threshold=766000 gctotal=403961 ccap=764736 cused=403961
    one-string-r1-D-B3 CAP-GC| collects=+146 bailouts=+0 overdrafts=+3937 od_peak=47901 od_state=0 park_resets=+0 od_limit=47796 kslice=16384 gc_low=383093 armby=2 end: armed=0 state=0 stepmul=200 threshold=819600 gctotal=435009 ccap=764736 cused=435009 parked=false
    one-string-r1-D-B3 SMOKE| MILESTONE cap-1-refusal-caught-machine-survives: PASS -- shape=string OCLJCAP=done/5469/not_enough_memory running=true lastError=<null>
one-string-r1-E-B3 exit=0 APACITY| shape=string native=additive jit=on jitearly=off tier=192KB scale=1.8 kernelMemory=164525 held=2048 why=not_enough_memory t_first5=0.0003 t_last5=0.0023 batches=21 last/first=7.67 freeKB_at_end/totalKB=0/192 arms=+69 refusals=+1 trace_flushes=+17 fill_ms=1747 queued=true running=true lastError=<null>
    one-string-r1-E-B3 CAP-IDLE| ticks=400 arms=+40 collects=+40 bailouts=+0 refusals=+0 trace_flushes=+20 park_resets=+0 traces_live 13 -> 3 armed=0 state=0 stepmul=200 threshold=732600 gctotal=375047 ccap=518420 cused=375047 parked=false wallstats=present running=true
    one-string-r1-E-B3 CAP-LIVE| used=368761 kernelMemory=164525 user=204236 count(3 collects)=368713/368713/368713 total=518420 traces_live=3
    one-string-r1-E-B3 CAP-MID| snaps=16 stopped=0 stepmul0=0 parked=0 last: armed=0 state=0 stepmul=200 threshold=775400 gctotal=395917 ccap=518420 cused=395917
    one-string-r1-E-B3 CAP-GC| collects=+69 bailouts=+0 overdrafts=+551 od_peak=9349 od_state=0 park_resets=+0 od_limit=32768 kslice=16384 gc_low=379785 armby=2 end: armed=0 state=0 stepmul=200 threshold=799400 gctotal=406737 ccap=518420 cused=406737 parked=false
    one-string-r1-E-B3 SMOKE| MILESTONE cap-1-refusal-caught-machine-survives: PASS -- shape=string OCLJCAP=done/2048/not_enough_memory running=true lastError=<null>
one-string-r1-O-B3 exit=0 APACITY| shape=string native=additive jit=off jitearly=off tier=192KB scale=1.8 kernelMemory=164525 held=2231 why=not_enough_memory t_first5=0.0008 t_last5=0.0034 batches=23 last/first=4.25 freeKB_at_end/totalKB=0/192 arms=+60 refusals=+1 trace_flushes=+0 fill_ms=1747 queued=true running=true lastError=<null>
    one-string-r1-O-B3 CAP-IDLE| ticks=400 arms=+1 collects=+1 bailouts=+0 refusals=+0 trace_flushes=+0 park_resets=+0 traces_live 0 -> 0 armed=0 state=0 stepmul=200 threshold=703200 gctotal=357787 ccap=518420 cused=357787 parked=false wallstats=present running=true
    one-string-r1-O-B3 CAP-LIVE| used=352133 kernelMemory=164525 user=187608 count(3 collects)=352085/352085/352085 total=518420 traces_live=0
    one-string-r1-O-B3 CAP-MID| snaps=16 stopped=0 stepmul0=0 parked=0 last: armed=0 state=0 stepmul=200 threshold=729800 gctotal=377361 ccap=518420 cused=377361
    one-string-r1-O-B3 CAP-GC| collects=+60 bailouts=+0 overdrafts=+1099 od_peak=16365 od_state=0 park_resets=+0 od_limit=32768 kslice=16384 gc_low=364977 armby=1 end: armed=0 state=0 stepmul=200 threshold=729800 gctotal=377361 ccap=518420 cused=377361 parked=false
    one-string-r1-O-B3 SMOKE| MILESTONE cap-1-refusal-caught-machine-survives: PASS -- shape=string OCLJCAP=done/2231/not_enough_memory running=true lastError=<null>
one-string-r1-L-B3 exit=0 APACITY| shape=string native=luajit jit=on jitearly=- tier=192KB scale=1.8 kernelMemory=334737 held=4096 why=not_enough_memory t_first5=0.0008 t_last5=0.0059 batches=41 last/first=7.37 freeKB_at_end/totalKB=0/192 arms=+115 refusals=+1 trace_flushes=+15 fill_ms=1991 queued=true running=true lastError=<null>
    one-string-r1-L-B3 CAP-IDLE| ticks=400 arms=+0 collects=+0 bailouts=+0 refusals=+0 trace_flushes=+0 park_resets=+0 traces_live 89 -> 97 armed=0 state=0 stepmul=200 threshold=888200 gctotal=456509 ccap=0 cused=456509 parked=false wallstats=present running=true
    one-string-r1-L-B3 CAP-LIVE| used=444631 kernelMemory=334737 user=109894 count(3 collects)=444583/444583/444583 total=688632 traces_live=97
    one-string-r1-L-B3 CAP-MID| snaps=24 stopped=0 stepmul0=0 parked=0 last: armed=0 state=0 stepmul=200 threshold=754400 gctotal=394957 ccap=0 cused=394957
    one-string-r1-L-B3 CAP-GC| collects=+115 bailouts=+0 overdrafts=+282 od_peak=10649 od_state=0 park_resets=+0 od_limit=43039 kslice=16384 gc_low=377341 armby=2 end: armed=0 state=0 stepmul=200 threshold=800400 gctotal=477213 ccap=0 cused=477213 parked=false
    one-string-r1-L-B3 SMOKE| MILESTONE cap-1-refusal-caught-machine-survives: PASS -- shape=string OCLJCAP=done/4096/not_enough_memory running=true lastError=<null>
one-closure-r1-S-stock exit=0 APACITY| shape=closure native=stock jit=on jitearly=- tier=192KB scale=1.8 kernelMemory=174605 held=508 why=not_enough_memory t_first5=0.0024 t_last5=0.0029 batches=6 last/first=1.21 freeKB_at_end/totalKB=0/192 arms=+n/a refusals=+n/a trace_flushes=+n/a fill_ms=1496 queued=true running=true lastError=<null>
    one-closure-r1-S-stock CAP-IDLE| ticks=400 arms=+n/a collects=+n/a bailouts=+n/a refusals=+n/a trace_flushes=+n/a park_resets=+n/a traces_live -1 -> -1 armed=n/a state=n/a stepmul=n/a threshold=n/a gctotal=n/a ccap=n/a cused=n/a parked=false wallstats=n/a running=true
    one-closure-r1-S-stock CAP-LIVE| used=430712 kernelMemory=174605 user=256107 count(3 collects)=433107/433107/433107 total=528500 traces_live=-1
    one-closure-r1-S-stock CAP-MID| snaps=0 stopped=0 stepmul0=0 parked=0 last: armed=n/a state=n/a stepmul=n/a threshold=n/a gctotal=n/a ccap=n/a cused=n/a
    one-closure-r1-S-stock CAP-GC| collects=+n/a bailouts=+n/a overdrafts=+n/a od_peak=n/a od_state=n/a park_resets=+n/a od_limit=n/a kslice=n/a gc_low=n/a armby=n/a end: armed=n/a state=n/a stepmul=n/a threshold=n/a gctotal=n/a ccap=n/a cused=n/a parked=false
    one-closure-r1-S-stock SMOKE| MILESTONE cap-1-refusal-caught-machine-survives: PASS -- shape=closure OCLJCAP=done/508/not_enough_memory running=true lastError=<null>
one-closure-r1-D-B3 exit=0 APACITY| shape=closure native=additive jit=on jitearly=- tier=192KB scale=1.8 kernelMemory=413325 held=1883 why=not_enough_memory t_first5=0.0005 t_last5=0.0040 batches=19 last/first=8.00 freeKB_at_end/totalKB=0/192 arms=+45 refusals=+1 trace_flushes=+8 fill_ms=1748 queued=true running=true lastError=<null>
    one-closure-r1-D-B3 CAP-IDLE| ticks=400 arms=+0 collects=+0 bailouts=+0 refusals=+0 trace_flushes=+0 park_resets=+0 traces_live 113 -> 119 armed=0 state=0 stepmul=200 threshold=919600 gctotal=520163 ccap=767220 cused=520163 parked=false wallstats=present running=true
    one-closure-r1-D-B3 CAP-LIVE| used=460325 kernelMemory=413325 user=47000 count(3 collects)=460277/460277/460277 total=767220 traces_live=119
    one-closure-r1-D-B3 CAP-MID| snaps=16 stopped=0 stepmul0=0 parked=0 last: armed=0 state=0 stepmul=200 threshold=756800 gctotal=411869 ccap=767220 cused=411869
    one-closure-r1-D-B3 CAP-GC| collects=+45 bailouts=+0 overdrafts=+874 od_peak=23963 od_state=0 park_resets=+0 od_limit=47951 kslice=16384 gc_low=378257 armby=2 end: armed=0 state=0 stepmul=200 threshold=805600 gctotal=428297 ccap=767220 cused=428297 parked=false
    one-closure-r1-D-B3 SMOKE| MILESTONE cap-1-refusal-caught-machine-survives: PASS -- shape=closure OCLJCAP=done/1883/not_enough_memory running=true lastError=<null>
one-closure-r1-E-B3 exit=0 APACITY| shape=closure native=additive jit=on jitearly=off tier=192KB scale=1.8 kernelMemory=164525 held=778 why=not_enough_memory t_first5=0.0012 t_last5=0.0036 batches=8 last/first=3.00 freeKB_at_end/totalKB=0/192 arms=+54 refusals=+1 trace_flushes=+6 fill_ms=1497 queued=true running=true lastError=<null>
    one-closure-r1-E-B3 CAP-IDLE| ticks=400 arms=+32 collects=+32 bailouts=+0 refusals=+0 trace_flushes=+12 park_resets=+0 traces_live 32 -> 0 armed=0 state=0 stepmul=200 threshold=726200 gctotal=363301 ccap=518420 cused=363301 parked=false wallstats=present running=true
    one-closure-r1-E-B3 CAP-LIVE| used=363499 kernelMemory=164525 user=198974 count(3 collects)=363451/363451/363451 total=518420 traces_live=0
    one-closure-r1-E-B3 CAP-MID| snaps=8 stopped=0 stepmul0=0 parked=0 last: armed=0 state=0 stepmul=200 threshold=729200 gctotal=380641 ccap=518420 cused=380641
    one-closure-r1-E-B3 CAP-GC| collects=+54 bailouts=+0 overdrafts=+521 od_peak=16371 od_state=0 park_resets=+0 od_limit=32768 kslice=16384 gc_low=386521 armby=0 end: armed=0 state=0 stepmul=200 threshold=773000 gctotal=398901 ccap=518420 cused=398901 parked=false
    one-closure-r1-E-B3 SMOKE| MILESTONE cap-1-refusal-caught-machine-survives: PASS -- shape=closure OCLJCAP=done/778/not_enough_memory running=true lastError=<null>
one-closure-r1-O-B3 exit=0 APACITY| shape=closure native=additive jit=off jitearly=off tier=192KB scale=1.8 kernelMemory=164525 held=839 why=not_enough_memory t_first5=0.0006 t_last5=0.0052 batches=9 last/first=8.67 freeKB_at_end/totalKB=0/192 arms=+34 refusals=+1 trace_flushes=+0 fill_ms=1498 queued=true running=true lastError=<null>
    one-closure-r1-O-B3 CAP-IDLE| ticks=400 arms=+0 collects=+0 bailouts=+0 refusals=+0 trace_flushes=+0 park_resets=+0 traces_live 0 -> 0 armed=0 state=0 stepmul=200 threshold=703600 gctotal=420605 ccap=518420 cused=420605 parked=false wallstats=present running=true
    one-closure-r1-O-B3 CAP-LIVE| used=352335 kernelMemory=164525 user=187810 count(3 collects)=352287/352287/352287 total=518420 traces_live=0
    one-closure-r1-O-B3 CAP-MID| snaps=8 stopped=0 stepmul0=0 parked=0 last: armed=0 state=0 stepmul=200 threshold=697200 gctotal=360997 ccap=518420 cused=360997
    one-closure-r1-O-B3 CAP-GC| collects=+34 bailouts=+0 overdrafts=+677 od_peak=16347 od_state=0 park_resets=+0 od_limit=32768 kslice=16384 gc_low=348617 armby=1 end: armed=0 state=0 stepmul=200 threshold=697200 gctotal=360997 ccap=518420 cused=360997 parked=false
    one-closure-r1-O-B3 SMOKE| MILESTONE cap-1-refusal-caught-machine-survives: PASS -- shape=closure OCLJCAP=done/839/not_enough_memory running=true lastError=<null>
one-closure-r1-L-B3 exit=1 APACITY| shape=closure native=luajit jit=on jitearly=- tier=192KB scale=1.8 kernelMemory=339549 held=? why=? t_first5=0.0007 t_last5=0.0039 batches=17 last/first=5.57 freeKB_at_end/totalKB=-1/-1 arms=+76 refusals=+4 trace_flushes=+9 fill_ms=315 queued=true running=false lastError=not enough memory
    one-closure-r1-L-B3 CAP-IDLE| ticks=400 arms=+0 collects=+0 bailouts=+0 refusals=+0 trace_flushes=+0 park_resets=+0 traces_live 91 -> 101 armed=0 state=0 stepmul=200 threshold=899800 gctotal=468487 ccap=0 cused=468487 parked=false wallstats=present running=true
    one-closure-r1-L-B3 CAP-LIVE| used=450385 kernelMemory=339549 user=110836 count(3 collects)=450337/450337/450337 total=693444 traces_live=101
    one-closure-r1-L-B3 CAP-MID| snaps=10 stopped=1 stepmul0=0 parked=0 last: armed=1 state=0 stepmul=0 threshold=1460200 gctotal=730211 ccap=0 cused=730211
    one-closure-r1-L-B3 CAP-GC| collects=+75 bailouts=+0 overdrafts=+1750 od_peak=43471 od_state=1 park_resets=+0 od_limit=43340 kslice=16384 gc_low=736015 armby=1 end: armed=1 state=0 stepmul=0 threshold=1460200 gctotal=730211 ccap=0 cused=730211 parked=true
    one-closure-r1-L-B3 SMOKE| MILESTONE cap-1-refusal-caught-machine-survives: FAIL -- shape=closure OCLJCAP=filling/1700 running=false lastError=not enough memory   <- a refusal took the MACHINE down: raised where no handler of the program caught it (OpenOS's dispatcher, the kernel, or the probe's own allocations between batches)
    one-closure-r1-L-B3     SMOKE| MILESTONE cap-1-refusal-caught-machine-survives: FAIL -- shape=closure OCLJCAP=filling/1700 running=false lastError=not enough memory   <- a refusal took the MACHINE down: raised where no handler of the program caught it (OpenOS's dispatcher, the kernel, or the probe's own allocations between batches)
one-record-r2-S-stock exit=0 APACITY| shape=record native=stock jit=on jitearly=- tier=192KB scale=1.8 kernelMemory=174605 held=262 why=not_enough_memory t_first5=0.0022 t_last5=0.0022 batches=3 last/first=1.00 freeKB_at_end/totalKB=0/192 arms=+n/a refusals=+n/a trace_flushes=+n/a fill_ms=1499 queued=true running=true lastError=<null>
    one-record-r2-S-stock CAP-IDLE| ticks=400 arms=+n/a collects=+n/a bailouts=+n/a refusals=+n/a trace_flushes=+n/a park_resets=+n/a traces_live -1 -> -1 armed=n/a state=n/a stepmul=n/a threshold=n/a gctotal=n/a ccap=n/a cused=n/a parked=false wallstats=n/a running=true
    one-record-r2-S-stock CAP-LIVE| used=430671 kernelMemory=174605 user=256066 count(3 collects)=433066/433066/433066 total=528500 traces_live=-1
    one-record-r2-S-stock CAP-MID| snaps=0 stopped=0 stepmul0=0 parked=0 last: armed=n/a state=n/a stepmul=n/a threshold=n/a gctotal=n/a ccap=n/a cused=n/a
    one-record-r2-S-stock CAP-GC| collects=+n/a bailouts=+n/a overdrafts=+n/a od_peak=n/a od_state=n/a park_resets=+n/a od_limit=n/a kslice=n/a gc_low=n/a armby=n/a end: armed=n/a state=n/a stepmul=n/a threshold=n/a gctotal=n/a ccap=n/a cused=n/a parked=false
    one-record-r2-S-stock SMOKE| MILESTONE cap-1-refusal-caught-machine-survives: PASS -- shape=record OCLJCAP=done/262/not_enough_memory running=true lastError=<null>
one-record-r2-D-B3 exit=0 APACITY| shape=record native=additive jit=on jitearly=- tier=192KB scale=1.8 kernelMemory=334733 held=1076 why=not_enough_memory t_first5=0.0007 t_last5=0.0036 batches=11 last/first=5.14 freeKB_at_end/totalKB=0/192 arms=+29 refusals=+1 trace_flushes=+6 fill_ms=1497 queued=true running=true lastError=<null>
    one-record-r2-D-B3 CAP-IDLE| ticks=400 arms=+0 collects=+0 bailouts=+0 refusals=+0 trace_flushes=+0 park_resets=+0 traces_live 93 -> 103 armed=0 state=0 stepmul=200 threshold=898000 gctotal=468251 ccap=688628 cused=468251 parked=false wallstats=present running=true
    one-record-r2-D-B3 CAP-LIVE| used=449517 kernelMemory=334733 user=114784 count(3 collects)=449469/449469/449469 total=688628 traces_live=103
    one-record-r2-D-B3 CAP-MID| snaps=8 stopped=0 stepmul0=0 parked=0 last: armed=0 state=0 stepmul=200 threshold=756600 gctotal=387013 ccap=688628 cused=387013
    one-record-r2-D-B3 CAP-GC| collects=+29 bailouts=+0 overdrafts=+351 od_peak=21515 od_state=0 park_resets=+0 od_limit=43039 kslice=16384 gc_low=378317 armby=2 end: armed=0 state=0 stepmul=200 threshold=805800 gctotal=409761 ccap=688628 cused=409761 parked=false
    one-record-r2-D-B3 SMOKE| MILESTONE cap-1-refusal-caught-machine-survives: PASS -- shape=record OCLJCAP=done/1076/not_enough_memory running=true lastError=<null>
one-record-r2-E-B3 exit=0 APACITY| shape=record native=additive jit=on jitearly=off tier=192KB scale=1.8 kernelMemory=164525 held=552 why=not_enough_memory t_first5=0.0010 t_last5=0.0019 batches=6 last/first=1.90 freeKB_at_end/totalKB=0/192 arms=+41 refusals=+1 trace_flushes=+8 fill_ms=1497 queued=true running=true lastError=<null>
    one-record-r2-E-B3 CAP-IDLE| ticks=400 arms=+40 collects=+40 bailouts=+0 refusals=+0 trace_flushes=+20 park_resets=+0 traces_live 30 -> 33 armed=0 state=0 stepmul=200 threshold=776000 gctotal=394145 ccap=518420 cused=394145 parked=false wallstats=present running=true
    one-record-r2-E-B3 CAP-LIVE| used=388491 kernelMemory=164525 user=223966 count(3 collects)=388443/388443/388443 total=518420 traces_live=33
    one-record-r2-E-B3 CAP-MID| snaps=8 stopped=0 stepmul0=0 parked=0 last: armed=0 state=0 stepmul=200 threshold=726000 gctotal=400801 ccap=518420 cused=400801
    one-record-r2-E-B3 CAP-GC| collects=+41 bailouts=+0 overdrafts=+358 od_peak=16363 od_state=0 park_resets=+0 od_limit=32768 kslice=16384 gc_low=363125 armby=2 end: armed=0 state=0 stepmul=200 threshold=735400 gctotal=402857 ccap=518420 cused=402857 parked=false
    one-record-r2-E-B3 SMOKE| MILESTONE cap-1-refusal-caught-machine-survives: PASS -- shape=record OCLJCAP=done/552/not_enough_memory running=true lastError=<null>
one-record-r2-O-B3 exit=0 APACITY| shape=record native=additive jit=off jitearly=off tier=192KB scale=1.8 kernelMemory=164525 held=605 why=not_enough_memory t_first5=0.0014 t_last5=0.0027 batches=7 last/first=1.93 freeKB_at_end/totalKB=0/192 arms=+42 refusals=+1 trace_flushes=+0 fill_ms=1493 queued=true running=true lastError=<null>
    one-record-r2-O-B3 CAP-IDLE| ticks=400 arms=+1 collects=+1 bailouts=+0 refusals=+0 trace_flushes=+0 park_resets=+0 traces_live 0 -> 0 armed=0 state=0 stepmul=200 threshold=704600 gctotal=365389 ccap=518420 cused=365389 parked=false wallstats=present running=true
    one-record-r2-O-B3 CAP-LIVE| used=352879 kernelMemory=164525 user=188354 count(3 collects)=352831/352831/352831 total=518420 traces_live=0
    one-record-r2-O-B3 CAP-MID| snaps=8 stopped=0 stepmul0=0 parked=0 last: armed=0 state=0 stepmul=200 threshold=697800 gctotal=349225 ccap=518420 cused=349225
    one-record-r2-O-B3 CAP-GC| collects=+42 bailouts=+0 overdrafts=+542 od_peak=16355 od_state=0 park_resets=+0 od_limit=32768 kslice=16384 gc_low=348941 armby=1 end: armed=0 state=0 stepmul=200 threshold=697800 gctotal=349225 ccap=518420 cused=349225 parked=false
    one-record-r2-O-B3 SMOKE| MILESTONE cap-1-refusal-caught-machine-survives: PASS -- shape=record OCLJCAP=done/605/not_enough_memory running=true lastError=<null>
one-array-r2-S-stock exit=0 APACITY| shape=array native=stock jit=on jitearly=- tier=192KB scale=1.8 kernelMemory=174605 held=287 why=not_enough_memory t_first5=0.0021 t_last5=0.0021 batches=3 last/first=1.00 freeKB_at_end/totalKB=0/192 arms=+n/a refusals=+n/a trace_flushes=+n/a fill_ms=1498 queued=true running=true lastError=<null>
    one-array-r2-S-stock CAP-IDLE| ticks=400 arms=+n/a collects=+n/a bailouts=+n/a refusals=+n/a trace_flushes=+n/a park_resets=+n/a traces_live -1 -> -1 armed=n/a state=n/a stepmul=n/a threshold=n/a gctotal=n/a ccap=n/a cused=n/a parked=false wallstats=n/a running=true
    one-array-r2-S-stock CAP-LIVE| used=430534 kernelMemory=174605 user=255929 count(3 collects)=432929/432929/432929 total=528500 traces_live=-1
    one-array-r2-S-stock CAP-MID| snaps=0 stopped=0 stepmul0=0 parked=0 last: armed=n/a state=n/a stepmul=n/a threshold=n/a gctotal=n/a ccap=n/a cused=n/a
    one-array-r2-S-stock CAP-GC| collects=+n/a bailouts=+n/a overdrafts=+n/a od_peak=n/a od_state=n/a park_resets=+n/a od_limit=n/a kslice=n/a gc_low=n/a armby=n/a end: armed=n/a state=n/a stepmul=n/a threshold=n/a gctotal=n/a ccap=n/a cused=n/a parked=false
    one-array-r2-S-stock SMOKE| MILESTONE cap-1-refusal-caught-machine-survives: PASS -- shape=array OCLJCAP=done/287/not_enough_memory running=true lastError=<null>
one-array-r2-D-B3 exit=1 
    one-array-r2-D-B3 BOOT-FAIL SMOKE| lastError = Error.InternalError
one-array-r2-E-B3 exit=0 APACITY| shape=array native=additive jit=on jitearly=off tier=192KB scale=1.8 kernelMemory=164525 held=791 why=not_enough_memory t_first5=0.0006 t_last5=0.0018 batches=8 last/first=3.00 freeKB_at_end/totalKB=0/192 arms=+50 refusals=+1 trace_flushes=+7 fill_ms=1501 queued=true running=true lastError=<null>
    one-array-r2-E-B3 CAP-IDLE| ticks=400 arms=+38 collects=+38 bailouts=+0 refusals=+0 trace_flushes=+18 park_resets=+0 traces_live 0 -> 0 armed=0 state=0 stepmul=200 threshold=730000 gctotal=365196 ccap=518420 cused=365196 parked=false wallstats=present running=true
    one-array-r2-E-B3 CAP-LIVE| used=365394 kernelMemory=164525 user=200869 count(3 collects)=365346/365346/365346 total=518420 traces_live=0
    one-array-r2-E-B3 CAP-MID| snaps=8 stopped=0 stepmul0=0 parked=0 last: armed=0 state=0 stepmul=200 threshold=737200 gctotal=368921 ccap=518420 cused=368921
    one-array-r2-E-B3 CAP-GC| collects=+50 bailouts=+0 overdrafts=+285 od_peak=16362 od_state=0 park_resets=+0 od_limit=32768 kslice=16384 gc_low=361969 armby=2 end: armed=0 state=0 stepmul=200 threshold=746000 gctotal=373317 ccap=518420 cused=373317 parked=false
    one-array-r2-E-B3 SMOKE| MILESTONE cap-1-refusal-caught-machine-survives: PASS -- shape=array OCLJCAP=done/791/not_enough_memory running=true lastError=<null>
one-array-r2-O-B3 exit=0 APACITY| shape=array native=additive jit=off jitearly=off tier=192KB scale=1.8 kernelMemory=164525 held=874 why=not_enough_memory t_first5=0.0005 t_last5=0.0046 batches=9 last/first=9.20 freeKB_at_end/totalKB=0/192 arms=+36 refusals=+1 trace_flushes=+0 fill_ms=1495 queued=true running=true lastError=<null>
    one-array-r2-O-B3 CAP-IDLE| ticks=400 arms=+1 collects=+1 bailouts=+0 refusals=+0 trace_flushes=+0 park_resets=+0 traces_live 0 -> 0 armed=0 state=0 stepmul=200 threshold=703400 gctotal=370320 ccap=518420 cused=370320 parked=false wallstats=present running=true
    one-array-r2-O-B3 CAP-LIVE| used=352218 kernelMemory=164525 user=187693 count(3 collects)=352170/352170/352170 total=518420 traces_live=0
    one-array-r2-O-B3 CAP-MID| snaps=8 stopped=0 stepmul0=0 parked=0 last: armed=0 state=0 stepmul=200 threshold=697000 gctotal=354749 ccap=518420 cused=354749
    one-array-r2-O-B3 CAP-GC| collects=+36 bailouts=+0 overdrafts=+537 od_peak=16358 od_state=0 park_resets=+0 od_limit=32768 kslice=16384 gc_low=348593 armby=1 end: armed=0 state=0 stepmul=200 threshold=697000 gctotal=355381 ccap=518420 cused=355381 parked=false
    one-array-r2-O-B3 SMOKE| MILESTONE cap-1-refusal-caught-machine-survives: PASS -- shape=array OCLJCAP=done/874/not_enough_memory running=true lastError=<null>
one-string-r2-S-stock exit=0 APACITY| shape=string native=stock jit=on jitearly=- tier=192KB scale=1.8 kernelMemory=174605 held=1024 why=not_enough_memory t_first5=0.0018 t_last5=0.0015 batches=11 last/first=0.83 freeKB_at_end/totalKB=4/192 arms=+n/a refusals=+n/a trace_flushes=+n/a fill_ms=1492 queued=true running=true lastError=<null>
    one-string-r2-S-stock CAP-IDLE| ticks=400 arms=+n/a collects=+n/a bailouts=+n/a refusals=+n/a trace_flushes=+n/a park_resets=+n/a traces_live -1 -> -1 armed=n/a state=n/a stepmul=n/a threshold=n/a gctotal=n/a ccap=n/a cused=n/a parked=false wallstats=n/a running=true
    one-string-r2-S-stock CAP-LIVE| used=430498 kernelMemory=174605 user=255893 count(3 collects)=432893/432893/432893 total=528500 traces_live=-1
    one-string-r2-S-stock CAP-MID| snaps=0 stopped=0 stepmul0=0 parked=0 last: armed=n/a state=n/a stepmul=n/a threshold=n/a gctotal=n/a ccap=n/a cused=n/a
    one-string-r2-S-stock CAP-GC| collects=+n/a bailouts=+n/a overdrafts=+n/a od_peak=n/a od_state=n/a park_resets=+n/a od_limit=n/a kslice=n/a gc_low=n/a armby=n/a end: armed=n/a state=n/a stepmul=n/a threshold=n/a gctotal=n/a ccap=n/a cused=n/a parked=false
    one-string-r2-S-stock SMOKE| MILESTONE cap-1-refusal-caught-machine-survives: PASS -- shape=string OCLJCAP=done/1024/not_enough_memory running=true lastError=<null>
one-string-r2-D-B3 exit=0 APACITY| shape=string native=additive jit=on jitearly=- tier=192KB scale=1.8 kernelMemory=367305 held=4667 why=not_enough_memory t_first5=0.0007 t_last5=0.0047 batches=47 last/first=6.71 freeKB_at_end/totalKB=0/192 arms=+79 refusals=+3 trace_flushes=+18 fill_ms=2241 queued=true running=true lastError=<null>
    one-string-r2-D-B3 CAP-IDLE| ticks=400 arms=+0 collects=+0 bailouts=+0 refusals=+0 trace_flushes=+0 park_resets=+0 traces_live 92 -> 101 armed=0 state=0 stepmul=200 threshold=915600 gctotal=523977 ccap=721200 cused=523977 parked=false wallstats=present running=true
    one-string-r2-D-B3 CAP-LIVE| used=458299 kernelMemory=367305 user=90994 count(3 collects)=458251/458251/458251 total=721200 traces_live=101
    one-string-r2-D-B3 CAP-MID| snaps=32 stopped=0 stepmul0=0 parked=0 last: armed=0 state=0 stepmul=200 threshold=771600 gctotal=423189 ccap=721200 cused=423189
    one-string-r2-D-B3 CAP-GC| collects=+79 bailouts=+0 overdrafts=+2895 od_peak=45065 od_state=0 park_resets=+0 od_limit=45075 kslice=16384 gc_low=383209 armby=2 end: armed=0 state=0 stepmul=200 threshold=817600 gctotal=440869 ccap=721200 cused=440869 parked=false
    one-string-r2-D-B3 SMOKE| MILESTONE cap-1-refusal-caught-machine-survives: PASS -- shape=string OCLJCAP=done/4667/not_enough_memory running=true lastError=<null>
one-string-r2-E-B3 exit=0 APACITY| shape=string native=additive jit=on jitearly=off tier=192KB scale=1.8 kernelMemory=164525 held=2048 why=not_enough_memory t_first5=0.0007 t_last5=0.0039 batches=21 last/first=5.57 freeKB_at_end/totalKB=0/192 arms=+81 refusals=+1 trace_flushes=+15 fill_ms=1743 queued=true running=true lastError=<null>
    one-string-r2-E-B3 CAP-IDLE| ticks=400 arms=+36 collects=+36 bailouts=+0 refusals=+0 trace_flushes=+16 park_resets=+0 traces_live 33 -> 0 armed=0 state=0 stepmul=200 threshold=728000 gctotal=364175 ccap=518420 cused=364175 parked=false wallstats=present running=true
    one-string-r2-E-B3 CAP-LIVE| used=364373 kernelMemory=164525 user=199848 count(3 collects)=364325/364325/364325 total=518420 traces_live=0
    one-string-r2-E-B3 CAP-MID| snaps=16 stopped=0 stepmul0=0 parked=0 last: armed=0 state=0 stepmul=200 threshold=754600 gctotal=410589 ccap=518420 cused=410589
    one-string-r2-E-B3 CAP-GC| collects=+81 bailouts=+0 overdrafts=+389 od_peak=9649 od_state=0 park_resets=+0 od_limit=32768 kslice=16384 gc_low=377217 armby=2 end: armed=0 state=0 stepmul=200 threshold=795000 gctotal=434577 ccap=518420 cused=434577 parked=false
    one-string-r2-E-B3 SMOKE| MILESTONE cap-1-refusal-caught-machine-survives: PASS -- shape=string OCLJCAP=done/2048/not_enough_memory running=true lastError=<null>
one-string-r2-O-B3 exit=0 APACITY| shape=string native=additive jit=off jitearly=off tier=192KB scale=1.8 kernelMemory=164525 held=2231 why=not_enough_memory t_first5=0.0009 t_last5=0.0041 batches=23 last/first=4.56 freeKB_at_end/totalKB=0/192 arms=+60 refusals=+1 trace_flushes=+0 fill_ms=1741 queued=true running=true lastError=<null>
    one-string-r2-O-B3 CAP-IDLE| ticks=400 arms=+1 collects=+1 bailouts=+0 refusals=+0 trace_flushes=+0 park_resets=+0 traces_live 0 -> 0 armed=0 state=0 stepmul=200 threshold=703200 gctotal=364011 ccap=518420 cused=364011 parked=false wallstats=present running=true
    one-string-r2-O-B3 CAP-LIVE| used=352133 kernelMemory=164525 user=187608 count(3 collects)=352085/352085/352085 total=518420 traces_live=0
    one-string-r2-O-B3 CAP-MID| snaps=16 stopped=0 stepmul0=0 parked=0 last: armed=0 state=0 stepmul=200 threshold=729800 gctotal=383585 ccap=518420 cused=383585
    one-string-r2-O-B3 CAP-GC| collects=+60 bailouts=+0 overdrafts=+1099 od_peak=16365 od_state=0 park_resets=+0 od_limit=32768 kslice=16384 gc_low=364977 armby=1 end: armed=0 state=0 stepmul=200 threshold=729800 gctotal=383585 ccap=518420 cused=383585 parked=false
    one-string-r2-O-B3 SMOKE| MILESTONE cap-1-refusal-caught-machine-survives: PASS -- shape=string OCLJCAP=done/2231/not_enough_memory running=true lastError=<null>
one-closure-r2-S-stock exit=0 APACITY| shape=closure native=stock jit=on jitearly=- tier=192KB scale=1.8 kernelMemory=174605 held=508 why=not_enough_memory t_first5=0.0016 t_last5=0.0024 batches=6 last/first=1.50 freeKB_at_end/totalKB=0/192 arms=+n/a refusals=+n/a trace_flushes=+n/a fill_ms=1501 queued=true running=true lastError=<null>
    one-closure-r2-S-stock CAP-IDLE| ticks=400 arms=+n/a collects=+n/a bailouts=+n/a refusals=+n/a trace_flushes=+n/a park_resets=+n/a traces_live -1 -> -1 armed=n/a state=n/a stepmul=n/a threshold=n/a gctotal=n/a ccap=n/a cused=n/a parked=false wallstats=n/a running=true
    one-closure-r2-S-stock CAP-LIVE| used=430778 kernelMemory=174605 user=256173 count(3 collects)=433173/433173/433173 total=528500 traces_live=-1
    one-closure-r2-S-stock CAP-MID| snaps=0 stopped=0 stepmul0=0 parked=0 last: armed=n/a state=n/a stepmul=n/a threshold=n/a gctotal=n/a ccap=n/a cused=n/a
    one-closure-r2-S-stock CAP-GC| collects=+n/a bailouts=+n/a overdrafts=+n/a od_peak=n/a od_state=n/a park_resets=+n/a od_limit=n/a kslice=n/a gc_low=n/a armby=n/a end: armed=n/a state=n/a stepmul=n/a threshold=n/a gctotal=n/a ccap=n/a cused=n/a parked=false
    one-closure-r2-S-stock SMOKE| MILESTONE cap-1-refusal-caught-machine-survives: PASS -- shape=closure OCLJCAP=done/508/not_enough_memory running=true lastError=<null>
one-closure-r2-D-B3 exit=0 APACITY| shape=closure native=additive jit=on jitearly=- tier=192KB scale=1.8 kernelMemory=412733 held=1895 why=not_enough_memory t_first5=0.0005 t_last5=0.0053 batches=19 last/first=10.60 freeKB_at_end/totalKB=0/192 arms=+50 refusals=+1 trace_flushes=+9 fill_ms=1744 queued=true running=true lastError=<null>
    one-closure-r2-D-B3 CAP-IDLE| ticks=400 arms=+0 collects=+0 bailouts=+0 refusals=+0 trace_flushes=+0 park_resets=+0 traces_live 104 -> 114 armed=0 state=0 stepmul=200 threshold=922600 gctotal=530147 ccap=766628 cused=530147 parked=false wallstats=present running=true
    one-closure-r2-D-B3 CAP-LIVE| used=461877 kernelMemory=412733 user=49144 count(3 collects)=461829/461829/461829 total=766628 traces_live=114
    one-closure-r2-D-B3 CAP-MID| snaps=16 stopped=0 stepmul0=0 parked=0 last: armed=0 state=0 stepmul=200 threshold=753600 gctotal=421053 ccap=766628 cused=421053
    one-closure-r2-D-B3 CAP-GC| collects=+50 bailouts=+0 overdrafts=+944 od_peak=23947 od_state=0 park_resets=+0 od_limit=47914 kslice=16384 gc_low=376817 armby=2 end: armed=0 state=0 stepmul=200 threshold=803800 gctotal=432981 ccap=766628 cused=432981 parked=false
    one-closure-r2-D-B3 SMOKE| MILESTONE cap-1-refusal-caught-machine-survives: PASS -- shape=closure OCLJCAP=done/1895/not_enough_memory running=true lastError=<null>
one-closure-r2-E-B3 exit=0 APACITY| shape=closure native=additive jit=on jitearly=off tier=192KB scale=1.8 kernelMemory=164525 held=773 why=not_enough_memory t_first5=0.0011 t_last5=0.0043 batches=8 last/first=3.91 freeKB_at_end/totalKB=0/192 arms=+44 refusals=+1 trace_flushes=+7 fill_ms=1493 queued=true running=true lastError=<null>
    one-closure-r2-E-B3 CAP-IDLE| ticks=400 arms=+38 collects=+38 bailouts=+0 refusals=+0 trace_flushes=+18 park_resets=+0 traces_live 3 -> 0 armed=0 state=0 stepmul=200 threshold=728800 gctotal=364629 ccap=518420 cused=364629 parked=false wallstats=present running=true
    one-closure-r2-E-B3 CAP-LIVE| used=364827 kernelMemory=164525 user=200302 count(3 collects)=364779/364779/364779 total=518420 traces_live=0
    one-closure-r2-E-B3 CAP-MID| snaps=8 stopped=0 stepmul0=0 parked=0 last: armed=0 state=0 stepmul=200 threshold=732600 gctotal=376701 ccap=518420 cused=376701
    one-closure-r2-E-B3 CAP-GC| collects=+44 bailouts=+0 overdrafts=+700 od_peak=16371 od_state=0 park_resets=+0 od_limit=32768 kslice=16384 gc_low=361285 armby=2 end: armed=0 state=0 stepmul=200 threshold=751600 gctotal=382645 ccap=518420 cused=382645 parked=false
    one-closure-r2-E-B3 SMOKE| MILESTONE cap-1-refusal-caught-machine-survives: PASS -- shape=closure OCLJCAP=done/773/not_enough_memory running=true lastError=<null>
one-closure-r2-O-B3 exit=0 APACITY| shape=closure native=additive jit=off jitearly=off tier=192KB scale=1.8 kernelMemory=164525 held=838 why=not_enough_memory t_first5=0.0011 t_last5=0.0023 batches=9 last/first=2.09 freeKB_at_end/totalKB=0/192 arms=+35 refusals=+1 trace_flushes=+0 fill_ms=1489 queued=true running=true lastError=<null>
    one-closure-r2-O-B3 CAP-IDLE| ticks=400 arms=+1 collects=+1 bailouts=+0 refusals=+0 trace_flushes=+0 park_resets=+0 traces_live 0 -> 0 armed=0 state=0 stepmul=200 threshold=704000 gctotal=383093 ccap=518420 cused=383093 parked=false wallstats=present running=true
    one-closure-r2-O-B3 CAP-LIVE| used=352543 kernelMemory=164525 user=188018 count(3 collects)=352495/352495/352495 total=518420 traces_live=0
    one-closure-r2-O-B3 CAP-MID| snaps=8 stopped=0 stepmul0=0 parked=0 last: armed=0 state=0 stepmul=200 threshold=703600 gctotal=375383 ccap=518420 cused=375383
    one-closure-r2-O-B3 CAP-GC| collects=+35 bailouts=+0 overdrafts=+677 od_peak=16347 od_state=0 park_resets=+0 od_limit=32768 kslice=16384 gc_low=348825 armby=1 end: armed=0 state=0 stepmul=200 threshold=697600 gctotal=367429 ccap=518420 cused=367429 parked=false
    one-closure-r2-O-B3 SMOKE| MILESTONE cap-1-refusal-caught-machine-survives: PASS -- shape=closure OCLJCAP=done/838/not_enough_memory running=true lastError=<null>
one-record-r3-S-stock exit=0 APACITY| shape=record native=stock jit=on jitearly=- tier=192KB scale=1.8 kernelMemory=174605 held=262 why=not_enough_memory t_first5=0.0019 t_last5=0.0019 batches=3 last/first=1.00 freeKB_at_end/totalKB=0/192 arms=+n/a refusals=+n/a trace_flushes=+n/a fill_ms=1497 queued=true running=true lastError=<null>
    one-record-r3-S-stock CAP-IDLE| ticks=400 arms=+n/a collects=+n/a bailouts=+n/a refusals=+n/a trace_flushes=+n/a park_resets=+n/a traces_live -1 -> -1 armed=n/a state=n/a stepmul=n/a threshold=n/a gctotal=n/a ccap=n/a cused=n/a parked=false wallstats=n/a running=true
    one-record-r3-S-stock CAP-LIVE| used=430671 kernelMemory=174605 user=256066 count(3 collects)=433066/433066/433066 total=528500 traces_live=-1
    one-record-r3-S-stock CAP-MID| snaps=0 stopped=0 stepmul0=0 parked=0 last: armed=n/a state=n/a stepmul=n/a threshold=n/a gctotal=n/a ccap=n/a cused=n/a
    one-record-r3-S-stock CAP-GC| collects=+n/a bailouts=+n/a overdrafts=+n/a od_peak=n/a od_state=n/a park_resets=+n/a od_limit=n/a kslice=n/a gc_low=n/a armby=n/a end: armed=n/a state=n/a stepmul=n/a threshold=n/a gctotal=n/a ccap=n/a cused=n/a parked=false
    one-record-r3-S-stock SMOKE| MILESTONE cap-1-refusal-caught-machine-survives: PASS -- shape=record OCLJCAP=done/262/not_enough_memory running=true lastError=<null>
one-record-r3-D-B3 exit=0 APACITY| shape=record native=additive jit=on jitearly=- tier=192KB scale=1.8 kernelMemory=368085 held=1188 why=not_enough_memory t_first5=0.0011 t_last5=0.0037 batches=12 last/first=3.36 freeKB_at_end/totalKB=0/192 arms=+41 refusals=+1 trace_flushes=+6 fill_ms=1496 queued=true running=true lastError=<null>
    one-record-r3-D-B3 CAP-IDLE| ticks=400 arms=+0 collects=+0 bailouts=+0 refusals=+0 trace_flushes=+0 park_resets=+0 traces_live 103 -> 114 armed=0 state=0 stepmul=200 threshold=915000 gctotal=469943 ccap=721980 cused=469943 parked=false wallstats=present running=true
    one-record-r3-D-B3 CAP-LIVE| used=458065 kernelMemory=368085 user=89980 count(3 collects)=458017/458017/458017 total=721980 traces_live=114
    one-record-r3-D-B3 CAP-MID| snaps=8 stopped=0 stepmul0=0 parked=0 last: armed=0 state=0 stepmul=200 threshold=758200 gctotal=388753 ccap=721980 cused=388753
    one-record-r3-D-B3 CAP-GC| collects=+41 bailouts=+0 overdrafts=+540 od_peak=22479 od_state=0 park_resets=+0 od_limit=45123 kslice=16384 gc_low=379229 armby=2 end: armed=0 state=0 stepmul=200 threshold=806000 gctotal=435233 ccap=721980 cused=435233 parked=false
    one-record-r3-D-B3 SMOKE| MILESTONE cap-1-refusal-caught-machine-survives: PASS -- shape=record OCLJCAP=done/1188/not_enough_memory running=true lastError=<null>
one-record-r3-E-B3 exit=0 APACITY| shape=record native=additive jit=on jitearly=off tier=192KB scale=1.8 kernelMemory=164525 held=617 why=not_enough_memory t_first5=0.0012 t_last5=0.0035 batches=7 last/first=2.92 freeKB_at_end/totalKB=0/192 arms=+55 refusals=+2 trace_flushes=+7 fill_ms=1502 queued=true running=true lastError=<null>
    one-record-r3-E-B3 CAP-IDLE| ticks=400 arms=+39 collects=+39 bailouts=+0 refusals=+0 trace_flushes=+19 park_resets=+0 traces_live 32 -> 31 armed=0 state=0 stepmul=200 threshold=771000 gctotal=404181 ccap=518420 cused=404181 parked=false wallstats=present running=true
    one-record-r3-E-B3 CAP-LIVE| used=386079 kernelMemory=164525 user=221554 count(3 collects)=386031/386031/386031 total=518420 traces_live=31
    one-record-r3-E-B3 CAP-MID| snaps=8 stopped=0 stepmul0=0 parked=0 last: armed=0 state=0 stepmul=200 threshold=732600 gctotal=374005 ccap=518420 cused=374005
    one-record-r3-E-B3 CAP-GC| collects=+55 bailouts=+0 overdrafts=+964 od_peak=32727 od_state=0 park_resets=+0 od_limit=32768 kslice=16384 gc_low=386761 armby=0 end: armed=0 state=0 stepmul=200 threshold=773400 gctotal=392917 ccap=518420 cused=392917 parked=false
    one-record-r3-E-B3 SMOKE| MILESTONE cap-1-refusal-caught-machine-survives: PASS -- shape=record OCLJCAP=done/617/not_enough_memory running=true lastError=<null>
one-record-r3-O-B3 exit=0 APACITY| shape=record native=additive jit=off jitearly=off tier=192KB scale=1.8 kernelMemory=164525 held=673 why=not_enough_memory t_first5=0.0016 t_last5=0.0038 batches=7 last/first=2.38 freeKB_at_end/totalKB=0/192 arms=+63 refusals=+2 trace_flushes=+0 fill_ms=1507 queued=true running=true lastError=<null>
    one-record-r3-O-B3 CAP-IDLE| ticks=400 arms=+0 collects=+0 bailouts=+0 refusals=+0 trace_flushes=+0 park_resets=+0 traces_live 0 -> 0 armed=0 state=0 stepmul=200 threshold=705200 gctotal=419797 ccap=518420 cused=419797 parked=false wallstats=present running=true
    one-record-r3-O-B3 CAP-LIVE| used=353087 kernelMemory=164525 user=188562 count(3 collects)=353039/353039/353039 total=518420 traces_live=0
    one-record-r3-O-B3 CAP-MID| snaps=8 stopped=0 stepmul0=0 parked=0 last: armed=0 state=0 stepmul=200 threshold=691400 gctotal=358081 ccap=518420 cused=358081
    one-record-r3-O-B3 CAP-GC| collects=+63 bailouts=+0 overdrafts=+3497 od_peak=32751 od_state=0 park_resets=+0 od_limit=32768 kslice=16384 gc_low=345701 armby=1 end: armed=0 state=0 stepmul=200 threshold=691800 gctotal=358337 ccap=518420 cused=358337 parked=false
    one-record-r3-O-B3 SMOKE| MILESTONE cap-1-refusal-caught-machine-survives: PASS -- shape=record OCLJCAP=done/673/not_enough_memory running=true lastError=<null>
one-array-r3-S-stock exit=0 APACITY| shape=array native=stock jit=on jitearly=- tier=192KB scale=1.8 kernelMemory=174605 held=287 why=not_enough_memory t_first5=0.0025 t_last5=0.0025 batches=3 last/first=1.00 freeKB_at_end/totalKB=0/192 arms=+n/a refusals=+n/a trace_flushes=+n/a fill_ms=1493 queued=true running=true lastError=<null>
    one-array-r3-S-stock CAP-IDLE| ticks=400 arms=+n/a collects=+n/a bailouts=+n/a refusals=+n/a trace_flushes=+n/a park_resets=+n/a traces_live -1 -> -1 armed=n/a state=n/a stepmul=n/a threshold=n/a gctotal=n/a ccap=n/a cused=n/a parked=false wallstats=n/a running=true
    one-array-r3-S-stock CAP-LIVE| used=430534 kernelMemory=174605 user=255929 count(3 collects)=432929/432929/432929 total=528500 traces_live=-1
    one-array-r3-S-stock CAP-MID| snaps=0 stopped=0 stepmul0=0 parked=0 last: armed=n/a state=n/a stepmul=n/a threshold=n/a gctotal=n/a ccap=n/a cused=n/a
    one-array-r3-S-stock CAP-GC| collects=+n/a bailouts=+n/a overdrafts=+n/a od_peak=n/a od_state=n/a park_resets=+n/a od_limit=n/a kslice=n/a gc_low=n/a armby=n/a end: armed=n/a state=n/a stepmul=n/a threshold=n/a gctotal=n/a ccap=n/a cused=n/a parked=false
    one-array-r3-S-stock SMOKE| MILESTONE cap-1-refusal-caught-machine-survives: PASS -- shape=array OCLJCAP=done/287/not_enough_memory running=true lastError=<null>
one-array-r3-D-B3 exit=0 APACITY| shape=array native=additive jit=on jitearly=- tier=192KB scale=1.8 kernelMemory=347225 held=1690 why=not_enough_memory t_first5=0.0010 t_last5=0.0025 batches=17 last/first=2.50 freeKB_at_end/totalKB=0/192 arms=+35 refusals=+1 trace_flushes=+8 fill_ms=1749 queued=true running=true lastError=<null>
    one-array-r3-D-B3 CAP-IDLE| ticks=400 arms=+0 collects=+0 bailouts=+0 refusals=+0 trace_flushes=+0 park_resets=+0 traces_live 85 -> 97 armed=0 state=0 stepmul=200 threshold=893200 gctotal=458974 ccap=701120 cused=458974 parked=false wallstats=present running=true
    one-array-r3-D-B3 CAP-LIVE| used=447096 kernelMemory=347225 user=99871 count(3 collects)=447048/447048/447048 total=701120 traces_live=97
    one-array-r3-D-B3 CAP-MID| snaps=16 stopped=0 stepmul0=0 parked=0 last: armed=0 state=0 stepmul=200 threshold=734800 gctotal=389525 ccap=701120 cused=389525
    one-array-r3-D-B3 CAP-GC| collects=+35 bailouts=+0 overdrafts=+538 od_peak=21806 od_state=0 park_resets=+0 od_limit=43820 kslice=16384 gc_low=362661 armby=2 end: armed=0 state=0 stepmul=200 threshold=791400 gctotal=414345 ccap=701120 cused=414345 parked=false
    one-array-r3-D-B3 SMOKE| MILESTONE cap-1-refusal-caught-machine-survives: PASS -- shape=array OCLJCAP=done/1690/not_enough_memory running=true lastError=<null>
one-array-r3-E-B3 exit=0 APACITY| shape=array native=additive jit=on jitearly=off tier=192KB scale=1.8 kernelMemory=164525 held=787 why=not_enough_memory t_first5=0.0006 t_last5=0.0020 batches=8 last/first=3.33 freeKB_at_end/totalKB=0/192 arms=+46 refusals=+1 trace_flushes=+7 fill_ms=1491 queued=true running=true lastError=<null>
    one-array-r3-E-B3 CAP-IDLE| ticks=400 arms=+36 collects=+36 bailouts=+0 refusals=+0 trace_flushes=+16 park_resets=+0 traces_live 33 -> 2 armed=0 state=0 stepmul=200 threshold=731200 gctotal=374156 ccap=518420 cused=374156 parked=false wallstats=present running=true
    one-array-r3-E-B3 CAP-LIVE| used=367870 kernelMemory=164525 user=203345 count(3 collects)=367822/367822/367822 total=518420 traces_live=2
    one-array-r3-E-B3 CAP-MID| snaps=8 stopped=0 stepmul0=0 parked=0 last: armed=0 state=0 stepmul=200 threshold=727800 gctotal=383661 ccap=518420 cused=383661
    one-array-r3-E-B3 CAP-GC| collects=+46 bailouts=+0 overdrafts=+350 od_peak=16330 od_state=0 park_resets=+0 od_limit=32768 kslice=16384 gc_low=385137 armby=0 end: armed=0 state=0 stepmul=200 threshold=770200 gctotal=397517 ccap=518420 cused=397517 parked=false
    one-array-r3-E-B3 SMOKE| MILESTONE cap-1-refusal-caught-machine-survives: PASS -- shape=array OCLJCAP=done/787/not_enough_memory running=true lastError=<null>
one-array-r3-O-B3 exit=0 APACITY| shape=array native=additive jit=off jitearly=off tier=192KB scale=1.8 kernelMemory=164525 held=874 why=not_enough_memory t_first5=0.0008 t_last5=0.0043 batches=9 last/first=5.38 freeKB_at_end/totalKB=0/192 arms=+36 refusals=+1 trace_flushes=+0 fill_ms=1494 queued=true running=true lastError=<null>
    one-array-r3-O-B3 CAP-IDLE| ticks=400 arms=+1 collects=+1 bailouts=+0 refusals=+0 trace_flushes=+0 park_resets=+0 traces_live 0 -> 0 armed=0 state=0 stepmul=200 threshold=703400 gctotal=364728 ccap=518420 cused=364728 parked=false wallstats=present running=true
    one-array-r3-O-B3 CAP-LIVE| used=352218 kernelMemory=164525 user=187693 count(3 collects)=352170/352170/352170 total=518420 traces_live=0
    one-array-r3-O-B3 CAP-MID| snaps=8 stopped=0 stepmul0=0 parked=0 last: armed=0 state=0 stepmul=200 threshold=697000 gctotal=354117 ccap=518420 cused=354117
    one-array-r3-O-B3 CAP-GC| collects=+36 bailouts=+0 overdrafts=+537 od_peak=16358 od_state=0 park_resets=+0 od_limit=32768 kslice=16384 gc_low=348593 armby=1 end: armed=0 state=0 stepmul=200 threshold=697000 gctotal=348877 ccap=518420 cused=348877 parked=false
    one-array-r3-O-B3 SMOKE| MILESTONE cap-1-refusal-caught-machine-survives: PASS -- shape=array OCLJCAP=done/874/not_enough_memory running=true lastError=<null>
one-string-r3-S-stock exit=0 APACITY| shape=string native=stock jit=on jitearly=- tier=192KB scale=1.8 kernelMemory=174605 held=1024 why=not_enough_memory t_first5=0.0018 t_last5=0.0018 batches=11 last/first=1.00 freeKB_at_end/totalKB=4/192 arms=+n/a refusals=+n/a trace_flushes=+n/a fill_ms=1500 queued=true running=true lastError=<null>
    one-string-r3-S-stock CAP-IDLE| ticks=400 arms=+n/a collects=+n/a bailouts=+n/a refusals=+n/a trace_flushes=+n/a park_resets=+n/a traces_live -1 -> -1 armed=n/a state=n/a stepmul=n/a threshold=n/a gctotal=n/a ccap=n/a cused=n/a parked=false wallstats=n/a running=true
    one-string-r3-S-stock CAP-LIVE| used=430432 kernelMemory=174605 user=255827 count(3 collects)=432827/432827/432827 total=528500 traces_live=-1
    one-string-r3-S-stock CAP-MID| snaps=0 stopped=0 stepmul0=0 parked=0 last: armed=n/a state=n/a stepmul=n/a threshold=n/a gctotal=n/a ccap=n/a cused=n/a
    one-string-r3-S-stock CAP-GC| collects=+n/a bailouts=+n/a overdrafts=+n/a od_peak=n/a od_state=n/a park_resets=+n/a od_limit=n/a kslice=n/a gc_low=n/a armby=n/a end: armed=n/a state=n/a stepmul=n/a threshold=n/a gctotal=n/a ccap=n/a cused=n/a parked=false
    one-string-r3-S-stock SMOKE| MILESTONE cap-1-refusal-caught-machine-survives: PASS -- shape=string OCLJCAP=done/1024/not_enough_memory running=true lastError=<null>
one-string-r3-D-B3 exit=0 APACITY| shape=string native=additive jit=on jitearly=- tier=192KB scale=1.8 kernelMemory=339225 held=4096 why=not_enough_memory t_first5=0.0006 t_last5=0.0049 batches=41 last/first=8.17 freeKB_at_end/totalKB=0/192 arms=+82 refusals=+1 trace_flushes=+15 fill_ms=1988 queued=true running=true lastError=<null>
    one-string-r3-D-B3 CAP-IDLE| ticks=400 arms=+0 collects=+0 bailouts=+0 refusals=+0 trace_flushes=+0 park_resets=+0 traces_live 93 -> 99 armed=0 state=0 stepmul=200 threshold=893800 gctotal=519369 ccap=693120 cused=519369 parked=false wallstats=present running=true
    one-string-r3-D-B3 CAP-LIVE| used=447467 kernelMemory=339225 user=108242 count(3 collects)=447419/447419/447419 total=693120 traces_live=99
    one-string-r3-D-B3 CAP-MID| snaps=24 stopped=0 stepmul0=0 parked=0 last: armed=0 state=0 stepmul=200 threshold=753800 gctotal=392373 ccap=693120 cused=392373
    one-string-r3-D-B3 CAP-GC| collects=+82 bailouts=+0 overdrafts=+26 od_peak=1077 od_state=0 park_resets=+0 od_limit=43320 kslice=16384 gc_low=377041 armby=2 end: armed=0 state=0 stepmul=200 threshold=812400 gctotal=419265 ccap=693120 cused=419265 parked=false
    one-string-r3-D-B3 SMOKE| MILESTONE cap-1-refusal-caught-machine-survives: PASS -- shape=string OCLJCAP=done/4096/not_enough_memory running=true lastError=<null>
one-string-r3-E-B3 exit=0 APACITY| shape=string native=additive jit=on jitearly=off tier=192KB scale=1.8 kernelMemory=164525 held=2048 why=not_enough_memory t_first5=0.0006 t_last5=0.0030 batches=21 last/first=5.00 freeKB_at_end/totalKB=0/192 arms=+73 refusals=+1 trace_flushes=+17 fill_ms=1747 queued=true running=true lastError=<null>
    one-string-r3-E-B3 CAP-IDLE| ticks=400 arms=+38 collects=+38 bailouts=+0 refusals=+0 trace_flushes=+18 park_resets=+0 traces_live 32 -> 34 armed=0 state=0 stepmul=200 threshold=777600 gctotal=407471 ccap=518420 cused=407471 parked=false wallstats=present running=true
    one-string-r3-E-B3 CAP-LIVE| used=389369 kernelMemory=164525 user=224844 count(3 collects)=389321/389321/389321 total=518420 traces_live=34
    one-string-r3-E-B3 CAP-MID| snaps=16 stopped=0 stepmul0=0 parked=0 last: armed=0 state=0 stepmul=200 threshold=756000 gctotal=414801 ccap=518420 cused=414801
    one-string-r3-E-B3 CAP-GC| collects=+73 bailouts=+0 overdrafts=+391 od_peak=8345 od_state=0 park_resets=+0 od_limit=32768 kslice=16384 gc_low=378285 armby=2 end: armed=0 state=0 stepmul=200 threshold=789400 gctotal=425777 ccap=518420 cused=425777 parked=false
    one-string-r3-E-B3 SMOKE| MILESTONE cap-1-refusal-caught-machine-survives: PASS -- shape=string OCLJCAP=done/2048/not_enough_memory running=true lastError=<null>
one-string-r3-O-B3 exit=0 APACITY| shape=string native=additive jit=off jitearly=off tier=192KB scale=1.8 kernelMemory=164525 held=2231 why=not_enough_memory t_first5=0.0008 t_last5=0.0063 batches=23 last/first=7.88 freeKB_at_end/totalKB=0/192 arms=+60 refusals=+1 trace_flushes=+0 fill_ms=1747 queued=true running=true lastError=<null>
    one-string-r3-O-B3 CAP-IDLE| ticks=400 arms=+1 collects=+1 bailouts=+0 refusals=+0 trace_flushes=+0 park_resets=+0 traces_live 0 -> 0 armed=0 state=0 stepmul=200 threshold=703200 gctotal=358419 ccap=518420 cused=358419 parked=false wallstats=present running=true
    one-string-r3-O-B3 CAP-LIVE| used=352133 kernelMemory=164525 user=187608 count(3 collects)=352085/352085/352085 total=518420 traces_live=0
    one-string-r3-O-B3 CAP-MID| snaps=16 stopped=0 stepmul0=0 parked=0 last: armed=0 state=0 stepmul=200 threshold=729800 gctotal=371769 ccap=518420 cused=371769
    one-string-r3-O-B3 CAP-GC| collects=+60 bailouts=+0 overdrafts=+1099 od_peak=16365 od_state=0 park_resets=+0 od_limit=32768 kslice=16384 gc_low=364977 armby=1 end: armed=0 state=0 stepmul=200 threshold=729800 gctotal=371769 ccap=518420 cused=371769 parked=false
    one-string-r3-O-B3 SMOKE| MILESTONE cap-1-refusal-caught-machine-survives: PASS -- shape=string OCLJCAP=done/2231/not_enough_memory running=true lastError=<null>
one-closure-r3-S-stock exit=0 APACITY| shape=closure native=stock jit=on jitearly=- tier=192KB scale=1.8 kernelMemory=174605 held=508 why=not_enough_memory t_first5=0.0013 t_last5=0.0020 batches=6 last/first=1.54 freeKB_at_end/totalKB=0/192 arms=+n/a refusals=+n/a trace_flushes=+n/a fill_ms=1500 queued=true running=true lastError=<null>
    one-closure-r3-S-stock CAP-IDLE| ticks=400 arms=+n/a collects=+n/a bailouts=+n/a refusals=+n/a trace_flushes=+n/a park_resets=+n/a traces_live -1 -> -1 armed=n/a state=n/a stepmul=n/a threshold=n/a gctotal=n/a ccap=n/a cused=n/a parked=false wallstats=n/a running=true
    one-closure-r3-S-stock CAP-LIVE| used=430712 kernelMemory=174605 user=256107 count(3 collects)=433107/433107/433107 total=528500 traces_live=-1
    one-closure-r3-S-stock CAP-MID| snaps=0 stopped=0 stepmul0=0 parked=0 last: armed=n/a state=n/a stepmul=n/a threshold=n/a gctotal=n/a ccap=n/a cused=n/a
    one-closure-r3-S-stock CAP-GC| collects=+n/a bailouts=+n/a overdrafts=+n/a od_peak=n/a od_state=n/a park_resets=+n/a od_limit=n/a kslice=n/a gc_low=n/a armby=n/a end: armed=n/a state=n/a stepmul=n/a threshold=n/a gctotal=n/a ccap=n/a cused=n/a parked=false
    one-closure-r3-S-stock SMOKE| MILESTONE cap-1-refusal-caught-machine-survives: PASS -- shape=closure OCLJCAP=done/508/not_enough_memory running=true lastError=<null>
one-closure-r3-D-B3 exit=0 APACITY| shape=closure native=additive jit=on jitearly=- tier=192KB scale=1.8 kernelMemory=413645 held=1887 why=not_enough_memory t_first5=0.0007 t_last5=0.0032 batches=19 last/first=4.57 freeKB_at_end/totalKB=0/192 arms=+46 refusals=+1 trace_flushes=+9 fill_ms=1745 queued=true running=true lastError=<null>
    one-closure-r3-D-B3 CAP-IDLE| ticks=400 arms=+0 collects=+0 bailouts=+0 refusals=+0 trace_flushes=+0 park_resets=+0 traces_live 95 -> 104 armed=0 state=0 stepmul=200 threshold=927200 gctotal=463951 ccap=767540 cused=463951 parked=false wallstats=present running=true
    one-closure-r3-D-B3 CAP-LIVE| used=464149 kernelMemory=413645 user=50504 count(3 collects)=464101/464101/464101 total=767540 traces_live=104
    one-closure-r3-D-B3 CAP-MID| snaps=16 stopped=0 stepmul0=0 parked=0 last: armed=0 state=0 stepmul=200 threshold=772200 gctotal=393505 ccap=767540 cused=393505
    one-closure-r3-D-B3 CAP-GC| collects=+46 bailouts=+0 overdrafts=+968 od_peak=23967 od_state=0 park_resets=+0 od_limit=47971 kslice=16384 gc_low=378997 armby=2 end: armed=0 state=0 stepmul=200 threshold=811600 gctotal=412605 ccap=767540 cused=412605 parked=false
    one-closure-r3-D-B3 SMOKE| MILESTONE cap-1-refusal-caught-machine-survives: PASS -- shape=closure OCLJCAP=done/1887/not_enough_memory running=true lastError=<null>
one-closure-r3-E-B3 exit=0 APACITY| shape=closure native=additive jit=on jitearly=off tier=192KB scale=1.8 kernelMemory=164525 held=771 why=not_enough_memory t_first5=0.0021 t_last5=0.0054 batches=8 last/first=2.57 freeKB_at_end/totalKB=0/192 arms=+39 refusals=+1 trace_flushes=+6 fill_ms=1499 queued=true running=true lastError=<null>
    one-closure-r3-E-B3 CAP-IDLE| ticks=400 arms=+40 collects=+40 bailouts=+0 refusals=+0 trace_flushes=+20 park_resets=+0 traces_live 12 -> 0 armed=0 state=0 stepmul=200 threshold=730200 gctotal=365417 ccap=518420 cused=365417 parked=false wallstats=present running=true
    one-closure-r3-E-B3 CAP-LIVE| used=365615 kernelMemory=164525 user=201090 count(3 collects)=365567/365567/365567 total=518420 traces_live=0
    one-closure-r3-E-B3 CAP-MID| snaps=8 stopped=0 stepmul0=0 parked=0 last: armed=0 state=0 stepmul=200 threshold=723600 gctotal=389637 ccap=518420 cused=389637
    one-closure-r3-E-B3 CAP-GC| collects=+39 bailouts=+0 overdrafts=+733 od_peak=16383 od_state=0 park_resets=+0 od_limit=32768 kslice=16384 gc_low=385525 armby=0 end: armed=0 state=0 stepmul=200 threshold=771000 gctotal=404129 ccap=518420 cused=404129 parked=false
    one-closure-r3-E-B3 SMOKE| MILESTONE cap-1-refusal-caught-machine-survives: PASS -- shape=closure OCLJCAP=done/771/not_enough_memory running=true lastError=<null>
one-closure-r3-O-B3 exit=0 APACITY| shape=closure native=additive jit=off jitearly=off tier=192KB scale=1.8 kernelMemory=164525 held=839 why=not_enough_memory t_first5=0.0010 t_last5=0.0057 batches=9 last/first=5.70 freeKB_at_end/totalKB=0/192 arms=+36 refusals=+1 trace_flushes=+0 fill_ms=1502 queued=true running=true lastError=<null>
    one-closure-r3-O-B3 CAP-IDLE| ticks=400 arms=+0 collects=+0 bailouts=+0 refusals=+0 trace_flushes=+0 park_resets=+0 traces_live 0 -> 0 armed=0 state=0 stepmul=200 threshold=703800 gctotal=352277 ccap=518420 cused=352277 parked=false wallstats=present running=true
    one-closure-r3-O-B3 CAP-LIVE| used=352475 kernelMemory=164525 user=187950 count(3 collects)=352427/352427/352427 total=518420 traces_live=0
    one-closure-r3-O-B3 CAP-MID| snaps=8 stopped=0 stepmul0=0 parked=0 last: armed=0 state=0 stepmul=200 threshold=703400 gctotal=375267 ccap=518420 cused=375267
    one-closure-r3-O-B3 CAP-GC| collects=+36 bailouts=+0 overdrafts=+681 od_peak=16359 od_state=0 park_resets=+0 od_limit=32768 kslice=16384 gc_low=348757 armby=1 end: armed=0 state=0 stepmul=200 threshold=697400 gctotal=367993 ccap=518420 cused=367993 parked=false
    one-closure-r3-O-B3 SMOKE| MILESTONE cap-1-refusal-caught-machine-survives: PASS -- shape=closure OCLJCAP=done/839/not_enough_memory running=true lastError=<null>
onehalf-record-r1-S-stock exit=0 APACITY| shape=record native=stock jit=on jitearly=- tier=256KB scale=1.8 kernelMemory=174605 held=536 why=not_enough_memory t_first5=0.0023 t_last5=0.0032 batches=6 last/first=1.39 freeKB_at_end/totalKB=0/256 arms=+n/a refusals=+n/a trace_flushes=+n/a fill_ms=1501 queued=true running=true lastError=<null>
    onehalf-record-r1-S-stock CAP-IDLE| ticks=400 arms=+n/a collects=+n/a bailouts=+n/a refusals=+n/a trace_flushes=+n/a park_resets=+n/a traces_live -1 -> -1 armed=n/a state=n/a stepmul=n/a threshold=n/a gctotal=n/a ccap=n/a cused=n/a parked=false wallstats=n/a running=true
    onehalf-record-r1-S-stock CAP-LIVE| used=430671 kernelMemory=174605 user=256066 count(3 collects)=433066/433066/433066 total=646465 traces_live=-1
    onehalf-record-r1-S-stock CAP-MID| snaps=0 stopped=0 stepmul0=0 parked=0 last: armed=n/a state=n/a stepmul=n/a threshold=n/a gctotal=n/a ccap=n/a cused=n/a
    onehalf-record-r1-S-stock CAP-GC| collects=+n/a bailouts=+n/a overdrafts=+n/a od_peak=n/a od_state=n/a park_resets=+n/a od_limit=n/a kslice=n/a gc_low=n/a armby=n/a end: armed=n/a state=n/a stepmul=n/a threshold=n/a gctotal=n/a ccap=n/a cused=n/a parked=false
    onehalf-record-r1-S-stock SMOKE| MILESTONE cap-1-refusal-caught-machine-survives: PASS -- shape=record OCLJCAP=done/536/not_enough_memory running=true lastError=<null>
onehalf-record-r1-D-B3 exit=0 APACITY| shape=record native=additive jit=on jitearly=- tier=256KB scale=1.8 kernelMemory=366625 held=1626 why=not_enough_memory t_first5=0.0008 t_last5=0.0049 batches=17 last/first=6.12 freeKB_at_end/totalKB=0/256 arms=+48 refusals=+1 trace_flushes=+7 fill_ms=1744 queued=true running=true lastError=<null>
    onehalf-record-r1-D-B3 CAP-IDLE| ticks=400 arms=+0 collects=+0 bailouts=+0 refusals=+0 trace_flushes=+0 park_resets=+0 traces_live 67 -> 80 armed=0 state=0 stepmul=200 threshold=842400 gctotal=483401 ccap=838485 cused=483401 parked=false wallstats=present running=true
    onehalf-record-r1-D-B3 CAP-LIVE| used=421755 kernelMemory=366625 user=55130 count(3 collects)=421707/421707/421707 total=838485 traces_live=80
    onehalf-record-r1-D-B3 CAP-MID| snaps=16 stopped=0 stepmul0=0 parked=0 last: armed=0 state=0 stepmul=200 threshold=761800 gctotal=415933 ccap=838485 cused=415933
    onehalf-record-r1-D-B3 CAP-GC| collects=+48 bailouts=+0 overdrafts=+713 od_peak=26198 od_state=0 park_resets=+0 od_limit=52405 kslice=16384 gc_low=376165 armby=2 end: armed=0 state=0 stepmul=200 threshold=805000 gctotal=428053 ccap=838485 cused=428053 parked=false
    onehalf-record-r1-D-B3 SMOKE| MILESTONE cap-1-refusal-caught-machine-survives: PASS -- shape=record OCLJCAP=done/1626/not_enough_memory running=true lastError=<null>
onehalf-record-r1-E-B3 exit=0 APACITY| shape=record native=additive jit=on jitearly=off tier=256KB scale=1.8 kernelMemory=164525 held=918 why=not_enough_memory t_first5=0.0009 t_last5=0.0024 batches=10 last/first=2.67 freeKB_at_end/totalKB=0/256 arms=+40 refusals=+1 trace_flushes=+7 fill_ms=1495 queued=true running=true lastError=<null>
    onehalf-record-r1-E-B3 CAP-IDLE| ticks=400 arms=+0 collects=+0 bailouts=+0 refusals=+0 trace_flushes=+0 park_resets=+0 traces_live 110 -> 116 armed=0 state=0 stepmul=200 threshold=926600 gctotal=463649 ccap=636385 cused=463649 parked=false wallstats=present running=true
    onehalf-record-r1-E-B3 CAP-LIVE| used=463847 kernelMemory=164525 user=299322 count(3 collects)=463799/463799/463799 total=636385 traces_live=116
    onehalf-record-r1-E-B3 CAP-MID| snaps=8 stopped=0 stepmul0=0 parked=0 last: armed=0 state=0 stepmul=200 threshold=758800 gctotal=395017 ccap=636385 cused=395017
    onehalf-record-r1-E-B3 CAP-GC| collects=+40 bailouts=+0 overdrafts=+640 od_peak=19838 od_state=0 park_resets=+0 od_limit=39774 kslice=16384 gc_low=379517 armby=2 end: armed=0 state=0 stepmul=200 threshold=809400 gctotal=423941 ccap=636385 cused=423941 parked=false
    onehalf-record-r1-E-B3 SMOKE| MILESTONE cap-1-refusal-caught-machine-survives: PASS -- shape=record OCLJCAP=done/918/not_enough_memory running=true lastError=<null>
onehalf-record-r1-O-B3 exit=0 APACITY| shape=record native=additive jit=off jitearly=off tier=256KB scale=1.8 kernelMemory=164525 held=969 why=not_enough_memory t_first5=0.0010 t_last5=0.0053 batches=10 last/first=5.30 freeKB_at_end/totalKB=0/256 arms=+36 refusals=+1 trace_flushes=+0 fill_ms=1495 queued=true running=true lastError=<null>
    onehalf-record-r1-O-B3 CAP-IDLE| ticks=400 arms=+0 collects=+0 bailouts=+0 refusals=+0 trace_flushes=+0 park_resets=+0 traces_live 0 -> 0 armed=0 state=0 stepmul=200 threshold=705200 gctotal=365645 ccap=636385 cused=365645 parked=false wallstats=present running=true
    onehalf-record-r1-O-B3 CAP-LIVE| used=353135 kernelMemory=164525 user=188610 count(3 collects)=353087/353087/353087 total=636385 traces_live=0
    onehalf-record-r1-O-B3 CAP-MID| snaps=8 stopped=0 stepmul0=0 parked=0 last: armed=0 state=0 stepmul=200 threshold=737600 gctotal=387087 ccap=636385 cused=387087
    onehalf-record-r1-O-B3 CAP-GC| collects=+36 bailouts=+0 overdrafts=+709 od_peak=19862 od_state=0 park_resets=+0 od_limit=39774 kslice=16384 gc_low=365581 armby=1 end: armed=0 state=0 stepmul=200 threshold=731000 gctotal=396637 ccap=636385 cused=396637 parked=false
    onehalf-record-r1-O-B3 SMOKE| MILESTONE cap-1-refusal-caught-machine-survives: PASS -- shape=record OCLJCAP=done/969/not_enough_memory running=true lastError=<null>
onehalf-array-r1-S-stock exit=0 APACITY| shape=array native=stock jit=on jitearly=- tier=256KB scale=1.8 kernelMemory=174605 held=586 why=not_enough_memory t_first5=0.0017 t_last5=0.0033 batches=6 last/first=1.94 freeKB_at_end/totalKB=0/256 arms=+n/a refusals=+n/a trace_flushes=+n/a fill_ms=1495 queued=true running=true lastError=<null>
    onehalf-array-r1-S-stock CAP-IDLE| ticks=400 arms=+n/a collects=+n/a bailouts=+n/a refusals=+n/a trace_flushes=+n/a park_resets=+n/a traces_live -1 -> -1 armed=n/a state=n/a stepmul=n/a threshold=n/a gctotal=n/a ccap=n/a cused=n/a parked=false wallstats=n/a running=true
    onehalf-array-r1-S-stock CAP-LIVE| used=430600 kernelMemory=174605 user=255995 count(3 collects)=432995/432995/432995 total=646465 traces_live=-1
    onehalf-array-r1-S-stock CAP-MID| snaps=0 stopped=0 stepmul0=0 parked=0 last: armed=n/a state=n/a stepmul=n/a threshold=n/a gctotal=n/a ccap=n/a cused=n/a
    onehalf-array-r1-S-stock CAP-GC| collects=+n/a bailouts=+n/a overdrafts=+n/a od_peak=n/a od_state=n/a park_resets=+n/a od_limit=n/a kslice=n/a gc_low=n/a armby=n/a end: armed=n/a state=n/a stepmul=n/a threshold=n/a gctotal=n/a ccap=n/a cused=n/a parked=false
    onehalf-array-r1-S-stock SMOKE| MILESTONE cap-1-refusal-caught-machine-survives: PASS -- shape=array OCLJCAP=done/586/not_enough_memory running=true lastError=<null>
onehalf-array-r1-D-B3 exit=0 APACITY| shape=array native=additive jit=on jitearly=- tier=256KB scale=1.8 kernelMemory=340093 held=2190 why=not_enough_memory t_first5=0.0004 t_last5=0.0034 batches=22 last/first=8.50 freeKB_at_end/totalKB=0/256 arms=+32 refusals=+1 trace_flushes=+7 fill_ms=1749 queued=true running=true lastError=<null>
    onehalf-array-r1-D-B3 CAP-IDLE| ticks=400 arms=+0 collects=+0 bailouts=+0 refusals=+0 trace_flushes=+0 park_resets=+0 traces_live 53 -> 61 armed=0 state=0 stepmul=200 threshold=810800 gctotal=468632 ccap=811953 cused=468632 parked=false wallstats=present running=true
    onehalf-array-r1-D-B3 CAP-LIVE| used=405954 kernelMemory=340093 user=65861 count(3 collects)=405906/405906/405906 total=811953 traces_live=61
    onehalf-array-r1-D-B3 CAP-MID| snaps=16 stopped=0 stepmul0=0 parked=0 last: armed=0 state=0 stepmul=200 threshold=719400 gctotal=392937 ccap=811953 cused=392937
    onehalf-array-r1-D-B3 CAP-GC| collects=+32 bailouts=+0 overdrafts=+647 od_peak=25365 od_state=0 park_resets=+0 od_limit=50747 kslice=16384 gc_low=359777 armby=2 end: armed=0 state=0 stepmul=200 threshold=764200 gctotal=408249 ccap=811953 cused=408249 parked=false
    onehalf-array-r1-D-B3 SMOKE| MILESTONE cap-1-refusal-caught-machine-survives: PASS -- shape=array OCLJCAP=done/2190/not_enough_memory running=true lastError=<null>
onehalf-array-r1-E-B3 exit=0 APACITY| shape=array native=additive jit=on jitearly=off tier=256KB scale=1.8 kernelMemory=164525 held=1465 why=not_enough_memory t_first5=0.0012 t_last5=0.0060 batches=15 last/first=5.00 freeKB_at_end/totalKB=0/256 arms=+51 refusals=+3 trace_flushes=+8 fill_ms=1754 queued=true running=true lastError=<null>
    onehalf-array-r1-E-B3 CAP-IDLE| ticks=400 arms=+0 collects=+0 bailouts=+0 refusals=+0 trace_flushes=+0 park_resets=+0 traces_live 111 -> 116 armed=0 state=0 stepmul=200 threshold=918200 gctotal=459434 ccap=636385 cused=459434 parked=false wallstats=present running=true
    onehalf-array-r1-E-B3 CAP-LIVE| used=459632 kernelMemory=164525 user=295107 count(3 collects)=459584/459584/459584 total=636385 traces_live=116
    onehalf-array-r1-E-B3 CAP-MID| snaps=16 stopped=0 stepmul0=0 parked=0 last: armed=0 state=0 stepmul=200 threshold=746400 gctotal=381857 ccap=636385 cused=381857
    onehalf-array-r1-E-B3 CAP-GC| collects=+51 bailouts=+0 overdrafts=+1246 od_peak=39773 od_state=0 park_resets=+0 od_limit=39774 kslice=16384 gc_low=362873 armby=2 end: armed=0 state=0 stepmul=200 threshold=769600 gctotal=391617 ccap=636385 cused=391617 parked=false
    onehalf-array-r1-E-B3 SMOKE| MILESTONE cap-1-refusal-caught-machine-survives: PASS -- shape=array OCLJCAP=done/1465/not_enough_memory running=true lastError=<null>
onehalf-array-r1-O-B3 exit=0 APACITY| shape=array native=additive jit=off jitearly=off tier=256KB scale=1.8 kernelMemory=164525 held=1438 why=not_enough_memory t_first5=0.0004 t_last5=0.0047 batches=15 last/first=11.75 freeKB_at_end/totalKB=0/256 arms=+42 refusals=+1 trace_flushes=+0 fill_ms=1747 queued=true running=true lastError=<null>
    onehalf-array-r1-O-B3 CAP-IDLE| ticks=400 arms=+0 collects=+0 bailouts=+0 refusals=+0 trace_flushes=+0 park_resets=+0 traces_live 0 -> 0 armed=0 state=0 stepmul=200 threshold=704600 gctotal=364700 ccap=636385 cused=364700 parked=false wallstats=present running=true
    onehalf-array-r1-O-B3 CAP-LIVE| used=352822 kernelMemory=164525 user=188297 count(3 collects)=352774/352774/352774 total=636385 traces_live=0
    onehalf-array-r1-O-B3 CAP-MID| snaps=16 stopped=0 stepmul0=0 parked=0 last: armed=0 state=0 stepmul=200 threshold=698200 gctotal=367805 ccap=636385 cused=367805
    onehalf-array-r1-O-B3 CAP-GC| collects=+42 bailouts=+0 overdrafts=+715 od_peak=19865 od_state=0 park_resets=+0 od_limit=39774 kslice=16384 gc_low=349197 armby=1 end: armed=0 state=0 stepmul=200 threshold=698200 gctotal=367805 ccap=636385 cused=367805 parked=false
    onehalf-array-r1-O-B3 SMOKE| MILESTONE cap-1-refusal-caught-machine-survives: PASS -- shape=array OCLJCAP=done/1438/not_enough_memory running=true lastError=<null>
onehalf-string-r1-S-stock exit=0 APACITY| shape=string native=stock jit=on jitearly=- tier=256KB scale=1.8 kernelMemory=174605 held=2048 why=not_enough_memory t_first5=0.0011 t_last5=0.0026 batches=21 last/first=2.36 freeKB_at_end/totalKB=10/256 arms=+n/a refusals=+n/a trace_flushes=+n/a fill_ms=1744 queued=true running=true lastError=<null>
    onehalf-string-r1-S-stock CAP-IDLE| ticks=400 arms=+n/a collects=+n/a bailouts=+n/a refusals=+n/a trace_flushes=+n/a park_resets=+n/a traces_live -1 -> -1 armed=n/a state=n/a stepmul=n/a threshold=n/a gctotal=n/a ccap=n/a cused=n/a parked=false wallstats=n/a running=true
    onehalf-string-r1-S-stock CAP-LIVE| used=430432 kernelMemory=174605 user=255827 count(3 collects)=432827/432827/432827 total=646465 traces_live=-1
    onehalf-string-r1-S-stock CAP-MID| snaps=0 stopped=0 stepmul0=0 parked=0 last: armed=n/a state=n/a stepmul=n/a threshold=n/a gctotal=n/a ccap=n/a cused=n/a
    onehalf-string-r1-S-stock CAP-GC| collects=+n/a bailouts=+n/a overdrafts=+n/a od_peak=n/a od_state=n/a park_resets=+n/a od_limit=n/a kslice=n/a gc_low=n/a armby=n/a end: armed=n/a state=n/a stepmul=n/a threshold=n/a gctotal=n/a ccap=n/a cused=n/a parked=false
    onehalf-string-r1-S-stock SMOKE| MILESTONE cap-1-refusal-caught-machine-survives: PASS -- shape=string OCLJCAP=done/2048/not_enough_memory running=true lastError=<null>
onehalf-string-r1-D-B3 exit=0 APACITY| shape=string native=additive jit=on jitearly=- tier=256KB scale=1.8 kernelMemory=367985 held=6864 why=not_enough_memory t_first5=0.0006 t_last5=0.0070 batches=69 last/first=11.67 freeKB_at_end/totalKB=0/256 arms=+162 refusals=+2 trace_flushes=+25 fill_ms=2489 queued=true running=true lastError=<null>
    onehalf-string-r1-D-B3 CAP-IDLE| ticks=400 arms=+0 collects=+0 bailouts=+0 refusals=+0 trace_flushes=+0 park_resets=+0 traces_live 64 -> 79 armed=0 state=0 stepmul=200 threshold=852000 gctotal=432227 ccap=839845 cused=432227 parked=false wallstats=present running=true
    onehalf-string-r1-D-B3 CAP-LIVE| used=426573 kernelMemory=367985 user=58588 count(3 collects)=426525/426525/426525 total=839845 traces_live=79
    onehalf-string-r1-D-B3 CAP-MID| snaps=40 stopped=0 stepmul0=1 parked=0 last: armed=0 state=0 stepmul=200 threshold=752000 gctotal=397905 ccap=839845 cused=397905
    onehalf-string-r1-D-B3 CAP-GC| collects=+162 bailouts=+0 overdrafts=+4308 od_peak=52484 od_state=0 park_resets=+0 od_limit=52490 kslice=16384 gc_low=376141 armby=2 end: armed=0 state=0 stepmul=200 threshold=805000 gctotal=428045 ccap=839845 cused=428045 parked=false
    onehalf-string-r1-D-B3 SMOKE| MILESTONE cap-1-refusal-caught-machine-survives: PASS -- shape=string OCLJCAP=done/6864/not_enough_memory running=true lastError=<null>
onehalf-string-r1-E-B3 exit=0 APACITY| shape=string native=additive jit=on jitearly=off tier=256KB scale=1.8 kernelMemory=164525 held=2804 why=not_enough_memory t_first5=0.0008 t_last5=0.0003 batches=29 last/first=0.37 freeKB_at_end/totalKB=19/256 arms=+17 refusals=+1 trace_flushes=+7 fill_ms=1747 queued=true running=true lastError=<null>
    onehalf-string-r1-E-B3 CAP-IDLE| ticks=400 arms=+1 collects=+1 bailouts=+0 refusals=+0 trace_flushes=+0 park_resets=+0 traces_live 113 -> 120 armed=0 state=0 stepmul=200 threshold=945200 gctotal=472963 ccap=636385 cused=472963 parked=false wallstats=present running=true
    onehalf-string-r1-E-B3 CAP-LIVE| used=473161 kernelMemory=164525 user=308636 count(3 collects)=473113/473113/473113 total=636385 traces_live=120
    onehalf-string-r1-E-B3 CAP-MID| snaps=16 stopped=0 stepmul0=0 parked=0 last: armed=0 state=0 stepmul=200 threshold=777000 gctotal=402545 ccap=636385 cused=402545
    onehalf-string-r1-E-B3 CAP-GC| collects=+17 bailouts=+0 overdrafts=+0 od_peak=0 od_state=0 park_resets=+0 od_limit=39774 kslice=16384 gc_low=388033 armby=1 end: armed=0 state=0 stepmul=200 threshold=802800 gctotal=408217 ccap=636385 cused=408217 parked=false
    onehalf-string-r1-E-B3 SMOKE| MILESTONE cap-1-refusal-caught-machine-survives: PASS -- shape=string OCLJCAP=done/2804/not_enough_memory running=true lastError=<null>
onehalf-string-r1-O-B3 exit=1 APACITY| shape=string native=additive jit=off jitearly=off tier=256KB scale=1.8 kernelMemory=164525 held=? why=? t_first5=0.0005 t_last5=0.0111 batches=37 last/first=22.20 freeKB_at_end/totalKB=-1/-1 arms=+100 refusals=+2 trace_flushes=+0 fill_ms=250224 queued=true running=true lastError=<null>
    onehalf-string-r1-O-B3 CAP-IDLE| ticks=400 arms=+0 collects=+0 bailouts=+0 refusals=+0 trace_flushes=+0 park_resets=+0 traces_live 0 -> 0 armed=0 state=0 stepmul=200 threshold=704200 gctotal=383147 ccap=636385 cused=383147 parked=false wallstats=present running=true
    onehalf-string-r1-O-B3 CAP-LIVE| used=352597 kernelMemory=164525 user=188072 count(3 collects)=352549/352549/352549 total=636385 traces_live=0
    onehalf-string-r1-O-B3 CAP-MID| snaps=8000 stopped=0 stepmul0=0 parked=0 last: armed=0 state=0 stepmul=200 threshold=732000 gctotal=397081 ccap=636385 cused=397081
    onehalf-string-r1-O-B3 CAP-GC| collects=+100 bailouts=+0 overdrafts=+2886 od_peak=38876 od_state=0 park_resets=+0 od_limit=39774 kslice=16384 gc_low=366077 armby=1 end: armed=0 state=0 stepmul=200 threshold=732000 gctotal=397081 ccap=636385 cused=397081 parked=false
    onehalf-string-r1-O-B3 SMOKE| MILESTONE cap-1-refusal-caught-machine-survives: FAIL -- shape=string OCLJCAP=filling/3700 running=true lastError=<null>   <- stuck at filling/3700 with the machine up, the refusal path never reached (cap 8000 ticks)
    onehalf-string-r1-O-B3     SMOKE| MILESTONE cap-1-refusal-caught-machine-survives: FAIL -- shape=string OCLJCAP=filling/3700 running=true lastError=<null>   <- stuck at filling/3700 with the machine up, the refusal path never reached (cap 8000 ticks)
onehalf-closure-r1-S-stock exit=0 APACITY| shape=closure native=stock jit=on jitearly=- tier=256KB scale=1.8 kernelMemory=174605 held=945 why=not_enough_memory t_first5=0.0012 t_last5=0.0021 batches=10 last/first=1.75 freeKB_at_end/totalKB=0/256 arms=+n/a refusals=+n/a trace_flushes=+n/a fill_ms=1496 queued=true running=true lastError=<null>
    onehalf-closure-r1-S-stock CAP-IDLE| ticks=400 arms=+n/a collects=+n/a bailouts=+n/a refusals=+n/a trace_flushes=+n/a park_resets=+n/a traces_live -1 -> -1 armed=n/a state=n/a stepmul=n/a threshold=n/a gctotal=n/a ccap=n/a cused=n/a parked=false wallstats=n/a running=true
    onehalf-closure-r1-S-stock CAP-LIVE| used=430778 kernelMemory=174605 user=256173 count(3 collects)=433173/433173/433173 total=646465 traces_live=-1
    onehalf-closure-r1-S-stock CAP-MID| snaps=0 stopped=0 stepmul0=0 parked=0 last: armed=n/a state=n/a stepmul=n/a threshold=n/a gctotal=n/a ccap=n/a cused=n/a
    onehalf-closure-r1-S-stock CAP-GC| collects=+n/a bailouts=+n/a overdrafts=+n/a od_peak=n/a od_state=n/a park_resets=+n/a od_limit=n/a kslice=n/a gc_low=n/a armby=n/a end: armed=n/a state=n/a stepmul=n/a threshold=n/a gctotal=n/a ccap=n/a cused=n/a parked=false
    onehalf-closure-r1-S-stock SMOKE| MILESTONE cap-1-refusal-caught-machine-survives: PASS -- shape=closure OCLJCAP=done/945/not_enough_memory running=true lastError=<null>
onehalf-closure-r1-D-B3 exit=0 APACITY| shape=closure native=additive jit=on jitearly=- tier=256KB scale=1.8 kernelMemory=334733 held=2048 why=not_enough_memory t_first5=0.0008 t_last5=0.0045 batches=21 last/first=5.62 freeKB_at_end/totalKB=0/256 arms=+35 refusals=+1 trace_flushes=+8 fill_ms=1743 queued=true running=true lastError=<null>
    onehalf-closure-r1-D-B3 CAP-IDLE| ticks=400 arms=+0 collects=+0 bailouts=+0 refusals=+0 trace_flushes=+0 park_resets=+0 traces_live 55 -> 69 armed=0 state=0 stepmul=200 threshold=818000 gctotal=434473 ccap=806593 cused=434473 parked=false wallstats=present running=true
    onehalf-closure-r1-D-B3 CAP-LIVE| used=409515 kernelMemory=334733 user=74782 count(3 collects)=409467/409467/409467 total=806593 traces_live=69
    onehalf-closure-r1-D-B3 CAP-MID| snaps=16 stopped=0 stepmul0=0 parked=0 last: armed=0 state=0 stepmul=200 threshold=771400 gctotal=387553 ccap=806593 cused=387553
    onehalf-closure-r1-D-B3 CAP-GC| collects=+35 bailouts=+0 overdrafts=+695 od_peak=18154 od_state=0 park_resets=+0 od_limit=50412 kslice=16384 gc_low=376469 armby=2 end: armed=0 state=0 stepmul=200 threshold=805800 gctotal=403237 ccap=806593 cused=403237 parked=false
    onehalf-closure-r1-D-B3 SMOKE| MILESTONE cap-1-refusal-caught-machine-survives: PASS -- shape=closure OCLJCAP=done/2048/not_enough_memory running=true lastError=<null>
onehalf-closure-r1-E-B3 exit=0 APACITY| shape=closure native=additive jit=on jitearly=off tier=256KB scale=1.8 kernelMemory=164525 held=1411 why=not_enough_memory t_first5=0.0010 t_last5=0.0051 batches=15 last/first=5.10 freeKB_at_end/totalKB=0/256 arms=+60 refusals=+2 trace_flushes=+8 fill_ms=1749 queued=true running=true lastError=<null>
    onehalf-closure-r1-E-B3 CAP-IDLE| ticks=400 arms=+0 collects=+0 bailouts=+0 refusals=+0 trace_flushes=+0 park_resets=+0 traces_live 111 -> 123 armed=0 state=0 stepmul=200 threshold=937400 gctotal=469081 ccap=636385 cused=469081 parked=false wallstats=present running=true
    onehalf-closure-r1-E-B3 CAP-LIVE| used=469279 kernelMemory=164525 user=304754 count(3 collects)=469231/469231/469231 total=636385 traces_live=123
    onehalf-closure-r1-E-B3 CAP-MID| snaps=16 stopped=0 stepmul0=0 parked=0 last: armed=0 state=0 stepmul=200 threshold=745400 gctotal=381149 ccap=636385 cused=381149
    onehalf-closure-r1-E-B3 CAP-GC| collects=+60 bailouts=+0 overdrafts=+1692 od_peak=39762 od_state=0 park_resets=+0 od_limit=39774 kslice=16384 gc_low=363157 armby=2 end: armed=0 state=0 stepmul=200 threshold=787600 gctotal=400689 ccap=636385 cused=400689 parked=false
    onehalf-closure-r1-E-B3 SMOKE| MILESTONE cap-1-refusal-caught-machine-survives: PASS -- shape=closure OCLJCAP=done/1411/not_enough_memory running=true lastError=<null>
onehalf-closure-r1-O-B3 exit=0 APACITY| shape=closure native=additive jit=off jitearly=off tier=256KB scale=1.8 kernelMemory=164525 held=1303 why=not_enough_memory t_first5=0.0012 t_last5=0.0049 batches=14 last/first=4.08 freeKB_at_end/totalKB=0/256 arms=+69 refusals=+1 trace_flushes=+0 fill_ms=1494 queued=true running=true lastError=<null>
    onehalf-closure-r1-O-B3 CAP-IDLE| ticks=400 arms=+0 collects=+0 bailouts=+0 refusals=+0 trace_flushes=+0 park_resets=+0 traces_live 0 -> 0 armed=0 state=0 stepmul=200 threshold=704400 gctotal=426193 ccap=636385 cused=426193 parked=false wallstats=present running=true
    onehalf-closure-r1-O-B3 CAP-LIVE| used=352731 kernelMemory=164525 user=188206 count(3 collects)=352683/352683/352683 total=636385 traces_live=0
    onehalf-closure-r1-O-B3 CAP-MID| snaps=8 stopped=0 stepmul0=0 parked=0 last: armed=0 state=0 stepmul=200 threshold=736800 gctotal=374235 ccap=636385 cused=374235
    onehalf-closure-r1-O-B3 CAP-GC| collects=+69 bailouts=+0 overdrafts=+883 od_peak=19874 od_state=0 park_resets=+0 od_limit=39774 kslice=16384 gc_low=365397 armby=1 end: armed=0 state=0 stepmul=200 threshold=730600 gctotal=378413 ccap=636385 cused=378413 parked=false
    onehalf-closure-r1-O-B3 SMOKE| MILESTONE cap-1-refusal-caught-machine-survives: PASS -- shape=closure OCLJCAP=done/1303/not_enough_memory running=true lastError=<null>
threehalf-record-r1-S-stock exit=0 APACITY| shape=record native=stock jit=on jitearly=- tier=1024KB scale=1.8 kernelMemory=174605 held=4255 why=not_enough_memory t_first5=0.0011 t_last5=0.0074 batches=43 last/first=6.73 freeKB_at_end/totalKB=0/1024 arms=+n/a refusals=+n/a trace_flushes=+n/a fill_ms=1993 queued=true running=true lastError=<null>
    threehalf-record-r1-S-stock CAP-IDLE| ticks=400 arms=+n/a collects=+n/a bailouts=+n/a refusals=+n/a trace_flushes=+n/a park_resets=+n/a traces_live -1 -> -1 armed=n/a state=n/a stepmul=n/a threshold=n/a gctotal=n/a ccap=n/a cused=n/a parked=false wallstats=n/a running=true
    threehalf-record-r1-S-stock CAP-LIVE| used=430670 kernelMemory=174605 user=256065 count(3 collects)=433065/433065/433065 total=2062042 traces_live=-1
    threehalf-record-r1-S-stock CAP-MID| snaps=0 stopped=0 stepmul0=0 parked=0 last: armed=n/a state=n/a stepmul=n/a threshold=n/a gctotal=n/a ccap=n/a cused=n/a
    threehalf-record-r1-S-stock CAP-GC| collects=+n/a bailouts=+n/a overdrafts=+n/a od_peak=n/a od_state=n/a park_resets=+n/a od_limit=n/a kslice=n/a gc_low=n/a armby=n/a end: armed=n/a state=n/a stepmul=n/a threshold=n/a gctotal=n/a ccap=n/a cused=n/a parked=false
    threehalf-record-r1-S-stock SMOKE| MILESTONE cap-1-refusal-caught-machine-survives: PASS -- shape=record OCLJCAP=done/4255/not_enough_memory running=true lastError=<null>
threehalf-record-r1-D-B3 exit=0 APACITY| shape=record native=additive jit=on jitearly=- tier=1024KB scale=1.8 kernelMemory=350133 held=6343 why=not_enough_memory t_first5=0.0007 t_last5=0.0106 batches=64 last/first=15.14 freeKB_at_end/totalKB=0/1024 arms=+49 refusals=+1 trace_flushes=+11 fill_ms=2497 queued=true running=true lastError=<null>
    threehalf-record-r1-D-B3 CAP-IDLE| ticks=400 arms=+0 collects=+0 bailouts=+0 refusals=+0 trace_flushes=+0 park_resets=+0 traces_live 352 -> 357 armed=0 state=0 stepmul=200 threshold=1297800 gctotal=680537 ccap=2237570 cused=680537 parked=false wallstats=present running=true
    threehalf-record-r1-D-B3 CAP-LIVE| used=649411 kernelMemory=350133 user=299278 count(3 collects)=649363/649363/649363 total=2237570 traces_live=357
    threehalf-record-r1-D-B3 CAP-MID| snaps=40 stopped=0 stepmul0=0 parked=0 last: armed=0 state=0 stepmul=200 threshold=766800 gctotal=405973 ccap=2237570 cused=405973
    threehalf-record-r1-D-B3 CAP-GC| collects=+49 bailouts=+0 overdrafts=+2129 od_peak=69889 od_state=0 park_resets=+0 od_limit=139848 kslice=16384 gc_low=378285 armby=2 end: armed=0 state=0 stepmul=200 threshold=805600 gctotal=422117 ccap=2237570 cused=422117 parked=false
    threehalf-record-r1-D-B3 SMOKE| MILESTONE cap-1-refusal-caught-machine-survives: PASS -- shape=record OCLJCAP=done/6343/not_enough_memory running=true lastError=<null>
threehalf-record-r1-E-B3 exit=0 APACITY| shape=record native=additive jit=on jitearly=off tier=1024KB scale=1.8 kernelMemory=164525 held=5667 why=not_enough_memory t_first5=0.0005 t_last5=0.0098 batches=57 last/first=19.60 freeKB_at_end/totalKB=0/1024 arms=+44 refusals=+1 trace_flushes=+10 fill_ms=2240 queued=true running=true lastError=<null>
    threehalf-record-r1-E-B3 CAP-IDLE| ticks=400 arms=+0 collects=+0 bailouts=+0 refusals=+0 trace_flushes=+0 park_resets=+0 traces_live 111 -> 119 armed=0 state=0 stepmul=200 threshold=940600 gctotal=501725 ccap=2051962 cused=501725 parked=false wallstats=present running=true
    threehalf-record-r1-E-B3 CAP-LIVE| used=471231 kernelMemory=164525 user=306706 count(3 collects)=471183/471183/471183 total=2051962 traces_live=119
    threehalf-record-r1-E-B3 CAP-MID| snaps=32 stopped=0 stepmul0=0 parked=0 last: armed=0 state=0 stepmul=200 threshold=758000 gctotal=385097 ccap=2051962 cused=385097
    threehalf-record-r1-E-B3 CAP-GC| collects=+44 bailouts=+0 overdrafts=+1765 od_peak=64085 od_state=0 park_resets=+0 od_limit=128247 kslice=16384 gc_low=378941 armby=2 end: armed=0 state=0 stepmul=200 threshold=810800 gctotal=437053 ccap=2051962 cused=437053 parked=false
    threehalf-record-r1-E-B3 SMOKE| MILESTONE cap-1-refusal-caught-machine-survives: PASS -- shape=record OCLJCAP=done/5667/not_enough_memory running=true lastError=<null>
threehalf-record-r1-O-B3 exit=0 APACITY| shape=record native=additive jit=off jitearly=off tier=1024KB scale=1.8 kernelMemory=164525 held=5726 why=not_enough_memory t_first5=0.0004 t_last5=0.0099 batches=58 last/first=24.75 freeKB_at_end/totalKB=0/1024 arms=+62 refusals=+1 trace_flushes=+0 fill_ms=2246 queued=true running=true lastError=<null>
    threehalf-record-r1-O-B3 CAP-IDLE| ticks=400 arms=+0 collects=+0 bailouts=+0 refusals=+0 trace_flushes=+0 park_resets=+0 traces_live 0 -> 0 armed=0 state=0 stepmul=200 threshold=704200 gctotal=358325 ccap=2051962 cused=358325 parked=false wallstats=present running=true
    threehalf-record-r1-O-B3 CAP-LIVE| used=352675 kernelMemory=164525 user=188150 count(3 collects)=352627/352627/352627 total=2051962 traces_live=0
    threehalf-record-r1-O-B3 CAP-MID| snaps=32 stopped=0 stepmul0=0 parked=0 last: armed=0 state=0 stepmul=200 threshold=802200 gctotal=391231 ccap=2051962 cused=391231
    threehalf-record-r1-O-B3 CAP-GC| collects=+62 bailouts=+0 overdrafts=+1906 od_peak=64065 od_state=0 park_resets=+0 od_limit=128247 kslice=16384 gc_low=365121 armby=1 end: armed=0 state=0 stepmul=200 threshold=730200 gctotal=383681 ccap=2051962 cused=383681 parked=false
    threehalf-record-r1-O-B3 SMOKE| MILESTONE cap-1-refusal-caught-machine-survives: PASS -- shape=record OCLJCAP=done/5726/not_enough_memory running=true lastError=<null>
threehalf-record-r1-L-B3 exit=0 APACITY| shape=record native=luajit jit=on jitearly=- tier=1024KB scale=1.8 kernelMemory=338549 held=6299 why=not_enough_memory t_first5=0.0004 t_last5=0.0065 batches=63 last/first=16.25 freeKB_at_end/totalKB=0/1024 arms=+38 refusals=+1 trace_flushes=+10 fill_ms=2492 queued=true running=true lastError=<null>
    threehalf-record-r1-L-B3 CAP-IDLE| ticks=400 arms=+0 collects=+0 bailouts=+0 refusals=+0 trace_flushes=+0 park_resets=+0 traces_live 345 -> 354 armed=0 state=0 stepmul=200 threshold=1249200 gctotal=656255 ccap=0 cused=656255 parked=false wallstats=present running=true
    threehalf-record-r1-L-B3 CAP-LIVE| used=625129 kernelMemory=338549 user=286580 count(3 collects)=625081/625081/625081 total=2225986 traces_live=354
    threehalf-record-r1-L-B3 CAP-MID| snaps=40 stopped=0 stepmul0=0 parked=0 last: armed=0 state=0 stepmul=200 threshold=759000 gctotal=414461 ccap=0 cused=414461
    threehalf-record-r1-L-B3 CAP-GC| collects=+38 bailouts=+0 overdrafts=+1789 od_peak=69525 od_state=0 park_resets=+0 od_limit=139124 kslice=16384 gc_low=375885 armby=2 end: armed=0 state=0 stepmul=200 threshold=805000 gctotal=427337 ccap=0 cused=427337 parked=false
    threehalf-record-r1-L-B3 SMOKE| MILESTONE cap-1-refusal-caught-machine-survives: PASS -- shape=record OCLJCAP=done/6299/not_enough_memory running=true lastError=<null>
threehalf-array-r1-S-stock exit=0 APACITY| shape=array native=stock jit=on jitearly=- tier=1024KB scale=1.8 kernelMemory=174605 held=4708 why=not_enough_memory t_first5=0.0011 t_last5=0.0030 batches=48 last/first=2.73 freeKB_at_end/totalKB=0/1024 arms=+n/a refusals=+n/a trace_flushes=+n/a fill_ms=2243 queued=true running=true lastError=<null>
    threehalf-array-r1-S-stock CAP-IDLE| ticks=400 arms=+n/a collects=+n/a bailouts=+n/a refusals=+n/a trace_flushes=+n/a park_resets=+n/a traces_live -1 -> -1 armed=n/a state=n/a stepmul=n/a threshold=n/a gctotal=n/a ccap=n/a cused=n/a parked=false wallstats=n/a running=true
    threehalf-array-r1-S-stock CAP-LIVE| used=430599 kernelMemory=174605 user=255994 count(3 collects)=432994/432994/432994 total=2062042 traces_live=-1
    threehalf-array-r1-S-stock CAP-MID| snaps=0 stopped=0 stepmul0=0 parked=0 last: armed=n/a state=n/a stepmul=n/a threshold=n/a gctotal=n/a ccap=n/a cused=n/a
    threehalf-array-r1-S-stock CAP-GC| collects=+n/a bailouts=+n/a overdrafts=+n/a od_peak=n/a od_state=n/a park_resets=+n/a od_limit=n/a kslice=n/a gc_low=n/a armby=n/a end: armed=n/a state=n/a stepmul=n/a threshold=n/a gctotal=n/a ccap=n/a cused=n/a parked=false
    threehalf-array-r1-S-stock SMOKE| MILESTONE cap-1-refusal-caught-machine-survives: PASS -- shape=array OCLJCAP=done/4708/not_enough_memory running=true lastError=<null>
threehalf-array-r1-D-B3 exit=0 APACITY| shape=array native=additive jit=on jitearly=- tier=1024KB scale=1.8 kernelMemory=338869 held=8979 why=not_enough_memory t_first5=0.0004 t_last5=0.0060 batches=90 last/first=15.00 freeKB_at_end/totalKB=0/1024 arms=+49 refusals=+1 trace_flushes=+12 fill_ms=2734 queued=true running=true lastError=<null>
    threehalf-array-r1-D-B3 CAP-IDLE| ticks=400 arms=+0 collects=+0 bailouts=+0 refusals=+0 trace_flushes=+0 park_resets=+0 traces_live 361 -> 370 armed=0 state=0 stepmul=200 threshold=1269800 gctotal=647316 ccap=2226306 cused=647316 parked=false wallstats=present running=true
    threehalf-array-r1-D-B3 CAP-LIVE| used=635446 kernelMemory=338869 user=296577 count(3 collects)=635398/635398/635398 total=2226306 traces_live=370
    threehalf-array-r1-D-B3 CAP-MID| snaps=48 stopped=0 stepmul0=0 parked=0 last: armed=0 state=0 stepmul=200 threshold=723800 gctotal=368581 ccap=2226306 cused=368581
    threehalf-array-r1-D-B3 CAP-GC| collects=+49 bailouts=+0 overdrafts=+1795 od_peak=69456 od_state=0 park_resets=+0 od_limit=139144 kslice=16384 gc_low=361993 armby=2 end: armed=0 state=0 stepmul=200 threshold=782800 gctotal=416905 ccap=2226306 cused=416905 parked=false
    threehalf-array-r1-D-B3 SMOKE| MILESTONE cap-1-refusal-caught-machine-survives: PASS -- shape=array OCLJCAP=done/8979/not_enough_memory running=true lastError=<null>
threehalf-array-r1-E-B3 exit=0 APACITY| shape=array native=additive jit=on jitearly=off tier=1024KB scale=1.8 kernelMemory=164525 held=8192 why=not_enough_memory t_first5=0.0004 t_last5=0.0027 batches=82 last/first=6.75 freeKB_at_end/totalKB=0/1024 arms=+34 refusals=+1 trace_flushes=+8 fill_ms=2751 queued=true running=true lastError=<null>
    threehalf-array-r1-E-B3 CAP-IDLE| ticks=400 arms=+0 collects=+0 bailouts=+0 refusals=+0 trace_flushes=+0 park_resets=+0 traces_live 111 -> 119 armed=0 state=0 stepmul=200 threshold=934000 gctotal=491816 ccap=2051962 cused=491816 parked=false wallstats=present running=true
    threehalf-array-r1-E-B3 CAP-LIVE| used=467550 kernelMemory=164525 user=303025 count(3 collects)=467502/467502/467502 total=2051962 traces_live=119
    threehalf-array-r1-E-B3 CAP-MID| snaps=48 stopped=0 stepmul0=0 parked=0 last: armed=0 state=0 stepmul=200 threshold=751600 gctotal=384217 ccap=2051962 cused=384217
    threehalf-array-r1-E-B3 CAP-GC| collects=+34 bailouts=+0 overdrafts=+608 od_peak=30936 od_state=0 park_resets=+0 od_limit=128247 kslice=16384 gc_low=370698 armby=1 end: armed=0 state=0 stepmul=200 threshold=796000 gctotal=404245 ccap=2051962 cused=404245 parked=false
    threehalf-array-r1-E-B3 SMOKE| MILESTONE cap-1-refusal-caught-machine-survives: PASS -- shape=array OCLJCAP=done/8192/not_enough_memory running=true lastError=<null>
threehalf-array-r1-O-B3 exit=0 APACITY| shape=array native=additive jit=off jitearly=off tier=1024KB scale=1.8 kernelMemory=164525 held=8192 why=not_enough_memory t_first5=0.0004 t_last5=0.0066 batches=82 last/first=16.50 freeKB_at_end/totalKB=0/1024 arms=+33 refusals=+1 trace_flushes=+0 fill_ms=2739 queued=true running=true lastError=<null>
    threehalf-array-r1-O-B3 CAP-IDLE| ticks=400 arms=+0 collects=+0 bailouts=+0 refusals=+0 trace_flushes=+0 park_resets=+0 traces_live 0 -> 0 armed=0 state=0 stepmul=200 threshold=703600 gctotal=371048 ccap=2051962 cused=371048 parked=false wallstats=present running=true
    threehalf-array-r1-O-B3 CAP-LIVE| used=352362 kernelMemory=164525 user=187837 count(3 collects)=352314/352314/352314 total=2051962 traces_live=0
    threehalf-array-r1-O-B3 CAP-MID| snaps=48 stopped=0 stepmul0=0 parked=0 last: armed=0 state=0 stepmul=200 threshold=730200 gctotal=396157 ccap=2051962 cused=396157
    threehalf-array-r1-O-B3 CAP-GC| collects=+33 bailouts=+0 overdrafts=+710 od_peak=32164 od_state=0 park_resets=+0 od_limit=128247 kslice=16384 gc_low=365121 armby=1 end: armed=0 state=0 stepmul=200 threshold=730200 gctotal=396157 ccap=2051962 cused=396157 parked=false
    threehalf-array-r1-O-B3 SMOKE| MILESTONE cap-1-refusal-caught-machine-survives: PASS -- shape=array OCLJCAP=done/8192/not_enough_memory running=true lastError=<null>
threehalf-array-r1-L-B3 exit=0 APACITY| shape=array native=luajit jit=on jitearly=- tier=1024KB scale=1.8 kernelMemory=334737 held=8976 why=not_enough_memory t_first5=0.0004 t_last5=0.0062 batches=90 last/first=15.50 freeKB_at_end/totalKB=0/1024 arms=+49 refusals=+1 trace_flushes=+12 fill_ms=2745 queued=true running=true lastError=<null>
    threehalf-array-r1-L-B3 CAP-IDLE| ticks=400 arms=+0 collects=+0 bailouts=+0 refusals=+0 trace_flushes=+0 park_resets=+0 traces_live 357 -> 369 armed=0 state=0 stepmul=200 threshold=1275400 gctotal=644508 ccap=0 cused=644508 parked=false wallstats=present running=true
    threehalf-array-r1-L-B3 CAP-LIVE| used=638226 kernelMemory=334737 user=303489 count(3 collects)=638178/638178/638178 total=2222174 traces_live=369
    threehalf-array-r1-L-B3 CAP-MID| snaps=48 stopped=0 stepmul0=0 parked=0 last: armed=0 state=0 stepmul=200 threshold=718600 gctotal=368745 ccap=0 cused=368745
    threehalf-array-r1-L-B3 CAP-GC| collects=+49 bailouts=+0 overdrafts=+1822 od_peak=69400 od_state=0 park_resets=+0 od_limit=138885 kslice=16384 gc_low=359457 armby=2 end: armed=0 state=0 stepmul=200 threshold=771200 gctotal=410465 ccap=0 cused=410465 parked=false
    threehalf-array-r1-L-B3 SMOKE| MILESTONE cap-1-refusal-caught-machine-survives: PASS -- shape=array OCLJCAP=done/8976/not_enough_memory running=true lastError=<null>
threehalf-string-r1-S-stock exit=0 APACITY| shape=string native=stock jit=on jitearly=- tier=1024KB scale=1.8 kernelMemory=174605 held=16384 why=not_enough_memory t_first5=0.0010 t_last5=0.0050 batches=164 last/first=5.00 freeKB_at_end/totalKB=103/1024 arms=+n/a refusals=+n/a trace_flushes=+n/a fill_ms=3994 queued=true running=true lastError=<null>
    threehalf-string-r1-S-stock CAP-IDLE| ticks=400 arms=+n/a collects=+n/a bailouts=+n/a refusals=+n/a trace_flushes=+n/a park_resets=+n/a traces_live -1 -> -1 armed=n/a state=n/a stepmul=n/a threshold=n/a gctotal=n/a ccap=n/a cused=n/a parked=false wallstats=n/a running=true
    threehalf-string-r1-S-stock CAP-LIVE| used=430497 kernelMemory=174605 user=255892 count(3 collects)=432892/432892/432892 total=2062042 traces_live=-1
    threehalf-string-r1-S-stock CAP-MID| snaps=0 stopped=0 stepmul0=0 parked=0 last: armed=n/a state=n/a stepmul=n/a threshold=n/a gctotal=n/a ccap=n/a cused=n/a
    threehalf-string-r1-S-stock CAP-GC| collects=+n/a bailouts=+n/a overdrafts=+n/a od_peak=n/a od_state=n/a park_resets=+n/a od_limit=n/a kslice=n/a gc_low=n/a armby=n/a end: armed=n/a state=n/a stepmul=n/a threshold=n/a gctotal=n/a ccap=n/a cused=n/a parked=false
    threehalf-string-r1-S-stock SMOKE| MILESTONE cap-1-refusal-caught-machine-survives: PASS -- shape=string OCLJCAP=done/16384/not_enough_memory running=true lastError=<null>
threehalf-string-r1-D-B3 exit=0 APACITY| shape=string native=additive jit=on jitearly=- tier=1024KB scale=1.8 kernelMemory=340673 held=24891 why=not_enough_memory t_first5=0.0005 t_last5=0.0095 batches=249 last/first=19.00 freeKB_at_end/totalKB=0/1024 arms=+174 refusals=+2 trace_flushes=+38 fill_ms=5500 queued=true running=true lastError=<null>
    threehalf-string-r1-D-B3 CAP-IDLE| ticks=400 arms=+0 collects=+0 bailouts=+0 refusals=+0 trace_flushes=+0 park_resets=+0 traces_live 359 -> 365 armed=0 state=0 stepmul=200 threshold=1263000 gctotal=651396 ccap=2228110 cused=651396 parked=false wallstats=present running=true
    threehalf-string-r1-D-B3 CAP-LIVE| used=632078 kernelMemory=340673 user=291405 count(3 collects)=632030/632030/632030 total=2228110 traces_live=365
    threehalf-string-r1-D-B3 CAP-MID| snaps=136 stopped=0 stepmul0=0 parked=0 last: armed=0 state=0 stepmul=200 threshold=764800 gctotal=414297 ccap=2228110 cused=414297
    threehalf-string-r1-D-B3 CAP-GC| collects=+174 bailouts=+0 overdrafts=+11797 od_peak=139239 od_state=0 park_resets=+0 od_limit=139256 kslice=16384 gc_low=382445 armby=2 end: armed=0 state=0 stepmul=200 threshold=807400 gctotal=429209 ccap=2228110 cused=429209 parked=false
    threehalf-string-r1-D-B3 SMOKE| MILESTONE cap-1-refusal-caught-machine-survives: PASS -- shape=string OCLJCAP=done/24891/not_enough_memory running=true lastError=<null>
threehalf-string-r1-E-B3 exit=1 APACITY| shape=string native=additive jit=on jitearly=off tier=1024KB scale=1.8 kernelMemory=164525 held=? why=? t_first5=0.0004 t_last5=0.0077 batches=217 last/first=19.25 freeKB_at_end/totalKB=-1/-1 arms=+188 refusals=+5 trace_flushes=+37 fill_ms=250154 queued=true running=true lastError=<null>
    threehalf-string-r1-E-B3 CAP-IDLE| ticks=400 arms=+0 collects=+0 bailouts=+0 refusals=+0 trace_flushes=+0 park_resets=+0 traces_live 113 -> 124 armed=0 state=0 stepmul=200 threshold=975200 gctotal=493803 ccap=2051962 cused=493803 parked=false wallstats=present running=true
    threehalf-string-r1-E-B3 CAP-LIVE| used=488153 kernelMemory=164525 user=323628 count(3 collects)=488105/488105/488105 total=2051962 traces_live=124
    threehalf-string-r1-E-B3 CAP-MID| snaps=8000 stopped=0 stepmul0=0 parked=0 last: armed=0 state=0 stepmul=200 threshold=849000 gctotal=455557 ccap=2051962 cused=455557
    threehalf-string-r1-E-B3 CAP-GC| collects=+188 bailouts=+0 overdrafts=+11385 od_peak=128367 od_state=0 park_resets=+0 od_limit=128247 kslice=16384 gc_low=393381 armby=2 end: armed=0 state=0 stepmul=200 threshold=849000 gctotal=455557 ccap=2051962 cused=455557 parked=false
    threehalf-string-r1-E-B3 SMOKE| MILESTONE cap-1-refusal-caught-machine-survives: FAIL -- shape=string OCLJCAP=filling/21700 running=true lastError=<null>   <- stuck at filling/21700 with the machine up, the refusal path never reached (cap 8000 ticks)
    threehalf-string-r1-E-B3     SMOKE| MILESTONE cap-1-refusal-caught-machine-survives: FAIL -- shape=string OCLJCAP=filling/21700 running=true lastError=<null>   <- stuck at filling/21700 with the machine up, the refusal path never reached (cap 8000 ticks)
threehalf-string-r1-O-B3 exit=0 APACITY| shape=string native=additive jit=off jitearly=off tier=1024KB scale=1.8 kernelMemory=164525 held=20937 why=not_enough_memory t_first5=0.0004 t_last5=0.0129 batches=210 last/first=32.25 freeKB_at_end/totalKB=0/1024 arms=+141 refusals=+1 trace_flushes=+0 fill_ms=4735 queued=true running=true lastError=<null>
    threehalf-string-r1-O-B3 CAP-IDLE| ticks=400 arms=+0 collects=+0 bailouts=+0 refusals=+0 trace_flushes=+0 park_resets=+0 traces_live 0 -> 0 armed=0 state=0 stepmul=200 threshold=703400 gctotal=352079 ccap=2051962 cused=352079 parked=false wallstats=present running=true
    threehalf-string-r1-O-B3 CAP-LIVE| used=352277 kernelMemory=164525 user=187752 count(3 collects)=352229/352229/352229 total=2051962 traces_live=0
    threehalf-string-r1-O-B3 CAP-MID| snaps=112 stopped=0 stepmul0=0 parked=0 last: armed=0 state=0 stepmul=200 threshold=1194600 gctotal=507125 ccap=2051962 cused=507125
    threehalf-string-r1-O-B3 CAP-GC| collects=+141 bailouts=+0 overdrafts=+6132 od_peak=64075 od_state=0 park_resets=+0 od_limit=128247 kslice=16384 gc_low=365125 armby=1 end: armed=0 state=0 stepmul=200 threshold=730200 gctotal=396761 ccap=2051962 cused=396761 parked=false
    threehalf-string-r1-O-B3 SMOKE| MILESTONE cap-1-refusal-caught-machine-survives: PASS -- shape=string OCLJCAP=done/20937/not_enough_memory running=true lastError=<null>
threehalf-string-r1-L-B3 exit=0 APACITY| shape=string native=luajit jit=on jitearly=- tier=1024KB scale=1.8 kernelMemory=365849 held=24070 why=not_enough_memory t_first5=0.0005 t_last5=0.0089 batches=241 last/first=17.80 freeKB_at_end/totalKB=0/1024 arms=+131 refusals=+1 trace_flushes=+31 fill_ms=5237 queued=true running=true lastError=<null>
    threehalf-string-r1-L-B3 CAP-IDLE| ticks=400 arms=+0 collects=+0 bailouts=+0 refusals=+0 trace_flushes=+0 park_resets=+0 traces_live 357 -> 366 armed=0 state=0 stepmul=200 threshold=1335400 gctotal=674551 ccap=0 cused=674551 parked=false wallstats=present running=true
    threehalf-string-r1-L-B3 CAP-LIVE| used=668269 kernelMemory=365849 user=302420 count(3 collects)=668221/668221/668221 total=2253286 traces_live=366
    threehalf-string-r1-L-B3 CAP-MID| snaps=128 stopped=0 stepmul0=0 parked=0 last: armed=0 state=0 stepmul=200 threshold=773400 gctotal=395221 ccap=0 cused=395221
    threehalf-string-r1-L-B3 CAP-GC| collects=+131 bailouts=+0 overdrafts=+6300 od_peak=70391 od_state=0 park_resets=+0 od_limit=140830 kslice=16384 gc_low=386793 armby=2 end: armed=0 state=0 stepmul=200 threshold=814800 gctotal=413573 ccap=0 cused=413573 parked=false
    threehalf-string-r1-L-B3 SMOKE| MILESTONE cap-1-refusal-caught-machine-survives: PASS -- shape=string OCLJCAP=done/24070/not_enough_memory running=true lastError=<null>
threehalf-closure-r1-S-stock exit=0 APACITY| shape=closure native=stock jit=on jitearly=- tier=1024KB scale=1.8 kernelMemory=174605 held=8192 why=not_enough_memory t_first5=0.0008 t_last5=0.0064 batches=82 last/first=8.00 freeKB_at_end/totalKB=5/1024 arms=+n/a refusals=+n/a trace_flushes=+n/a fill_ms=2743 queued=true running=true lastError=<null>
    threehalf-closure-r1-S-stock CAP-IDLE| ticks=400 arms=+n/a collects=+n/a bailouts=+n/a refusals=+n/a trace_flushes=+n/a park_resets=+n/a traces_live -1 -> -1 armed=n/a state=n/a stepmul=n/a threshold=n/a gctotal=n/a ccap=n/a cused=n/a parked=false wallstats=n/a running=true
    threehalf-closure-r1-S-stock CAP-LIVE| used=430777 kernelMemory=174605 user=256172 count(3 collects)=433172/433172/433172 total=2062042 traces_live=-1
    threehalf-closure-r1-S-stock CAP-MID| snaps=0 stopped=0 stepmul0=0 parked=0 last: armed=n/a state=n/a stepmul=n/a threshold=n/a gctotal=n/a ccap=n/a cused=n/a
    threehalf-closure-r1-S-stock CAP-GC| collects=+n/a bailouts=+n/a overdrafts=+n/a od_peak=n/a od_state=n/a park_resets=+n/a od_limit=n/a kslice=n/a gc_low=n/a armby=n/a end: armed=n/a state=n/a stepmul=n/a threshold=n/a gctotal=n/a ccap=n/a cused=n/a parked=false
    threehalf-closure-r1-S-stock SMOKE| MILESTONE cap-1-refusal-caught-machine-survives: PASS -- shape=closure OCLJCAP=done/8192/not_enough_memory running=true lastError=<null>
threehalf-closure-r1-D-B3 exit=0 APACITY| shape=closure native=additive jit=on jitearly=- tier=1024KB scale=1.8 kernelMemory=335413 held=8566 why=not_enough_memory t_first5=0.0005 t_last5=0.0110 batches=86 last/first=22.00 freeKB_at_end/totalKB=0/1024 arms=+50 refusals=+1 trace_flushes=+12 fill_ms=2738 queued=true running=true lastError=<null>
    threehalf-closure-r1-D-B3 CAP-IDLE| ticks=400 arms=+0 collects=+0 bailouts=+0 refusals=+0 trace_flushes=+0 park_resets=+0 traces_live 352 -> 361 armed=0 state=0 stepmul=200 threshold=1261200 gctotal=636749 ccap=2222850 cused=636749 parked=false wallstats=present running=true
    threehalf-closure-r1-D-B3 CAP-LIVE| used=631099 kernelMemory=335413 user=295686 count(3 collects)=631051/631051/631051 total=2222850 traces_live=361
    threehalf-closure-r1-D-B3 CAP-MID| snaps=48 stopped=0 stepmul0=0 parked=0 last: armed=0 state=0 stepmul=200 threshold=752200 gctotal=396189 ccap=2222850 cused=396189
    threehalf-closure-r1-D-B3 CAP-GC| collects=+50 bailouts=+0 overdrafts=+2914 od_peak=69441 od_state=0 park_resets=+0 od_limit=138928 kslice=16384 gc_low=376285 armby=2 end: armed=0 state=0 stepmul=200 threshold=804200 gctotal=420769 ccap=2222850 cused=420769 parked=false
    threehalf-closure-r1-D-B3 SMOKE| MILESTONE cap-1-refusal-caught-machine-survives: PASS -- shape=closure OCLJCAP=done/8566/not_enough_memory running=true lastError=<null>
threehalf-closure-r1-E-B3 exit=0 APACITY| shape=closure native=additive jit=on jitearly=off tier=1024KB scale=1.8 kernelMemory=164525 held=8192 why=not_enough_memory t_first5=0.0004 t_last5=0.0049 batches=82 last/first=12.25 freeKB_at_end/totalKB=0/1024 arms=+62 refusals=+2 trace_flushes=+15 fill_ms=2736 queued=true running=true lastError=<null>
    threehalf-closure-r1-E-B3 CAP-IDLE| ticks=400 arms=+0 collects=+0 bailouts=+0 refusals=+0 trace_flushes=+0 park_resets=+0 traces_live 106 -> 118 armed=0 state=0 stepmul=200 threshold=932800 gctotal=485577 ccap=2051962 cused=485577 parked=false wallstats=present running=true
    threehalf-closure-r1-E-B3 CAP-LIVE| used=466891 kernelMemory=164525 user=302366 count(3 collects)=466843/466843/466843 total=2051962 traces_live=118
    threehalf-closure-r1-E-B3 CAP-MID| snaps=48 stopped=0 stepmul0=0 parked=0 last: armed=0 state=0 stepmul=200 threshold=754000 gctotal=414057 ccap=2051962 cused=414057
    threehalf-closure-r1-E-B3 CAP-GC| collects=+62 bailouts=+0 overdrafts=+4919 od_peak=103385 od_state=0 park_resets=+0 od_limit=128247 kslice=16384 gc_low=377085 armby=2 end: armed=0 state=0 stepmul=200 threshold=809600 gctotal=431029 ccap=2051962 cused=431029 parked=false
    threehalf-closure-r1-E-B3 SMOKE| MILESTONE cap-1-refusal-caught-machine-survives: PASS -- shape=closure OCLJCAP=done/8192/not_enough_memory running=true lastError=<null>
threehalf-closure-r1-O-B3 exit=0 APACITY| shape=closure native=additive jit=off jitearly=off tier=1024KB scale=1.8 kernelMemory=164525 held=8087 why=not_enough_memory t_first5=0.0004 t_last5=0.0157 batches=81 last/first=39.25 freeKB_at_end/totalKB=0/1024 arms=+48 refusals=+1 trace_flushes=+0 fill_ms=2752 queued=true running=true lastError=<null>
    threehalf-closure-r1-O-B3 CAP-IDLE| ticks=400 arms=+0 collects=+0 bailouts=+0 refusals=+0 trace_flushes=+0 park_resets=+0 traces_live 0 -> 0 armed=0 state=0 stepmul=200 threshold=703800 gctotal=376753 ccap=2051962 cused=376753 parked=false wallstats=present running=true
    threehalf-closure-r1-O-B3 CAP-LIVE| used=352479 kernelMemory=164525 user=187954 count(3 collects)=352431/352431/352431 total=2051962 traces_live=0
    threehalf-closure-r1-O-B3 CAP-MID| snaps=48 stopped=0 stepmul0=0 parked=0 last: armed=0 state=0 stepmul=200 threshold=730200 gctotal=365405 ccap=2051962 cused=365405
    threehalf-closure-r1-O-B3 CAP-GC| collects=+48 bailouts=+0 overdrafts=+3463 od_peak=64109 od_state=0 park_resets=+0 od_limit=128247 kslice=16384 gc_low=365121 armby=1 end: armed=0 state=0 stepmul=200 threshold=730200 gctotal=396157 ccap=2051962 cused=396157 parked=false
    threehalf-closure-r1-O-B3 SMOKE| MILESTONE cap-1-refusal-caught-machine-survives: PASS -- shape=closure OCLJCAP=done/8087/not_enough_memory running=true lastError=<null>
threehalf-closure-r1-L-B3 exit=0 APACITY| shape=closure native=luajit jit=on jitearly=- tier=1024KB scale=1.8 kernelMemory=334057 held=8561 why=not_enough_memory t_first5=0.0006 t_last5=0.0096 batches=86 last/first=16.00 freeKB_at_end/totalKB=0/1024 arms=+47 refusals=+1 trace_flushes=+10 fill_ms=2741 queued=true running=true lastError=<null>
    threehalf-closure-r1-L-B3 CAP-IDLE| ticks=400 arms=+0 collects=+0 bailouts=+0 refusals=+0 trace_flushes=+0 park_resets=+0 traces_live 365 -> 371 armed=0 state=0 stepmul=200 threshold=1274600 gctotal=674557 ccap=0 cused=674557 parked=false wallstats=present running=true
    threehalf-closure-r1-L-B3 CAP-LIVE| used=637843 kernelMemory=334057 user=303786 count(3 collects)=637795/637795/637795 total=2221494 traces_live=371
    threehalf-closure-r1-L-B3 CAP-MID| snaps=48 stopped=0 stepmul0=0 parked=0 last: armed=0 state=0 stepmul=200 threshold=758000 gctotal=392837 ccap=0 cused=392837
    threehalf-closure-r1-L-B3 CAP-GC| collects=+47 bailouts=+0 overdrafts=+2937 od_peak=69385 od_state=0 park_resets=+0 od_limit=138843 kslice=16384 gc_low=375865 armby=2 end: armed=0 state=0 stepmul=200 threshold=802000 gctotal=413429 ccap=0 cused=413429 parked=false
    threehalf-closure-r1-L-B3 SMOKE| MILESTONE cap-1-refusal-caught-machine-survives: PASS -- shape=closure OCLJCAP=done/8561/not_enough_memory running=true lastError=<null>
== 11:58:45 chainB3 done
