== 15:08:42 chainC start; java procs: 0
fullC-additive-on exit=0
    SMOKE| MILESTONE b2-machine-memory-accounted: PASS -- kernelMemory=164923  totalMemory=2052360  freeMemory=1856349  used=196011
    SMOKE| MILESTONE km-1-kernel-init-compiles-nothing: PASS -- traces live at the kernelMemory baseline = 0; kernelMemory=164923
    SMOKE| PHASE1 ROW: native=additive kernel=watchdog jit=on  mandelbrot/ok/37904620/0.0640/0.0709/623/5
    SMOKE| PHASE1 ROW: native=additive kernel=watchdog jit=on  binarytrees/ok/7038400/0.2682/0.3272/657/5
    SMOKE| PHASE1 ROW: native=additive kernel=watchdog jit=on  trampoline/ok/247388/0.2300/0.2478/671/5
    SMOKE| PHASE1 ROW: native=additive kernel=watchdog jit=on  matmul/ok/481.0000/0.0976/0.1295/639/5
    SMOKE| PHASE1 ROW: native=additive kernel=watchdog jit=on  strings2/ok/12582912-3852468224/0.1962/0.2293/383/5
    SMOKE| PHASE1 ROW: native=additive kernel=watchdog jit=on  nqueens/ok/85200/0.6037/1.2533/286/5
    SMOKE| PHASE1 ROW: native=additive kernel=watchdog jit=on  sha256/ok/4044b97490ea337483cb563ee4336c024272c962e86475de24c58abaade25a5d/0.0502/0.0593/685/5
    SMOKE| MILESTONE mem-2-pressure-flushes-traces: PASS -- tier=threehalf (1024 KB): held 1312 KB live with sandbox free down to 59 KB; trace_flushes 0 -> 16; traces_live 256 before, min 0 over 54 reads while running (0 first seen at poll 136, program still stepp
    SMOKE| CHECKS: 66   FAILURES: 0   WALL: 90.9s
    SMOKE| VERDICT: PASS
    SMOKE PASS -- OpenOS booted on LuaJIT, persisted, and resumed.
fullC-dropin-on exit=0
    SMOKE| MILESTONE b2-machine-memory-accounted: PASS -- kernelMemory=164247  totalMemory=2051684  freeMemory=1856349  used=195335
    SMOKE| MILESTONE km-1-kernel-init-compiles-nothing: PASS -- traces live at the kernelMemory baseline = 0; kernelMemory=164247
    SMOKE| PHASE1 ROW: native=luajit kernel=watchdog jit=on  mandelbrot/ok/37904620/0.0640/0.0856/543/5
    SMOKE| PHASE1 ROW: native=luajit kernel=watchdog jit=on  binarytrees/ok/7038400/0.4387/0.4529/462/5
    SMOKE| PHASE1 ROW: native=luajit kernel=watchdog jit=on  trampoline/ok/247388/0.2314/0.2578/705/5
    SMOKE| PHASE1 ROW: native=luajit kernel=watchdog jit=on  matmul/ok/481.0000/0.0973/0.1005/357/5
    SMOKE| PHASE1 ROW: native=luajit kernel=watchdog jit=on  strings2/ok/12582912-3852468224/0.2215/0.2626/294/5
    SMOKE| PHASE1 ROW: native=luajit kernel=watchdog jit=on  nqueens/ok/85200/0.5386/1.0833/711/5
    SMOKE| PHASE1 ROW: native=luajit kernel=watchdog jit=on  sha256/ok/4044b97490ea337483cb563ee4336c024272c962e86475de24c58abaade25a5d/0.0490/0.0651/568/5
    SMOKE| MILESTONE mem-2-pressure-flushes-traces: PASS -- tier=threehalf (1024 KB): held 1339 KB live with sandbox free down to 54 KB; trace_flushes 0 -> 19; traces_live 250 before, min 0 over 54 reads while running (0 first seen at poll 140, program still stepp
    SMOKE| MILESTONE acc-4/5/7: SKIP -- native=luajit: they test LuaStateLuaJIT, which the dropin arm does not use (not counted)
    SMOKE| CHECKS: 63   FAILURES: 0   WALL: 90.8s
    SMOKE| VERDICT: PASS
    SMOKE PASS -- OpenOS booted on LuaJIT, persisted, and resumed.
fullC-additive-off exit=0
    SMOKE| MILESTONE b2-machine-memory-accounted: PASS -- kernelMemory=164923  totalMemory=2052360  freeMemory=1856349  used=196011
    SMOKE| MILESTONE km-1-kernel-init-compiles-nothing: PASS -- traces live at the kernelMemory baseline = 0; kernelMemory=164923
    SMOKE| PHASE1 ROW: native=additive kernel=watchdog jit=off  mandelbrot/ok/37904620/0.3830/0.4010/785/5
    SMOKE| PHASE1 ROW: native=additive kernel=watchdog jit=off  binarytrees/ok/7038400/0.3508/0.3774/718/5
    SMOKE| PHASE1 ROW: native=additive kernel=watchdog jit=off  trampoline/ok/247388/0.2815/0.2842/881/5
    SMOKE| PHASE1 ROW: native=additive kernel=watchdog jit=off  matmul/ok/481.0000/0.6102/0.6204/652/5
    SMOKE| PHASE1 ROW: native=additive kernel=watchdog jit=off  strings2/ok/12582912-3852468224/0.3872/0.4083/690/5
    SMOKE| PHASE1 ROW: native=additive kernel=watchdog jit=off  nqueens/ok/85200/0.9007/0.9357/777/5
    SMOKE| PHASE1 ROW: native=additive kernel=watchdog jit=off  sha256/ok/4044b97490ea337483cb563ee4336c024272c962e86475de24c58abaade25a5d/0.7860/0.8168/532/5
    SMOKE| MILESTONE mem-2-pressure-flushes-traces: SKIP -- jit=off: no trace is ever resident, so there is nothing to flush (not counted)
    SMOKE| CHECKS: 64   FAILURES: 0   WALL: 93.6s
    SMOKE| VERDICT: PASS
    SMOKE PASS -- OpenOS booted on LuaJIT, persisted, and resumed.
fullC-additive-sieve exit=0
    SMOKE| MILESTONE b2-machine-memory-accounted: PASS -- kernelMemory=164923  totalMemory=2052360  freeMemory=1856349  used=196011
    SMOKE| MILESTONE km-1-kernel-init-compiles-nothing: PASS -- traces live at the kernelMemory baseline = 0; kernelMemory=164923
    SMOKE| PHASE1 ROW: native=additive kernel=watchdog jit=on  sieve/ok/4626000/0.1065/0.1105/587/2
    SMOKE| MILESTONE mem-2-pressure-flushes-traces: PASS -- tier=threehalf (1024 KB): held 1406 KB live with sandbox free down to 53 KB; trace_flushes 0 -> 15; traces_live 242 before, min 0 over 56 reads while running (0 first seen at poll 132, program still stepp
    SMOKE| CHECKS: 60   FAILURES: 0   WALL: 81.1s
    SMOKE| VERDICT: PASS
    SMOKE PASS -- OpenOS booted on LuaJIT, persisted, and resumed.
fullC-stock exit=0
    SMOKE| MILESTONE b2-machine-memory-accounted: PASS -- kernelMemory=174605  totalMemory=2062042  freeMemory=1845286  used=216756
    SMOKE| MILESTONE km-1-kernel-init-compiles-nothing: SKIP -- kernel=stock: OpenComputers' own kernel has no site 13 (not counted)
    SMOKE| MILESTONE al-1-machine-heap-is-lj-alloc: SKIP -- native=stock: PUC has no _OCLJ_GCSTATS (not counted)
    SMOKE| MILESTONE acc-1-machine-handover: SKIP -- native=stock: PUC has no _OCLJ_GCSTATS (not counted)
    SMOKE| PHASE1 ROW: native=stock kernel=stock jit=on  mandelbrot/ok/37904620/0.7924/0.8406/619/5
    SMOKE| PHASE1 ROW: native=stock kernel=stock jit=on  binarytrees/ok/7038400/1.6448/1.7280/510/5
    SMOKE| PHASE1 ROW: native=stock kernel=stock jit=on  trampoline/ok/247388/0.4142/0.4208/834/5
    SMOKE| PHASE1 ROW: native=stock kernel=stock jit=on  matmul/ok/481.0000/1.2303/1.2947/281/5
    SMOKE| PHASE1 ROW: native=stock kernel=stock jit=on  strings2/ok/12582912-3852468224/0.6855/0.7100/524/5
    SMOKE| PHASE1 ROW: native=stock kernel=stock jit=on  nqueens/ok/85200/1.9082/1.9535/673/5
    SMOKE| PHASE1 ROW: native=stock kernel=stock jit=on  sha256/ok/4044b97490ea337483cb563ee4336c024272c962e86475de24c58abaade25a5d/0.9507/0.9581/659/5
    SMOKE| MILESTONE acc-1r-restored-machine-handover: SKIP -- native=stock (not counted)
    SMOKE| MILESTONE acc-3..7: SKIP -- native=stock: PUC's accounting is jnlua's own (not counted)
    SMOKE| CHECKS: 47   FAILURES: 0   WALL: 77.5s
    SMOKE| VERDICT: PASS
    SMOKE PASS (BASELINE) -- OpenOS booted on ocelot-brain's stock PUC-Lua 5.2,
one-record-r1-S-stock exit=0 APACITY| shape=record native=stock jit=on jitearly=- tier=192KB scale=1.8 kernelMemory=174605 held=262 why=not_enough_memory t_first5=0.0012 t_last5=0.0012 batches=3 last/first=1.00 freeKB_at_end/totalKB=0/192 arms=+n/a refusals=+n/a trace_flushes=+n/a fill_ms=1492 queued=true running=true lastError=<null>
    one-record-r1-S-stock CAP-IDLE| ticks=400 arms=+n/a collects=+n/a bailouts=+n/a refusals=+n/a trace_flushes=+n/a trace_flush_bytes=+n/a park_resets=+n/a traces_live -1 -> -1 armed=n/a state=n/a stepmul=n/a threshold=n/a gctotal=n/a ccap=n/a cused=n/a parked=false wallstats=n/a running=true
    one-record-r1-S-stock CAP-LIVE| used=430605 kernelMemory=174605 user=256000 count(3 collects)=433000/433000/433000 total=528500 traces_live=-1
    one-record-r1-S-stock CAP-MID| snaps=0 stopped=0 stepmul0=0 parked=0 last: armed=n/a state=n/a stepmul=n/a threshold=n/a gctotal=n/a ccap=n/a cused=n/a
    one-record-r1-S-stock CAP-GC| collects=+n/a bailouts=+n/a overdrafts=+n/a od_peak=n/a od_state=n/a park_resets=+n/a od_limit=n/a kslice=n/a gc_low=n/a armby=n/a end: armed=n/a state=n/a stepmul=n/a threshold=n/a gctotal=n/a ccap=n/a cused=n/a parked=false
    one-record-r1-S-stock SMOKE| MILESTONE km-1-kernel-init-compiles-nothing: SKIP -- kernel=stock: OpenComputers' own kernel has no site 13 (not counted)
    one-record-r1-S-stock SMOKE| MILESTONE cap-1-refusal-caught-machine-survives: PASS -- shape=record OCLJCAP=done/262/not_enough_memory running=true lastError=<null>
one-record-r1-D-C exit=0 APACITY| shape=record native=additive jit=on jitearly=- tier=192KB scale=1.8 kernelMemory=164923 held=621 why=not_enough_memory t_first5=0.0011 t_last5=0.0028 batches=7 last/first=2.55 freeKB_at_end/totalKB=0/192 arms=+59 refusals=+2 trace_flushes=+6 fill_ms=1488 queued=true running=true lastError=<null>
    one-record-r1-D-C CAP-IDLE| ticks=400 arms=+20 collects=+20 bailouts=+0 refusals=+0 trace_flushes=+0 trace_flush_bytes=+0 park_resets=+0 traces_live 46 -> 63 armed=0 state=0 stepmul=200 threshold=819400 gctotal=422759 ccap=518818 cused=422759 parked=false wallstats=present running=true
    one-record-r1-D-C CAP-LIVE| used=410249 kernelMemory=164923 user=245326 count(3 collects)=410201/410201/410201 total=518818 traces_live=63
    one-record-r1-D-C CAP-MID| snaps=8 stopped=0 stepmul0=0 parked=0 last: armed=0 state=0 stepmul=200 threshold=732200 gctotal=366471 ccap=518818 cused=366471
    one-record-r1-D-C CAP-GC| collects=+59 bailouts=+0 overdrafts=+927 od_peak=32755 od_state=0 park_resets=+0 od_limit=32768 kslice=16384 gc_low=384347 armby=0 end: armed=0 state=0 stepmul=200 threshold=768600 gctotal=384631 ccap=518818 cused=384631 parked=false
    one-record-r1-D-C SMOKE| MILESTONE km-1-kernel-init-compiles-nothing: PASS -- traces live at the kernelMemory baseline = 0; kernelMemory=164923
    one-record-r1-D-C SMOKE| MILESTONE cap-1-refusal-caught-machine-survives: PASS -- shape=record OCLJCAP=done/621/not_enough_memory running=true lastError=<null>
one-record-r1-O-C exit=0 APACITY| shape=record native=additive jit=off jitearly=off tier=192KB scale=1.8 kernelMemory=164923 held=606 why=not_enough_memory t_first5=0.0009 t_last5=0.0027 batches=7 last/first=3.00 freeKB_at_end/totalKB=0/192 arms=+40 refusals=+1 trace_flushes=+0 fill_ms=1493 queued=true running=true lastError=<null>
    one-record-r1-O-C CAP-IDLE| ticks=400 arms=+1 collects=+1 bailouts=+0 refusals=+0 trace_flushes=+0 trace_flush_bytes=+0 park_resets=+0 traces_live 0 -> 0 armed=0 state=0 stepmul=200 threshold=704800 gctotal=364815 ccap=518818 cused=364815 parked=false wallstats=present running=true
    one-record-r1-O-C CAP-LIVE| used=352937 kernelMemory=164923 user=188014 count(3 collects)=352889/352889/352889 total=518818 traces_live=0
    one-record-r1-O-C CAP-MID| snaps=8 stopped=0 stepmul0=0 parked=0 last: armed=0 state=0 stepmul=200 threshold=704400 gctotal=382005 ccap=518818 cused=382005
    one-record-r1-O-C CAP-GC| collects=+40 bailouts=+0 overdrafts=+537 od_peak=16355 od_state=0 park_resets=+0 od_limit=32768 kslice=16384 gc_low=348999 armby=1 end: armed=0 state=0 stepmul=200 threshold=697800 gctotal=380051 ccap=518818 cused=380051 parked=false
    one-record-r1-O-C SMOKE| MILESTONE km-1-kernel-init-compiles-nothing: PASS -- traces live at the kernelMemory baseline = 0; kernelMemory=164923
    one-record-r1-O-C SMOKE| MILESTONE cap-1-refusal-caught-machine-survives: PASS -- shape=record OCLJCAP=done/606/not_enough_memory running=true lastError=<null>
one-record-r1-L-C exit=0 APACITY| shape=record native=luajit jit=on jitearly=- tier=192KB scale=1.8 kernelMemory=164247 held=551 why=not_enough_memory t_first5=0.0019 t_last5=0.0028 batches=6 last/first=1.47 freeKB_at_end/totalKB=0/192 arms=+41 refusals=+1 trace_flushes=+5 fill_ms=1499 queued=true running=true lastError=<null>
    one-record-r1-L-C CAP-IDLE| ticks=400 arms=+21 collects=+21 bailouts=+0 refusals=+0 trace_flushes=+0 trace_flush_bytes=+0 park_resets=+0 traces_live 64 -> 81 armed=0 state=0 stepmul=200 threshold=867400 gctotal=458063 ccap=0 cused=458063 parked=false wallstats=present running=true
    one-record-r1-L-C CAP-LIVE| used=432625 kernelMemory=164247 user=268378 count(3 collects)=432577/432577/432577 total=518142 traces_live=81
    one-record-r1-L-C CAP-MID| snaps=8 stopped=0 stepmul0=0 parked=0 last: armed=0 state=0 stepmul=200 threshold=733200 gctotal=381751 ccap=0 cused=381751
    one-record-r1-L-C CAP-GC| collects=+41 bailouts=+0 overdrafts=+261 od_peak=16303 od_state=0 park_resets=+0 od_limit=32768 kslice=16384 gc_low=386575 armby=0 end: armed=0 state=0 stepmul=200 threshold=775200 gctotal=400043 ccap=0 cused=400043 parked=false
    one-record-r1-L-C SMOKE| MILESTONE km-1-kernel-init-compiles-nothing: PASS -- traces live at the kernelMemory baseline = 0; kernelMemory=164247
    one-record-r1-L-C SMOKE| MILESTONE cap-1-refusal-caught-machine-survives: PASS -- shape=record OCLJCAP=done/551/not_enough_memory running=true lastError=<null>
one-array-r1-S-stock exit=0 APACITY| shape=array native=stock jit=on jitearly=- tier=192KB scale=1.8 kernelMemory=174605 held=287 why=not_enough_memory t_first5=0.0024 t_last5=0.0024 batches=3 last/first=1.00 freeKB_at_end/totalKB=0/192 arms=+n/a refusals=+n/a trace_flushes=+n/a fill_ms=1487 queued=true running=true lastError=<null>
    one-array-r1-S-stock CAP-IDLE| ticks=400 arms=+n/a collects=+n/a bailouts=+n/a refusals=+n/a trace_flushes=+n/a trace_flush_bytes=+n/a park_resets=+n/a traces_live -1 -> -1 armed=n/a state=n/a stepmul=n/a threshold=n/a gctotal=n/a ccap=n/a cused=n/a parked=false wallstats=n/a running=true
    one-array-r1-S-stock CAP-LIVE| used=430534 kernelMemory=174605 user=255929 count(3 collects)=432929/432929/432929 total=528500 traces_live=-1
    one-array-r1-S-stock CAP-MID| snaps=0 stopped=0 stepmul0=0 parked=0 last: armed=n/a state=n/a stepmul=n/a threshold=n/a gctotal=n/a ccap=n/a cused=n/a
    one-array-r1-S-stock CAP-GC| collects=+n/a bailouts=+n/a overdrafts=+n/a od_peak=n/a od_state=n/a park_resets=+n/a od_limit=n/a kslice=n/a gc_low=n/a armby=n/a end: armed=n/a state=n/a stepmul=n/a threshold=n/a gctotal=n/a ccap=n/a cused=n/a parked=false
    one-array-r1-S-stock SMOKE| MILESTONE km-1-kernel-init-compiles-nothing: SKIP -- kernel=stock: OpenComputers' own kernel has no site 13 (not counted)
    one-array-r1-S-stock SMOKE| MILESTONE cap-1-refusal-caught-machine-survives: PASS -- shape=array OCLJCAP=done/287/not_enough_memory running=true lastError=<null>
one-array-r1-D-C exit=0 APACITY| shape=array native=additive jit=on jitearly=- tier=192KB scale=1.8 kernelMemory=164923 held=799 why=not_enough_memory t_first5=0.0010 t_last5=0.0037 batches=8 last/first=3.70 freeKB_at_end/totalKB=0/192 arms=+51 refusals=+1 trace_flushes=+5 fill_ms=1502 queued=true running=true lastError=<null>
    one-array-r1-D-C CAP-IDLE| ticks=400 arms=+22 collects=+22 bailouts=+0 refusals=+0 trace_flushes=+1 trace_flush_bytes=+86124 park_resets=+0 traces_live 116 -> 54 armed=0 state=0 stepmul=200 threshold=802600 gctotal=432426 ccap=518818 cused=432426 parked=false wallstats=present running=true
    one-array-r1-D-C CAP-LIVE| used=401876 kernelMemory=164923 user=236953 count(3 collects)=401828/401828/401828 total=518818 traces_live=54
    one-array-r1-D-C CAP-MID| snaps=8 stopped=0 stepmul0=0 parked=0 last: armed=0 state=0 stepmul=200 threshold=723800 gctotal=385971 ccap=518818 cused=385971
    one-array-r1-D-C CAP-GC| collects=+51 bailouts=+0 overdrafts=+245 od_peak=16330 od_state=0 park_resets=+0 od_limit=32768 kslice=16384 gc_low=386047 armby=0 end: armed=0 state=0 stepmul=200 threshold=772000 gctotal=404651 ccap=518818 cused=404651 parked=false
    one-array-r1-D-C SMOKE| MILESTONE km-1-kernel-init-compiles-nothing: PASS -- traces live at the kernelMemory baseline = 0; kernelMemory=164923
    one-array-r1-D-C SMOKE| MILESTONE cap-1-refusal-caught-machine-survives: PASS -- shape=array OCLJCAP=done/799/not_enough_memory running=true lastError=<null>
one-array-r1-O-C exit=0 APACITY| shape=array native=additive jit=off jitearly=off tier=192KB scale=1.8 kernelMemory=164923 held=873 why=not_enough_memory t_first5=0.0014 t_last5=0.0036 batches=9 last/first=2.57 freeKB_at_end/totalKB=0/192 arms=+37 refusals=+1 trace_flushes=+0 fill_ms=1496 queued=true running=true lastError=<null>
    one-array-r1-O-C CAP-IDLE| ticks=400 arms=+0 collects=+0 bailouts=+0 refusals=+0 trace_flushes=+0 trace_flush_bytes=+0 park_resets=+0 traces_live 0 -> 0 armed=0 state=0 stepmul=200 threshold=704600 gctotal=421334 ccap=518818 cused=421334 parked=false wallstats=present running=true
    one-array-r1-O-C CAP-LIVE| used=352832 kernelMemory=164923 user=187909 count(3 collects)=352784/352784/352784 total=518818 traces_live=0
    one-array-r1-O-C CAP-MID| snaps=8 stopped=0 stepmul0=0 parked=0 last: armed=0 state=0 stepmul=200 threshold=698400 gctotal=367179 ccap=518818 cused=367179
    one-array-r1-O-C CAP-GC| collects=+37 bailouts=+0 overdrafts=+539 od_peak=16374 od_state=0 park_resets=+0 od_limit=32768 kslice=16384 gc_low=349207 armby=1 end: armed=0 state=0 stepmul=200 threshold=698400 gctotal=362219 ccap=518818 cused=362219 parked=false
    one-array-r1-O-C SMOKE| MILESTONE km-1-kernel-init-compiles-nothing: PASS -- traces live at the kernelMemory baseline = 0; kernelMemory=164923
    one-array-r1-O-C SMOKE| MILESTONE cap-1-refusal-caught-machine-survives: PASS -- shape=array OCLJCAP=done/873/not_enough_memory running=true lastError=<null>
one-array-r1-L-C exit=0 APACITY| shape=array native=luajit jit=on jitearly=- tier=192KB scale=1.8 kernelMemory=164247 held=792 why=not_enough_memory t_first5=0.0006 t_last5=0.0020 batches=8 last/first=3.33 freeKB_at_end/totalKB=0/192 arms=+44 refusals=+1 trace_flushes=+5 fill_ms=1495 queued=true running=true lastError=<null>
    one-array-r1-L-C CAP-IDLE| ticks=400 arms=+20 collects=+20 bailouts=+0 refusals=+0 trace_flushes=+0 trace_flush_bytes=+0 park_resets=+0 traces_live 48 -> 60 armed=0 state=0 stepmul=200 threshold=817600 gctotal=414982 ccap=0 cused=414982 parked=false wallstats=present running=true
    one-array-r1-L-C CAP-LIVE| used=409328 kernelMemory=164247 user=245081 count(3 collects)=409280/409280/409280 total=518142 traces_live=60
    one-array-r1-L-C CAP-MID| snaps=8 stopped=0 stepmul0=0 parked=0 last: armed=0 state=0 stepmul=200 threshold=723400 gctotal=384363 ccap=0 cused=384363
    one-array-r1-L-C CAP-GC| collects=+44 bailouts=+0 overdrafts=+250 od_peak=16298 od_state=0 park_resets=+0 od_limit=32768 kslice=16384 gc_low=387079 armby=0 end: armed=0 state=0 stepmul=200 threshold=774000 gctotal=412783 ccap=0 cused=412783 parked=false
    one-array-r1-L-C SMOKE| MILESTONE km-1-kernel-init-compiles-nothing: PASS -- traces live at the kernelMemory baseline = 0; kernelMemory=164247
    one-array-r1-L-C SMOKE| MILESTONE cap-1-refusal-caught-machine-survives: PASS -- shape=array OCLJCAP=done/792/not_enough_memory running=true lastError=<null>
one-string-r1-S-stock exit=0 APACITY| shape=string native=stock jit=on jitearly=- tier=192KB scale=1.8 kernelMemory=174605 held=1024 why=not_enough_memory t_first5=0.0011 t_last5=0.0012 batches=11 last/first=1.09 freeKB_at_end/totalKB=4/192 arms=+n/a refusals=+n/a trace_flushes=+n/a fill_ms=1497 queued=true running=true lastError=<null>
    one-string-r1-S-stock CAP-IDLE| ticks=400 arms=+n/a collects=+n/a bailouts=+n/a refusals=+n/a trace_flushes=+n/a trace_flush_bytes=+n/a park_resets=+n/a traces_live -1 -> -1 armed=n/a state=n/a stepmul=n/a threshold=n/a gctotal=n/a ccap=n/a cused=n/a parked=false wallstats=n/a running=true
    one-string-r1-S-stock CAP-LIVE| used=430498 kernelMemory=174605 user=255893 count(3 collects)=432893/432893/432893 total=528500 traces_live=-1
    one-string-r1-S-stock CAP-MID| snaps=0 stopped=0 stepmul0=0 parked=0 last: armed=n/a state=n/a stepmul=n/a threshold=n/a gctotal=n/a ccap=n/a cused=n/a
    one-string-r1-S-stock CAP-GC| collects=+n/a bailouts=+n/a overdrafts=+n/a od_peak=n/a od_state=n/a park_resets=+n/a od_limit=n/a kslice=n/a gc_low=n/a armby=n/a end: armed=n/a state=n/a stepmul=n/a threshold=n/a gctotal=n/a ccap=n/a cused=n/a parked=false
    one-string-r1-S-stock SMOKE| MILESTONE km-1-kernel-init-compiles-nothing: SKIP -- kernel=stock: OpenComputers' own kernel has no site 13 (not counted)
    one-string-r1-S-stock SMOKE| MILESTONE cap-1-refusal-caught-machine-survives: PASS -- shape=string OCLJCAP=done/1024/not_enough_memory running=true lastError=<null>
one-string-r1-D-C exit=0 APACITY| shape=string native=additive jit=on jitearly=- tier=192KB scale=1.8 kernelMemory=164923 held=2048 why=not_enough_memory t_first5=0.0004 t_last5=0.0019 batches=21 last/first=4.75 freeKB_at_end/totalKB=0/192 arms=+60 refusals=+1 trace_flushes=+11 fill_ms=1738 queued=true running=true lastError=<null>
    one-string-r1-D-C CAP-IDLE| ticks=400 arms=+20 collects=+20 bailouts=+0 refusals=+0 trace_flushes=+0 trace_flush_bytes=+0 park_resets=+0 traces_live 51 -> 67 armed=0 state=0 stepmul=200 threshold=825000 gctotal=427341 ccap=518818 cused=427341 parked=false wallstats=present running=true
    one-string-r1-D-C CAP-LIVE| used=412775 kernelMemory=164923 user=247852 count(3 collects)=412727/412727/412727 total=518818 traces_live=67
    one-string-r1-D-C CAP-MID| snaps=16 stopped=0 stepmul0=0 parked=0 last: armed=0 state=0 stepmul=200 threshold=775200 gctotal=387895 ccap=518818 cused=387895
    one-string-r1-D-C CAP-GC| collects=+60 bailouts=+0 overdrafts=+659 od_peak=9877 od_state=0 park_resets=+0 od_limit=32768 kslice=16384 gc_low=402383 armby=0 end: armed=0 state=0 stepmul=200 threshold=805600 gctotal=403151 ccap=518818 cused=403151 parked=false
    one-string-r1-D-C SMOKE| MILESTONE km-1-kernel-init-compiles-nothing: PASS -- traces live at the kernelMemory baseline = 0; kernelMemory=164923
    one-string-r1-D-C SMOKE| MILESTONE cap-1-refusal-caught-machine-survives: PASS -- shape=string OCLJCAP=done/2048/not_enough_memory running=true lastError=<null>
one-string-r1-O-C exit=0 APACITY| shape=string native=additive jit=off jitearly=off tier=192KB scale=1.8 kernelMemory=164923 held=2228 why=not_enough_memory t_first5=0.0006 t_last5=0.0031 batches=23 last/first=5.17 freeKB_at_end/totalKB=0/192 arms=+59 refusals=+1 trace_flushes=+0 fill_ms=1741 queued=true running=true lastError=<null>
    one-string-r1-O-C CAP-IDLE| ticks=400 arms=+1 collects=+1 bailouts=+0 refusals=+0 trace_flushes=+0 trace_flush_bytes=+0 park_resets=+0 traces_live 0 -> 0 armed=0 state=0 stepmul=200 threshold=704200 gctotal=358333 ccap=518818 cused=358333 parked=false wallstats=present running=true
    one-string-r1-O-C CAP-LIVE| used=352679 kernelMemory=164923 user=187756 count(3 collects)=352631/352631/352631 total=518818 traces_live=0
    one-string-r1-O-C CAP-MID| snaps=16 stopped=0 stepmul0=0 parked=0 last: armed=0 state=0 stepmul=200 threshold=731000 gctotal=377907 ccap=518818 cused=377907
    one-string-r1-O-C CAP-GC| collects=+59 bailouts=+0 overdrafts=+1083 od_peak=16333 od_state=0 park_resets=+0 od_limit=32768 kslice=16384 gc_low=365523 armby=1 end: armed=0 state=0 stepmul=200 threshold=731000 gctotal=377907 ccap=518818 cused=377907 parked=false
    one-string-r1-O-C SMOKE| MILESTONE km-1-kernel-init-compiles-nothing: PASS -- traces live at the kernelMemory baseline = 0; kernelMemory=164923
    one-string-r1-O-C SMOKE| MILESTONE cap-1-refusal-caught-machine-survives: PASS -- shape=string OCLJCAP=done/2228/not_enough_memory running=true lastError=<null>
one-string-r1-L-C exit=0 APACITY| shape=string native=luajit jit=on jitearly=- tier=192KB scale=1.8 kernelMemory=164247 held=2048 why=not_enough_memory t_first5=0.0006 t_last5=0.0032 batches=21 last/first=5.33 freeKB_at_end/totalKB=0/192 arms=+74 refusals=+1 trace_flushes=+12 fill_ms=1740 queued=true running=true lastError=<null>
    one-string-r1-L-C CAP-IDLE| ticks=400 arms=+20 collects=+20 bailouts=+0 refusals=+0 trace_flushes=+0 trace_flush_bytes=+0 park_resets=+0 traces_live 52 -> 62 armed=0 state=0 stepmul=200 threshold=826200 gctotal=437909 ccap=0 cused=437909 parked=false wallstats=present running=true
    one-string-r1-L-C CAP-LIVE| used=413583 kernelMemory=164247 user=249336 count(3 collects)=413535/413535/413535 total=518142 traces_live=62
    one-string-r1-L-C CAP-MID| snaps=16 stopped=0 stepmul0=0 parked=0 last: armed=0 state=0 stepmul=200 threshold=754800 gctotal=409635 ccap=0 cused=409635
    one-string-r1-L-C CAP-GC| collects=+74 bailouts=+0 overdrafts=+294 od_peak=8221 od_state=0 park_resets=+0 od_limit=32768 kslice=16384 gc_low=413039 armby=0 end: armed=0 state=0 stepmul=200 threshold=826000 gctotal=444095 ccap=0 cused=444095 parked=false
    one-string-r1-L-C SMOKE| MILESTONE km-1-kernel-init-compiles-nothing: PASS -- traces live at the kernelMemory baseline = 0; kernelMemory=164247
    one-string-r1-L-C SMOKE| MILESTONE cap-1-refusal-caught-machine-survives: PASS -- shape=string OCLJCAP=done/2048/not_enough_memory running=true lastError=<null>
one-closure-r1-S-stock exit=0 APACITY| shape=closure native=stock jit=on jitearly=- tier=192KB scale=1.8 kernelMemory=174605 held=508 why=not_enough_memory t_first5=0.0011 t_last5=0.0013 batches=6 last/first=1.18 freeKB_at_end/totalKB=0/192 arms=+n/a refusals=+n/a trace_flushes=+n/a fill_ms=1488 queued=true running=true lastError=<null>
    one-closure-r1-S-stock CAP-IDLE| ticks=400 arms=+n/a collects=+n/a bailouts=+n/a refusals=+n/a trace_flushes=+n/a trace_flush_bytes=+n/a park_resets=+n/a traces_live -1 -> -1 armed=n/a state=n/a stepmul=n/a threshold=n/a gctotal=n/a ccap=n/a cused=n/a parked=false wallstats=n/a running=true
    one-closure-r1-S-stock CAP-LIVE| used=430712 kernelMemory=174605 user=256107 count(3 collects)=433107/433107/433107 total=528500 traces_live=-1
    one-closure-r1-S-stock CAP-MID| snaps=0 stopped=0 stepmul0=0 parked=0 last: armed=n/a state=n/a stepmul=n/a threshold=n/a gctotal=n/a ccap=n/a cused=n/a
    one-closure-r1-S-stock CAP-GC| collects=+n/a bailouts=+n/a overdrafts=+n/a od_peak=n/a od_state=n/a park_resets=+n/a od_limit=n/a kslice=n/a gc_low=n/a armby=n/a end: armed=n/a state=n/a stepmul=n/a threshold=n/a gctotal=n/a ccap=n/a cused=n/a parked=false
    one-closure-r1-S-stock SMOKE| MILESTONE km-1-kernel-init-compiles-nothing: SKIP -- kernel=stock: OpenComputers' own kernel has no site 13 (not counted)
    one-closure-r1-S-stock SMOKE| MILESTONE cap-1-refusal-caught-machine-survives: PASS -- shape=closure OCLJCAP=done/508/not_enough_memory running=true lastError=<null>
one-closure-r1-D-C exit=0 APACITY| shape=closure native=additive jit=on jitearly=- tier=192KB scale=1.8 kernelMemory=164923 held=778 why=not_enough_memory t_first5=0.0010 t_last5=0.0027 batches=8 last/first=2.70 freeKB_at_end/totalKB=0/192 arms=+42 refusals=+1 trace_flushes=+5 fill_ms=1501 queued=true running=true lastError=<null>
    one-closure-r1-D-C CAP-IDLE| ticks=400 arms=+29 collects=+29 bailouts=+0 refusals=+0 trace_flushes=+1 trace_flush_bytes=+85176 park_resets=+0 traces_live 103 -> 53 armed=0 state=0 stepmul=200 threshold=802400 gctotal=411615 ccap=518818 cused=411615 parked=false wallstats=present running=true
    one-closure-r1-D-C CAP-LIVE| used=401057 kernelMemory=164923 user=236134 count(3 collects)=401009/401009/401009 total=518818 traces_live=53
    one-closure-r1-D-C CAP-MID| snaps=8 stopped=0 stepmul0=0 parked=0 last: armed=0 state=0 stepmul=200 threshold=726000 gctotal=378435 ccap=518818 cused=378435
    one-closure-r1-D-C CAP-GC| collects=+42 bailouts=+0 overdrafts=+826 od_peak=16383 od_state=0 park_resets=+0 od_limit=32768 kslice=16384 gc_low=390579 armby=0 end: armed=0 state=0 stepmul=200 threshold=781000 gctotal=408551 ccap=518818 cused=408551 parked=false
    one-closure-r1-D-C SMOKE| MILESTONE km-1-kernel-init-compiles-nothing: PASS -- traces live at the kernelMemory baseline = 0; kernelMemory=164923
    one-closure-r1-D-C SMOKE| MILESTONE cap-1-refusal-caught-machine-survives: PASS -- shape=closure OCLJCAP=done/778/not_enough_memory running=true lastError=<null>
one-closure-r1-O-C exit=0 APACITY| shape=closure native=additive jit=off jitearly=off tier=192KB scale=1.8 kernelMemory=164923 held=839 why=not_enough_memory t_first5=0.0011 t_last5=0.0049 batches=9 last/first=4.45 freeKB_at_end/totalKB=0/192 arms=+38 refusals=+1 trace_flushes=+0 fill_ms=1495 queued=true running=true lastError=<null>
    one-closure-r1-O-C CAP-IDLE| ticks=400 arms=+1 collects=+1 bailouts=+0 refusals=+0 trace_flushes=+0 trace_flush_bytes=+0 park_resets=+0 traces_live 0 -> 0 armed=0 state=0 stepmul=200 threshold=704600 gctotal=371615 ccap=518818 cused=371615 parked=false wallstats=present running=true
    one-closure-r1-O-C CAP-LIVE| used=352881 kernelMemory=164923 user=187958 count(3 collects)=352833/352833/352833 total=518818 traces_live=0
    one-closure-r1-O-C CAP-MID| snaps=8 stopped=0 stepmul0=0 parked=0 last: armed=0 state=0 stepmul=200 threshold=698200 gctotal=355951 ccap=518818 cused=355951
    one-closure-r1-O-C CAP-GC| collects=+38 bailouts=+0 overdrafts=+679 od_peak=16367 od_state=0 park_resets=+0 od_limit=32768 kslice=16384 gc_low=349163 armby=1 end: armed=0 state=0 stepmul=200 threshold=698200 gctotal=355951 ccap=518818 cused=355951 parked=false
    one-closure-r1-O-C SMOKE| MILESTONE km-1-kernel-init-compiles-nothing: PASS -- traces live at the kernelMemory baseline = 0; kernelMemory=164923
    one-closure-r1-O-C SMOKE| MILESTONE cap-1-refusal-caught-machine-survives: PASS -- shape=closure OCLJCAP=done/839/not_enough_memory running=true lastError=<null>
one-closure-r1-L-C exit=0 APACITY| shape=closure native=luajit jit=on jitearly=- tier=192KB scale=1.8 kernelMemory=164247 held=767 why=not_enough_memory t_first5=0.0008 t_last5=0.0026 batches=8 last/first=3.25 freeKB_at_end/totalKB=0/192 arms=+42 refusals=+1 trace_flushes=+5 fill_ms=1489 queued=true running=true lastError=<null>
    one-closure-r1-L-C CAP-IDLE| ticks=400 arms=+22 collects=+22 bailouts=+0 refusals=+0 trace_flushes=+1 trace_flush_bytes=+82996 park_resets=+0 traces_live 106 -> 61 armed=0 state=0 stepmul=200 threshold=822000 gctotal=417207 ccap=0 cused=417207 parked=false wallstats=present running=true
    one-closure-r1-L-C CAP-LIVE| used=411553 kernelMemory=164247 user=247306 count(3 collects)=411505/411505/411505 total=518142 traces_live=61
    one-closure-r1-L-C CAP-MID| snaps=8 stopped=0 stepmul0=0 parked=0 last: armed=0 state=0 stepmul=200 threshold=727000 gctotal=387603 ccap=0 cused=387603
    one-closure-r1-L-C CAP-GC| collects=+42 bailouts=+0 overdrafts=+796 od_peak=16367 od_state=0 park_resets=+0 od_limit=32768 kslice=16384 gc_low=389603 armby=0 end: armed=0 state=0 stepmul=200 threshold=779200 gctotal=414431 ccap=0 cused=414431 parked=false
    one-closure-r1-L-C SMOKE| MILESTONE km-1-kernel-init-compiles-nothing: PASS -- traces live at the kernelMemory baseline = 0; kernelMemory=164247
    one-closure-r1-L-C SMOKE| MILESTONE cap-1-refusal-caught-machine-survives: PASS -- shape=closure OCLJCAP=done/767/not_enough_memory running=true lastError=<null>
one-record-r2-S-stock exit=0 APACITY| shape=record native=stock jit=on jitearly=- tier=192KB scale=1.8 kernelMemory=174605 held=262 why=not_enough_memory t_first5=0.0012 t_last5=0.0012 batches=3 last/first=1.00 freeKB_at_end/totalKB=0/192 arms=+n/a refusals=+n/a trace_flushes=+n/a fill_ms=1493 queued=true running=true lastError=<null>
    one-record-r2-S-stock CAP-IDLE| ticks=400 arms=+n/a collects=+n/a bailouts=+n/a refusals=+n/a trace_flushes=+n/a trace_flush_bytes=+n/a park_resets=+n/a traces_live -1 -> -1 armed=n/a state=n/a stepmul=n/a threshold=n/a gctotal=n/a ccap=n/a cused=n/a parked=false wallstats=n/a running=true
    one-record-r2-S-stock CAP-LIVE| used=430605 kernelMemory=174605 user=256000 count(3 collects)=433000/433000/433000 total=528500 traces_live=-1
    one-record-r2-S-stock CAP-MID| snaps=0 stopped=0 stepmul0=0 parked=0 last: armed=n/a state=n/a stepmul=n/a threshold=n/a gctotal=n/a ccap=n/a cused=n/a
    one-record-r2-S-stock CAP-GC| collects=+n/a bailouts=+n/a overdrafts=+n/a od_peak=n/a od_state=n/a park_resets=+n/a od_limit=n/a kslice=n/a gc_low=n/a armby=n/a end: armed=n/a state=n/a stepmul=n/a threshold=n/a gctotal=n/a ccap=n/a cused=n/a parked=false
    one-record-r2-S-stock SMOKE| MILESTONE km-1-kernel-init-compiles-nothing: SKIP -- kernel=stock: OpenComputers' own kernel has no site 13 (not counted)
    one-record-r2-S-stock SMOKE| MILESTONE cap-1-refusal-caught-machine-survives: PASS -- shape=record OCLJCAP=done/262/not_enough_memory running=true lastError=<null>
one-record-r2-D-C exit=0 APACITY| shape=record native=additive jit=on jitearly=- tier=192KB scale=1.8 kernelMemory=164923 held=549 why=not_enough_memory t_first5=0.0025 t_last5=0.0045 batches=6 last/first=1.80 freeKB_at_end/totalKB=0/192 arms=+43 refusals=+1 trace_flushes=+5 fill_ms=1499 queued=true running=true lastError=<null>
    one-record-r2-D-C CAP-IDLE| ticks=400 arms=+20 collects=+20 bailouts=+0 refusals=+0 trace_flushes=+0 trace_flush_bytes=+0 park_resets=+0 traces_live 72 -> 83 armed=0 state=0 stepmul=200 threshold=850400 gctotal=431395 ccap=518818 cused=431395 parked=false wallstats=present running=true
    one-record-r2-D-C CAP-LIVE| used=425741 kernelMemory=164923 user=260818 count(3 collects)=425693/425693/425693 total=518818 traces_live=83
    one-record-r2-D-C CAP-MID| snaps=8 stopped=0 stepmul0=0 parked=0 last: armed=0 state=0 stepmul=200 threshold=727200 gctotal=391979 ccap=518818 cused=391979
    one-record-r2-D-C CAP-GC| collects=+43 bailouts=+0 overdrafts=+522 od_peak=16383 od_state=0 park_resets=+0 od_limit=32768 kslice=16384 gc_low=388463 armby=0 end: armed=0 state=0 stepmul=200 threshold=776800 gctotal=407699 ccap=518818 cused=407699 parked=false
    one-record-r2-D-C SMOKE| MILESTONE km-1-kernel-init-compiles-nothing: PASS -- traces live at the kernelMemory baseline = 0; kernelMemory=164923
    one-record-r2-D-C SMOKE| MILESTONE cap-1-refusal-caught-machine-survives: PASS -- shape=record OCLJCAP=done/549/not_enough_memory running=true lastError=<null>
one-record-r2-O-C exit=0 APACITY| shape=record native=additive jit=off jitearly=off tier=192KB scale=1.8 kernelMemory=164923 held=605 why=not_enough_memory t_first5=0.0011 t_last5=0.0023 batches=7 last/first=2.09 freeKB_at_end/totalKB=0/192 arms=+38 refusals=+1 trace_flushes=+0 fill_ms=1496 queued=true running=true lastError=<null>
    one-record-r2-O-C CAP-IDLE| ticks=400 arms=+1 collects=+1 bailouts=+0 refusals=+0 trace_flushes=+0 trace_flush_bytes=+0 park_resets=+0 traces_live 0 -> 0 armed=0 state=0 stepmul=200 threshold=705200 gctotal=358799 ccap=518818 cused=358799 parked=false wallstats=present running=true
    one-record-r2-O-C CAP-LIVE| used=353145 kernelMemory=164923 user=188222 count(3 collects)=353097/353097/353097 total=518818 traces_live=0
    one-record-r2-O-C CAP-MID| snaps=8 stopped=0 stepmul0=0 parked=0 last: armed=0 state=0 stepmul=200 threshold=704800 gctotal=382213 ccap=518818 cused=382213
    one-record-r2-O-C CAP-GC| collects=+38 bailouts=+0 overdrafts=+535 od_peak=16327 od_state=0 park_resets=+0 od_limit=32768 kslice=16384 gc_low=349207 armby=1 end: armed=0 state=0 stepmul=200 threshold=698400 gctotal=374035 ccap=518818 cused=374035 parked=false
    one-record-r2-O-C SMOKE| MILESTONE km-1-kernel-init-compiles-nothing: PASS -- traces live at the kernelMemory baseline = 0; kernelMemory=164923
    one-record-r2-O-C SMOKE| MILESTONE cap-1-refusal-caught-machine-survives: PASS -- shape=record OCLJCAP=done/605/not_enough_memory running=true lastError=<null>
one-array-r2-S-stock exit=0 APACITY| shape=array native=stock jit=on jitearly=- tier=192KB scale=1.8 kernelMemory=174605 held=287 why=not_enough_memory t_first5=0.0010 t_last5=0.0010 batches=3 last/first=1.00 freeKB_at_end/totalKB=0/192 arms=+n/a refusals=+n/a trace_flushes=+n/a fill_ms=1491 queued=true running=true lastError=<null>
    one-array-r2-S-stock CAP-IDLE| ticks=400 arms=+n/a collects=+n/a bailouts=+n/a refusals=+n/a trace_flushes=+n/a trace_flush_bytes=+n/a park_resets=+n/a traces_live -1 -> -1 armed=n/a state=n/a stepmul=n/a threshold=n/a gctotal=n/a ccap=n/a cused=n/a parked=false wallstats=n/a running=true
    one-array-r2-S-stock CAP-LIVE| used=430600 kernelMemory=174605 user=255995 count(3 collects)=432995/432995/432995 total=528500 traces_live=-1
    one-array-r2-S-stock CAP-MID| snaps=0 stopped=0 stepmul0=0 parked=0 last: armed=n/a state=n/a stepmul=n/a threshold=n/a gctotal=n/a ccap=n/a cused=n/a
    one-array-r2-S-stock CAP-GC| collects=+n/a bailouts=+n/a overdrafts=+n/a od_peak=n/a od_state=n/a park_resets=+n/a od_limit=n/a kslice=n/a gc_low=n/a armby=n/a end: armed=n/a state=n/a stepmul=n/a threshold=n/a gctotal=n/a ccap=n/a cused=n/a parked=false
    one-array-r2-S-stock SMOKE| MILESTONE km-1-kernel-init-compiles-nothing: SKIP -- kernel=stock: OpenComputers' own kernel has no site 13 (not counted)
    one-array-r2-S-stock SMOKE| MILESTONE cap-1-refusal-caught-machine-survives: PASS -- shape=array OCLJCAP=done/287/not_enough_memory running=true lastError=<null>
one-array-r2-D-C exit=0 APACITY| shape=array native=additive jit=on jitearly=- tier=192KB scale=1.8 kernelMemory=164923 held=795 why=not_enough_memory t_first5=0.0005 t_last5=0.0017 batches=8 last/first=3.40 freeKB_at_end/totalKB=0/192 arms=+51 refusals=+1 trace_flushes=+5 fill_ms=1493 queued=true running=true lastError=<null>
    one-array-r2-D-C CAP-IDLE| ticks=400 arms=+20 collects=+20 bailouts=+0 refusals=+0 trace_flushes=+0 trace_flush_bytes=+0 park_resets=+0 traces_live 56 -> 66 armed=0 state=0 stepmul=200 threshold=824400 gctotal=419030 ccap=518818 cused=419030 parked=false wallstats=present running=true
    one-array-r2-D-C CAP-LIVE| used=412744 kernelMemory=164923 user=247821 count(3 collects)=412696/412696/412696 total=518818 traces_live=66
    one-array-r2-D-C CAP-MID| snaps=8 stopped=0 stepmul0=0 parked=0 last: armed=0 state=0 stepmul=200 threshold=723800 gctotal=384811 ccap=518818 cused=384811
    one-array-r2-D-C CAP-GC| collects=+51 bailouts=+0 overdrafts=+280 od_peak=16366 od_state=0 park_resets=+0 od_limit=32768 kslice=16384 gc_low=387815 armby=0 end: armed=0 state=0 stepmul=200 threshold=775600 gctotal=413799 ccap=518818 cused=413799 parked=false
    one-array-r2-D-C SMOKE| MILESTONE km-1-kernel-init-compiles-nothing: PASS -- traces live at the kernelMemory baseline = 0; kernelMemory=164923
    one-array-r2-D-C SMOKE| MILESTONE cap-1-refusal-caught-machine-survives: PASS -- shape=array OCLJCAP=done/795/not_enough_memory running=true lastError=<null>
one-array-r2-O-C exit=0 APACITY| shape=array native=additive jit=off jitearly=off tier=192KB scale=1.8 kernelMemory=164923 held=872 why=not_enough_memory t_first5=0.0009 t_last5=0.0022 batches=9 last/first=2.44 freeKB_at_end/totalKB=0/192 arms=+37 refusals=+1 trace_flushes=+0 fill_ms=1486 queued=true running=true lastError=<null>
    one-array-r2-O-C CAP-IDLE| ticks=400 arms=+1 collects=+1 bailouts=+0 refusals=+0 trace_flushes=+0 trace_flush_bytes=+0 park_resets=+0 traces_live 0 -> 0 armed=0 state=0 stepmul=200 threshold=704800 gctotal=358626 ccap=518818 cused=358626 parked=false wallstats=present running=true
    one-array-r2-O-C CAP-LIVE| used=352972 kernelMemory=164923 user=188049 count(3 collects)=352924/352924/352924 total=518818 traces_live=0
    one-array-r2-O-C CAP-MID| snaps=8 stopped=0 stepmul0=0 parked=0 last: armed=0 state=0 stepmul=200 threshold=704400 gctotal=375740 ccap=518818 cused=375740
    one-array-r2-O-C CAP-GC| collects=+37 bailouts=+0 overdrafts=+537 od_peak=16314 od_state=0 park_resets=+0 od_limit=32768 kslice=16384 gc_low=349347 armby=1 end: armed=0 state=0 stepmul=200 threshold=698600 gctotal=374807 ccap=518818 cused=374807 parked=false
    one-array-r2-O-C SMOKE| MILESTONE km-1-kernel-init-compiles-nothing: PASS -- traces live at the kernelMemory baseline = 0; kernelMemory=164923
    one-array-r2-O-C SMOKE| MILESTONE cap-1-refusal-caught-machine-survives: PASS -- shape=array OCLJCAP=done/872/not_enough_memory running=true lastError=<null>
one-string-r2-S-stock exit=0 APACITY| shape=string native=stock jit=on jitearly=- tier=192KB scale=1.8 kernelMemory=174605 held=1024 why=not_enough_memory t_first5=0.0016 t_last5=0.0022 batches=11 last/first=1.38 freeKB_at_end/totalKB=4/192 arms=+n/a refusals=+n/a trace_flushes=+n/a fill_ms=1500 queued=true running=true lastError=<null>
    one-string-r2-S-stock CAP-IDLE| ticks=400 arms=+n/a collects=+n/a bailouts=+n/a refusals=+n/a trace_flushes=+n/a trace_flush_bytes=+n/a park_resets=+n/a traces_live -1 -> -1 armed=n/a state=n/a stepmul=n/a threshold=n/a gctotal=n/a ccap=n/a cused=n/a parked=false wallstats=n/a running=true
    one-string-r2-S-stock CAP-LIVE| used=430432 kernelMemory=174605 user=255827 count(3 collects)=432827/432827/432827 total=528500 traces_live=-1
    one-string-r2-S-stock CAP-MID| snaps=0 stopped=0 stepmul0=0 parked=0 last: armed=n/a state=n/a stepmul=n/a threshold=n/a gctotal=n/a ccap=n/a cused=n/a
    one-string-r2-S-stock CAP-GC| collects=+n/a bailouts=+n/a overdrafts=+n/a od_peak=n/a od_state=n/a park_resets=+n/a od_limit=n/a kslice=n/a gc_low=n/a armby=n/a end: armed=n/a state=n/a stepmul=n/a threshold=n/a gctotal=n/a ccap=n/a cused=n/a parked=false
    one-string-r2-S-stock SMOKE| MILESTONE km-1-kernel-init-compiles-nothing: SKIP -- kernel=stock: OpenComputers' own kernel has no site 13 (not counted)
    one-string-r2-S-stock SMOKE| MILESTONE cap-1-refusal-caught-machine-survives: PASS -- shape=string OCLJCAP=done/1024/not_enough_memory running=true lastError=<null>
one-string-r2-D-C exit=0 APACITY| shape=string native=additive jit=on jitearly=- tier=192KB scale=1.8 kernelMemory=164923 held=2048 why=not_enough_memory t_first5=0.0008 t_last5=0.0020 batches=21 last/first=2.50 freeKB_at_end/totalKB=0/192 arms=+71 refusals=+1 trace_flushes=+12 fill_ms=1739 queued=true running=true lastError=<null>
    one-string-r2-D-C CAP-IDLE| ticks=400 arms=+20 collects=+20 bailouts=+0 refusals=+0 trace_flushes=+0 trace_flush_bytes=+0 park_resets=+0 traces_live 61 -> 73 armed=0 state=0 stepmul=200 threshold=839200 gctotal=433301 ccap=518818 cused=433301 parked=false wallstats=present running=true
    one-string-r2-D-C CAP-LIVE| used=419719 kernelMemory=164923 user=254796 count(3 collects)=419671/419671/419671 total=518818 traces_live=73
    one-string-r2-D-C CAP-MID| snaps=16 stopped=0 stepmul0=0 parked=0 last: armed=0 state=0 stepmul=200 threshold=754000 gctotal=411975 ccap=518818 cused=411975
    one-string-r2-D-C CAP-GC| collects=+71 bailouts=+0 overdrafts=+203 od_peak=7581 od_state=0 park_resets=+0 od_limit=32768 kslice=16384 gc_low=401667 armby=0 end: armed=0 state=0 stepmul=200 threshold=804200 gctotal=427567 ccap=518818 cused=427567 parked=false
    one-string-r2-D-C SMOKE| MILESTONE km-1-kernel-init-compiles-nothing: PASS -- traces live at the kernelMemory baseline = 0; kernelMemory=164923
    one-string-r2-D-C SMOKE| MILESTONE cap-1-refusal-caught-machine-survives: PASS -- shape=string OCLJCAP=done/2048/not_enough_memory running=true lastError=<null>
one-string-r2-O-C exit=0 APACITY| shape=string native=additive jit=off jitearly=off tier=192KB scale=1.8 kernelMemory=164923 held=2231 why=not_enough_memory t_first5=0.0005 t_last5=0.0040 batches=23 last/first=8.00 freeKB_at_end/totalKB=0/192 arms=+60 refusals=+1 trace_flushes=+0 fill_ms=1749 queued=true running=true lastError=<null>
    one-string-r2-O-C CAP-IDLE| ticks=400 arms=+1 collects=+1 bailouts=+0 refusals=+0 trace_flushes=+0 trace_flush_bytes=+0 park_resets=+0 traces_live 0 -> 0 armed=0 state=0 stepmul=200 threshold=704000 gctotal=364417 ccap=518818 cused=364417 parked=false wallstats=present running=true
    one-string-r2-O-C CAP-LIVE| used=352539 kernelMemory=164923 user=187616 count(3 collects)=352491/352491/352491 total=518818 traces_live=0
    one-string-r2-O-C CAP-MID| snaps=16 stopped=0 stepmul0=0 parked=0 last: armed=0 state=0 stepmul=200 threshold=730600 gctotal=383991 ccap=518818 cused=383991
    one-string-r2-O-C CAP-GC| collects=+60 bailouts=+0 overdrafts=+1099 od_peak=16373 od_state=0 park_resets=+0 od_limit=32768 kslice=16384 gc_low=365383 armby=1 end: armed=0 state=0 stepmul=200 threshold=730600 gctotal=383991 ccap=518818 cused=383991 parked=false
    one-string-r2-O-C SMOKE| MILESTONE km-1-kernel-init-compiles-nothing: PASS -- traces live at the kernelMemory baseline = 0; kernelMemory=164923
    one-string-r2-O-C SMOKE| MILESTONE cap-1-refusal-caught-machine-survives: PASS -- shape=string OCLJCAP=done/2231/not_enough_memory running=true lastError=<null>
one-closure-r2-S-stock exit=0 APACITY| shape=closure native=stock jit=on jitearly=- tier=192KB scale=1.8 kernelMemory=174605 held=508 why=not_enough_memory t_first5=0.0013 t_last5=0.0017 batches=6 last/first=1.31 freeKB_at_end/totalKB=0/192 arms=+n/a refusals=+n/a trace_flushes=+n/a fill_ms=1493 queued=true running=true lastError=<null>
    one-closure-r2-S-stock CAP-IDLE| ticks=400 arms=+n/a collects=+n/a bailouts=+n/a refusals=+n/a trace_flushes=+n/a trace_flush_bytes=+n/a park_resets=+n/a traces_live -1 -> -1 armed=n/a state=n/a stepmul=n/a threshold=n/a gctotal=n/a ccap=n/a cused=n/a parked=false wallstats=n/a running=true
    one-closure-r2-S-stock CAP-LIVE| used=430778 kernelMemory=174605 user=256173 count(3 collects)=433173/433173/433173 total=528500 traces_live=-1
    one-closure-r2-S-stock CAP-MID| snaps=0 stopped=0 stepmul0=0 parked=0 last: armed=n/a state=n/a stepmul=n/a threshold=n/a gctotal=n/a ccap=n/a cused=n/a
    one-closure-r2-S-stock CAP-GC| collects=+n/a bailouts=+n/a overdrafts=+n/a od_peak=n/a od_state=n/a park_resets=+n/a od_limit=n/a kslice=n/a gc_low=n/a armby=n/a end: armed=n/a state=n/a stepmul=n/a threshold=n/a gctotal=n/a ccap=n/a cused=n/a parked=false
    one-closure-r2-S-stock SMOKE| MILESTONE km-1-kernel-init-compiles-nothing: SKIP -- kernel=stock: OpenComputers' own kernel has no site 13 (not counted)
    one-closure-r2-S-stock SMOKE| MILESTONE cap-1-refusal-caught-machine-survives: PASS -- shape=closure OCLJCAP=done/508/not_enough_memory running=true lastError=<null>
one-closure-r2-D-C exit=0 APACITY| shape=closure native=additive jit=on jitearly=- tier=192KB scale=1.8 kernelMemory=164923 held=769 why=not_enough_memory t_first5=0.0006 t_last5=0.0021 batches=8 last/first=3.50 freeKB_at_end/totalKB=0/192 arms=+39 refusals=+1 trace_flushes=+5 fill_ms=1490 queued=true running=true lastError=<null>
    one-closure-r2-D-C CAP-IDLE| ticks=400 arms=+20 collects=+20 bailouts=+0 refusals=+0 trace_flushes=+0 trace_flush_bytes=+0 park_resets=+0 traces_live 53 -> 64 armed=0 state=0 stepmul=200 threshold=824200 gctotal=415151 ccap=518818 cused=415151 parked=false wallstats=present running=true
    one-closure-r2-D-C CAP-LIVE| used=412517 kernelMemory=164923 user=247594 count(3 collects)=412469/412469/412469 total=518818 traces_live=64
    one-closure-r2-D-C CAP-MID| snaps=8 stopped=0 stepmul0=0 parked=0 last: armed=0 state=0 stepmul=200 threshold=739000 gctotal=369815 ccap=518818 cused=369815
    one-closure-r2-D-C CAP-GC| collects=+39 bailouts=+0 overdrafts=+732 od_peak=16383 od_state=0 park_resets=+0 od_limit=32768 kslice=16384 gc_low=387947 armby=0 end: armed=0 state=0 stepmul=200 threshold=775800 gctotal=388231 ccap=518818 cused=388231 parked=false
    one-closure-r2-D-C SMOKE| MILESTONE km-1-kernel-init-compiles-nothing: PASS -- traces live at the kernelMemory baseline = 0; kernelMemory=164923
    one-closure-r2-D-C SMOKE| MILESTONE cap-1-refusal-caught-machine-survives: PASS -- shape=closure OCLJCAP=done/769/not_enough_memory running=true lastError=<null>
one-closure-r2-O-C exit=0 APACITY| shape=closure native=additive jit=off jitearly=off tier=192KB scale=1.8 kernelMemory=164923 held=838 why=not_enough_memory t_first5=0.0008 t_last5=0.0024 batches=9 last/first=3.00 freeKB_at_end/totalKB=0/192 arms=+37 refusals=+1 trace_flushes=+0 fill_ms=1493 queued=true running=true lastError=<null>
    one-closure-r2-O-C CAP-IDLE| ticks=400 arms=+1 collects=+1 bailouts=+0 refusals=+0 trace_flushes=+0 trace_flush_bytes=+0 park_resets=+0 traces_live 0 -> 0 armed=0 state=0 stepmul=200 threshold=705200 gctotal=358743 ccap=518818 cused=358743 parked=false wallstats=present running=true
    one-closure-r2-O-C CAP-LIVE| used=353089 kernelMemory=164923 user=188166 count(3 collects)=353041/353041/353041 total=518818 traces_live=0
    one-closure-r2-O-C CAP-MID| snaps=8 stopped=0 stepmul0=0 parked=0 last: armed=0 state=0 stepmul=200 threshold=704600 gctotal=375881 ccap=518818 cused=375881
    one-closure-r2-O-C CAP-GC| collects=+37 bailouts=+0 overdrafts=+678 od_peak=16367 od_state=0 park_resets=+0 od_limit=32768 kslice=16384 gc_low=349371 armby=1 end: armed=0 state=0 stepmul=200 threshold=698600 gctotal=374199 ccap=518818 cused=374199 parked=false
    one-closure-r2-O-C SMOKE| MILESTONE km-1-kernel-init-compiles-nothing: PASS -- traces live at the kernelMemory baseline = 0; kernelMemory=164923
    one-closure-r2-O-C SMOKE| MILESTONE cap-1-refusal-caught-machine-survives: PASS -- shape=closure OCLJCAP=done/838/not_enough_memory running=true lastError=<null>
one-record-r3-S-stock exit=0 APACITY| shape=record native=stock jit=on jitearly=- tier=192KB scale=1.8 kernelMemory=174605 held=262 why=not_enough_memory t_first5=0.0014 t_last5=0.0014 batches=3 last/first=1.00 freeKB_at_end/totalKB=0/192 arms=+n/a refusals=+n/a trace_flushes=+n/a fill_ms=1499 queued=true running=true lastError=<null>
    one-record-r3-S-stock CAP-IDLE| ticks=400 arms=+n/a collects=+n/a bailouts=+n/a refusals=+n/a trace_flushes=+n/a trace_flush_bytes=+n/a park_resets=+n/a traces_live -1 -> -1 armed=n/a state=n/a stepmul=n/a threshold=n/a gctotal=n/a ccap=n/a cused=n/a parked=false wallstats=n/a running=true
    one-record-r3-S-stock CAP-LIVE| used=430671 kernelMemory=174605 user=256066 count(3 collects)=433066/433066/433066 total=528500 traces_live=-1
    one-record-r3-S-stock CAP-MID| snaps=0 stopped=0 stepmul0=0 parked=0 last: armed=n/a state=n/a stepmul=n/a threshold=n/a gctotal=n/a ccap=n/a cused=n/a
    one-record-r3-S-stock CAP-GC| collects=+n/a bailouts=+n/a overdrafts=+n/a od_peak=n/a od_state=n/a park_resets=+n/a od_limit=n/a kslice=n/a gc_low=n/a armby=n/a end: armed=n/a state=n/a stepmul=n/a threshold=n/a gctotal=n/a ccap=n/a cused=n/a parked=false
    one-record-r3-S-stock SMOKE| MILESTONE km-1-kernel-init-compiles-nothing: SKIP -- kernel=stock: OpenComputers' own kernel has no site 13 (not counted)
    one-record-r3-S-stock SMOKE| MILESTONE cap-1-refusal-caught-machine-survives: PASS -- shape=record OCLJCAP=done/262/not_enough_memory running=true lastError=<null>
one-record-r3-D-C exit=0 APACITY| shape=record native=additive jit=on jitearly=- tier=192KB scale=1.8 kernelMemory=164923 held=552 why=not_enough_memory t_first5=0.0011 t_last5=0.0020 batches=6 last/first=1.82 freeKB_at_end/totalKB=0/192 arms=+43 refusals=+1 trace_flushes=+5 fill_ms=1501 queued=true running=true lastError=<null>
    one-record-r3-D-C CAP-IDLE| ticks=400 arms=+20 collects=+20 bailouts=+0 refusals=+0 trace_flushes=+0 trace_flush_bytes=+0 park_resets=+0 traces_live 57 -> 67 armed=0 state=0 stepmul=200 threshold=829200 gctotal=419387 ccap=518818 cused=419387 parked=false wallstats=present running=true
    one-record-r3-D-C CAP-LIVE| used=414913 kernelMemory=164923 user=249990 count(3 collects)=414865/414865/414865 total=518818 traces_live=67
    one-record-r3-D-C CAP-MID| snaps=8 stopped=0 stepmul0=0 parked=0 last: armed=0 state=0 stepmul=200 threshold=741400 gctotal=371003 ccap=518818 cused=371003
    one-record-r3-D-C CAP-GC| collects=+43 bailouts=+0 overdrafts=+474 od_peak=16383 od_state=0 park_resets=+0 od_limit=32768 kslice=16384 gc_low=390387 armby=0 end: armed=0 state=0 stepmul=200 threshold=780600 gctotal=390671 ccap=518818 cused=390671 parked=false
    one-record-r3-D-C SMOKE| MILESTONE km-1-kernel-init-compiles-nothing: PASS -- traces live at the kernelMemory baseline = 0; kernelMemory=164923
    one-record-r3-D-C SMOKE| MILESTONE cap-1-refusal-caught-machine-survives: PASS -- shape=record OCLJCAP=done/552/not_enough_memory running=true lastError=<null>
one-record-r3-O-C exit=0 APACITY| shape=record native=additive jit=off jitearly=off tier=192KB scale=1.8 kernelMemory=164923 held=605 why=not_enough_memory t_first5=0.0010 t_last5=0.0025 batches=7 last/first=2.50 freeKB_at_end/totalKB=0/192 arms=+37 refusals=+1 trace_flushes=+0 fill_ms=1490 queued=true running=true lastError=<null>
    one-record-r3-O-C CAP-IDLE| ticks=400 arms=+1 collects=+1 bailouts=+0 refusals=+0 trace_flushes=+0 trace_flush_bytes=+0 park_resets=+0 traces_live 0 -> 0 armed=0 state=0 stepmul=200 threshold=705000 gctotal=371179 ccap=518818 cused=371179 parked=false wallstats=present running=true
    one-record-r3-O-C CAP-LIVE| used=353077 kernelMemory=164923 user=188154 count(3 collects)=353029/353029/353029 total=518818 traces_live=0
    one-record-r3-O-C CAP-MID| snaps=8 stopped=0 stepmul0=0 parked=0 last: armed=0 state=0 stepmul=200 threshold=698200 gctotal=355295 ccap=518818 cused=355295
    one-record-r3-O-C CAP-GC| collects=+37 bailouts=+0 overdrafts=+535 od_peak=16323 od_state=0 park_resets=+0 od_limit=32768 kslice=16384 gc_low=349139 armby=1 end: armed=0 state=0 stepmul=200 threshold=698200 gctotal=355295 ccap=518818 cused=355295 parked=false
    one-record-r3-O-C SMOKE| MILESTONE km-1-kernel-init-compiles-nothing: PASS -- traces live at the kernelMemory baseline = 0; kernelMemory=164923
    one-record-r3-O-C SMOKE| MILESTONE cap-1-refusal-caught-machine-survives: PASS -- shape=record OCLJCAP=done/605/not_enough_memory running=true lastError=<null>
one-array-r3-S-stock exit=0 APACITY| shape=array native=stock jit=on jitearly=- tier=192KB scale=1.8 kernelMemory=174605 held=287 why=not_enough_memory t_first5=0.0012 t_last5=0.0012 batches=3 last/first=1.00 freeKB_at_end/totalKB=0/192 arms=+n/a refusals=+n/a trace_flushes=+n/a fill_ms=1490 queued=true running=true lastError=<null>
    one-array-r3-S-stock CAP-IDLE| ticks=400 arms=+n/a collects=+n/a bailouts=+n/a refusals=+n/a trace_flushes=+n/a trace_flush_bytes=+n/a park_resets=+n/a traces_live -1 -> -1 armed=n/a state=n/a stepmul=n/a threshold=n/a gctotal=n/a ccap=n/a cused=n/a parked=false wallstats=n/a running=true
    one-array-r3-S-stock CAP-LIVE| used=430600 kernelMemory=174605 user=255995 count(3 collects)=432995/432995/432995 total=528500 traces_live=-1
    one-array-r3-S-stock CAP-MID| snaps=0 stopped=0 stepmul0=0 parked=0 last: armed=n/a state=n/a stepmul=n/a threshold=n/a gctotal=n/a ccap=n/a cused=n/a
    one-array-r3-S-stock CAP-GC| collects=+n/a bailouts=+n/a overdrafts=+n/a od_peak=n/a od_state=n/a park_resets=+n/a od_limit=n/a kslice=n/a gc_low=n/a armby=n/a end: armed=n/a state=n/a stepmul=n/a threshold=n/a gctotal=n/a ccap=n/a cused=n/a parked=false
    one-array-r3-S-stock SMOKE| MILESTONE km-1-kernel-init-compiles-nothing: SKIP -- kernel=stock: OpenComputers' own kernel has no site 13 (not counted)
    one-array-r3-S-stock SMOKE| MILESTONE cap-1-refusal-caught-machine-survives: PASS -- shape=array OCLJCAP=done/287/not_enough_memory running=true lastError=<null>
one-array-r3-D-C exit=0 APACITY| shape=array native=additive jit=on jitearly=- tier=192KB scale=1.8 kernelMemory=164923 held=881 why=not_enough_memory t_first5=0.0009 t_last5=0.0022 batches=9 last/first=2.44 freeKB_at_end/totalKB=0/192 arms=+57 refusals=+2 trace_flushes=+6 fill_ms=1491 queued=true running=true lastError=<null>
    one-array-r3-D-C CAP-IDLE| ticks=400 arms=+21 collects=+21 bailouts=+0 refusals=+0 trace_flushes=+0 trace_flush_bytes=+0 park_resets=+0 traces_live 77 -> 90 armed=0 state=0 stepmul=200 threshold=861800 gctotal=437726 ccap=518818 cused=437726 parked=false wallstats=present running=true
    one-array-r3-D-C CAP-LIVE| used=431440 kernelMemory=164923 user=266517 count(3 collects)=431392/431392/431392 total=518818 traces_live=90
    one-array-r3-D-C CAP-MID| snaps=8 stopped=0 stepmul0=0 parked=0 last: armed=0 state=0 stepmul=200 threshold=722200 gctotal=377763 ccap=518818 cused=377763
    one-array-r3-D-C CAP-GC| collects=+57 bailouts=+0 overdrafts=+660 od_peak=32706 od_state=0 park_resets=+0 od_limit=32768 kslice=16384 gc_low=385547 armby=0 end: armed=0 state=0 stepmul=200 threshold=771000 gctotal=410375 ccap=518818 cused=410375 parked=false
    one-array-r3-D-C SMOKE| MILESTONE km-1-kernel-init-compiles-nothing: PASS -- traces live at the kernelMemory baseline = 0; kernelMemory=164923
    one-array-r3-D-C SMOKE| MILESTONE cap-1-refusal-caught-machine-survives: PASS -- shape=array OCLJCAP=done/881/not_enough_memory running=true lastError=<null>
one-array-r3-O-C exit=0 APACITY| shape=array native=additive jit=off jitearly=off tier=192KB scale=1.8 kernelMemory=164923 held=872 why=not_enough_memory t_first5=0.0007 t_last5=0.0025 batches=9 last/first=3.57 freeKB_at_end/totalKB=0/192 arms=+37 refusals=+1 trace_flushes=+0 fill_ms=1497 queued=true running=true lastError=<null>
    one-array-r3-O-C CAP-IDLE| ticks=400 arms=+1 collects=+1 bailouts=+0 refusals=+0 trace_flushes=+0 trace_flush_bytes=+0 park_resets=+0 traces_live 0 -> 0 armed=0 state=0 stepmul=200 threshold=704800 gctotal=358626 ccap=518818 cused=358626 parked=false wallstats=present running=true
    one-array-r3-O-C CAP-LIVE| used=352972 kernelMemory=164923 user=188049 count(3 collects)=352924/352924/352924 total=518818 traces_live=0
    one-array-r3-O-C CAP-MID| snaps=8 stopped=0 stepmul0=0 parked=0 last: armed=0 state=0 stepmul=200 threshold=704400 gctotal=375740 ccap=518818 cused=375740
    one-array-r3-O-C CAP-GC| collects=+37 bailouts=+0 overdrafts=+537 od_peak=16314 od_state=0 park_resets=+0 od_limit=32768 kslice=16384 gc_low=349347 armby=1 end: armed=0 state=0 stepmul=200 threshold=698600 gctotal=374175 ccap=518818 cused=374175 parked=false
    one-array-r3-O-C SMOKE| MILESTONE km-1-kernel-init-compiles-nothing: PASS -- traces live at the kernelMemory baseline = 0; kernelMemory=164923
    one-array-r3-O-C SMOKE| MILESTONE cap-1-refusal-caught-machine-survives: PASS -- shape=array OCLJCAP=done/872/not_enough_memory running=true lastError=<null>
one-string-r3-S-stock exit=0 APACITY| shape=string native=stock jit=on jitearly=- tier=192KB scale=1.8 kernelMemory=174605 held=1024 why=not_enough_memory t_first5=0.0010 t_last5=0.0014 batches=11 last/first=1.40 freeKB_at_end/totalKB=4/192 arms=+n/a refusals=+n/a trace_flushes=+n/a fill_ms=1493 queued=true running=true lastError=<null>
    one-string-r3-S-stock CAP-IDLE| ticks=400 arms=+n/a collects=+n/a bailouts=+n/a refusals=+n/a trace_flushes=+n/a trace_flush_bytes=+n/a park_resets=+n/a traces_live -1 -> -1 armed=n/a state=n/a stepmul=n/a threshold=n/a gctotal=n/a ccap=n/a cused=n/a parked=false wallstats=n/a running=true
    one-string-r3-S-stock CAP-LIVE| used=430498 kernelMemory=174605 user=255893 count(3 collects)=432893/432893/432893 total=528500 traces_live=-1
    one-string-r3-S-stock CAP-MID| snaps=0 stopped=0 stepmul0=0 parked=0 last: armed=n/a state=n/a stepmul=n/a threshold=n/a gctotal=n/a ccap=n/a cused=n/a
    one-string-r3-S-stock CAP-GC| collects=+n/a bailouts=+n/a overdrafts=+n/a od_peak=n/a od_state=n/a park_resets=+n/a od_limit=n/a kslice=n/a gc_low=n/a armby=n/a end: armed=n/a state=n/a stepmul=n/a threshold=n/a gctotal=n/a ccap=n/a cused=n/a parked=false
    one-string-r3-S-stock SMOKE| MILESTONE km-1-kernel-init-compiles-nothing: SKIP -- kernel=stock: OpenComputers' own kernel has no site 13 (not counted)
    one-string-r3-S-stock SMOKE| MILESTONE cap-1-refusal-caught-machine-survives: PASS -- shape=string OCLJCAP=done/1024/not_enough_memory running=true lastError=<null>
one-string-r3-D-C exit=0 APACITY| shape=string native=additive jit=on jitearly=- tier=192KB scale=1.8 kernelMemory=164923 held=2048 why=not_enough_memory t_first5=0.0006 t_last5=0.0029 batches=21 last/first=4.83 freeKB_at_end/totalKB=0/192 arms=+74 refusals=+1 trace_flushes=+11 fill_ms=1741 queued=true running=true lastError=<null>
    one-string-r3-D-C CAP-IDLE| ticks=400 arms=+20 collects=+20 bailouts=+0 refusals=+0 trace_flushes=+0 trace_flush_bytes=+0 park_resets=+0 traces_live 52 -> 65 armed=0 state=0 stepmul=200 threshold=819600 gctotal=422593 ccap=518818 cused=422593 parked=false wallstats=present running=true
    one-string-r3-D-C CAP-LIVE| used=408787 kernelMemory=164923 user=243864 count(3 collects)=408739/408739/408739 total=518818 traces_live=65
    one-string-r3-D-C CAP-MID| snaps=16 stopped=0 stepmul0=0 parked=0 last: armed=0 state=0 stepmul=200 threshold=776800 gctotal=388715 ccap=518818 cused=388715
    one-string-r3-D-C CAP-GC| collects=+74 bailouts=+0 overdrafts=+333 od_peak=8481 od_state=0 park_resets=+0 od_limit=32768 kslice=16384 gc_low=405691 armby=0 end: armed=0 state=0 stepmul=200 threshold=813200 gctotal=406983 ccap=518818 cused=406983 parked=false
    one-string-r3-D-C SMOKE| MILESTONE km-1-kernel-init-compiles-nothing: PASS -- traces live at the kernelMemory baseline = 0; kernelMemory=164923
    one-string-r3-D-C SMOKE| MILESTONE cap-1-refusal-caught-machine-survives: PASS -- shape=string OCLJCAP=done/2048/not_enough_memory running=true lastError=<null>
one-string-r3-O-C exit=0 APACITY| shape=string native=additive jit=off jitearly=off tier=192KB scale=1.8 kernelMemory=164923 held=2232 why=not_enough_memory t_first5=0.0006 t_last5=0.0028 batches=23 last/first=4.67 freeKB_at_end/totalKB=0/192 arms=+60 refusals=+1 trace_flushes=+0 fill_ms=1745 queued=true running=true lastError=<null>
    one-string-r3-O-C CAP-IDLE| ticks=400 arms=+1 collects=+1 bailouts=+0 refusals=+0 trace_flushes=+0 trace_flush_bytes=+0 park_resets=+0 traces_live 0 -> 0 armed=0 state=0 stepmul=200 threshold=703800 gctotal=364349 ccap=518818 cused=364349 parked=false wallstats=present running=true
    one-string-r3-O-C CAP-LIVE| used=352471 kernelMemory=164923 user=187548 count(3 collects)=352423/352423/352423 total=518818 traces_live=0
    one-string-r3-O-C CAP-MID| snaps=16 stopped=0 stepmul0=0 parked=0 last: armed=0 state=0 stepmul=200 threshold=730600 gctotal=383923 ccap=518818 cused=383923
    one-string-r3-O-C CAP-GC| collects=+60 bailouts=+0 overdrafts=+1103 od_peak=16365 od_state=0 park_resets=+0 od_limit=32768 kslice=16384 gc_low=365315 armby=1 end: armed=0 state=0 stepmul=200 threshold=730600 gctotal=383923 ccap=518818 cused=383923 parked=false
    one-string-r3-O-C SMOKE| MILESTONE km-1-kernel-init-compiles-nothing: PASS -- traces live at the kernelMemory baseline = 0; kernelMemory=164923
    one-string-r3-O-C SMOKE| MILESTONE cap-1-refusal-caught-machine-survives: PASS -- shape=string OCLJCAP=done/2232/not_enough_memory running=true lastError=<null>
one-closure-r3-S-stock exit=0 APACITY| shape=closure native=stock jit=on jitearly=- tier=192KB scale=1.8 kernelMemory=174605 held=508 why=not_enough_memory t_first5=0.0015 t_last5=0.0020 batches=6 last/first=1.33 freeKB_at_end/totalKB=0/192 arms=+n/a refusals=+n/a trace_flushes=+n/a fill_ms=1492 queued=true running=true lastError=<null>
    one-closure-r3-S-stock CAP-IDLE| ticks=400 arms=+n/a collects=+n/a bailouts=+n/a refusals=+n/a trace_flushes=+n/a trace_flush_bytes=+n/a park_resets=+n/a traces_live -1 -> -1 armed=n/a state=n/a stepmul=n/a threshold=n/a gctotal=n/a ccap=n/a cused=n/a parked=false wallstats=n/a running=true
    one-closure-r3-S-stock CAP-LIVE| used=430712 kernelMemory=174605 user=256107 count(3 collects)=433107/433107/433107 total=528500 traces_live=-1
    one-closure-r3-S-stock CAP-MID| snaps=0 stopped=0 stepmul0=0 parked=0 last: armed=n/a state=n/a stepmul=n/a threshold=n/a gctotal=n/a ccap=n/a cused=n/a
    one-closure-r3-S-stock CAP-GC| collects=+n/a bailouts=+n/a overdrafts=+n/a od_peak=n/a od_state=n/a park_resets=+n/a od_limit=n/a kslice=n/a gc_low=n/a armby=n/a end: armed=n/a state=n/a stepmul=n/a threshold=n/a gctotal=n/a ccap=n/a cused=n/a parked=false
    one-closure-r3-S-stock SMOKE| MILESTONE km-1-kernel-init-compiles-nothing: SKIP -- kernel=stock: OpenComputers' own kernel has no site 13 (not counted)
    one-closure-r3-S-stock SMOKE| MILESTONE cap-1-refusal-caught-machine-survives: PASS -- shape=closure OCLJCAP=done/508/not_enough_memory running=true lastError=<null>
one-closure-r3-D-C exit=0 APACITY| shape=closure native=additive jit=on jitearly=- tier=192KB scale=1.8 kernelMemory=164923 held=778 why=not_enough_memory t_first5=0.0012 t_last5=0.0023 batches=8 last/first=1.92 freeKB_at_end/totalKB=0/192 arms=+42 refusals=+1 trace_flushes=+4 fill_ms=1493 queued=true running=true lastError=<null>
    one-closure-r3-D-C CAP-IDLE| ticks=400 arms=+20 collects=+20 bailouts=+0 refusals=+0 trace_flushes=+0 trace_flush_bytes=+0 park_resets=+0 traces_live 61 -> 71 armed=0 state=0 stepmul=200 threshold=845000 gctotal=434951 ccap=518818 cused=434951 parked=false wallstats=present running=true
    one-closure-r3-D-C CAP-LIVE| used=423073 kernelMemory=164923 user=258150 count(3 collects)=423025/423025/423025 total=518818 traces_live=71
    one-closure-r3-D-C CAP-MID| snaps=8 stopped=0 stepmul0=0 parked=0 last: armed=0 state=0 stepmul=200 threshold=724200 gctotal=385431 ccap=518818 cused=385431
    one-closure-r3-D-C CAP-GC| collects=+42 bailouts=+0 overdrafts=+769 od_peak=16383 od_state=0 park_resets=+0 od_limit=32768 kslice=16384 gc_low=384951 armby=0 end: armed=0 state=0 stepmul=200 threshold=769800 gctotal=416003 ccap=518818 cused=416003 parked=false
    one-closure-r3-D-C SMOKE| MILESTONE km-1-kernel-init-compiles-nothing: PASS -- traces live at the kernelMemory baseline = 0; kernelMemory=164923
    one-closure-r3-D-C SMOKE| MILESTONE cap-1-refusal-caught-machine-survives: PASS -- shape=closure OCLJCAP=done/778/not_enough_memory running=true lastError=<null>
one-closure-r3-O-C exit=0 APACITY| shape=closure native=additive jit=off jitearly=off tier=192KB scale=1.8 kernelMemory=164923 held=838 why=not_enough_memory t_first5=0.0008 t_last5=0.0027 batches=9 last/first=3.38 freeKB_at_end/totalKB=0/192 arms=+38 refusals=+1 trace_flushes=+0 fill_ms=1492 queued=true running=true lastError=<null>
    one-closure-r3-O-C CAP-IDLE| ticks=400 arms=+1 collects=+1 bailouts=+0 refusals=+0 trace_flushes=+0 trace_flush_bytes=+0 park_resets=+0 traces_live 0 -> 0 armed=0 state=0 stepmul=200 threshold=705200 gctotal=383639 ccap=518818 cused=383639 parked=false wallstats=present running=true
    one-closure-r3-O-C CAP-LIVE| used=353089 kernelMemory=164923 user=188166 count(3 collects)=353041/353041/353041 total=518818 traces_live=0
    one-closure-r3-O-C CAP-MID| snaps=8 stopped=0 stepmul0=0 parked=0 last: armed=0 state=0 stepmul=200 threshold=704600 gctotal=375881 ccap=518818 cused=375881
    one-closure-r3-O-C CAP-GC| collects=+38 bailouts=+0 overdrafts=+680 od_peak=16367 od_state=0 park_resets=+0 od_limit=32768 kslice=16384 gc_low=349371 armby=1 end: armed=0 state=0 stepmul=200 threshold=698600 gctotal=367975 ccap=518818 cused=367975 parked=false
    one-closure-r3-O-C SMOKE| MILESTONE km-1-kernel-init-compiles-nothing: PASS -- traces live at the kernelMemory baseline = 0; kernelMemory=164923
    one-closure-r3-O-C SMOKE| MILESTONE cap-1-refusal-caught-machine-survives: PASS -- shape=closure OCLJCAP=done/838/not_enough_memory running=true lastError=<null>
onehalf-record-r1-S-stock exit=0 APACITY| shape=record native=stock jit=on jitearly=- tier=256KB scale=1.8 kernelMemory=174605 held=536 why=not_enough_memory t_first5=0.0016 t_last5=0.0024 batches=6 last/first=1.50 freeKB_at_end/totalKB=0/256 arms=+n/a refusals=+n/a trace_flushes=+n/a fill_ms=1491 queued=true running=true lastError=<null>
    onehalf-record-r1-S-stock CAP-IDLE| ticks=400 arms=+n/a collects=+n/a bailouts=+n/a refusals=+n/a trace_flushes=+n/a trace_flush_bytes=+n/a park_resets=+n/a traces_live -1 -> -1 armed=n/a state=n/a stepmul=n/a threshold=n/a gctotal=n/a ccap=n/a cused=n/a parked=false wallstats=n/a running=true
    onehalf-record-r1-S-stock CAP-LIVE| used=430671 kernelMemory=174605 user=256066 count(3 collects)=433066/433066/433066 total=646465 traces_live=-1
    onehalf-record-r1-S-stock CAP-MID| snaps=0 stopped=0 stepmul0=0 parked=0 last: armed=n/a state=n/a stepmul=n/a threshold=n/a gctotal=n/a ccap=n/a cused=n/a
    onehalf-record-r1-S-stock CAP-GC| collects=+n/a bailouts=+n/a overdrafts=+n/a od_peak=n/a od_state=n/a park_resets=+n/a od_limit=n/a kslice=n/a gc_low=n/a armby=n/a end: armed=n/a state=n/a stepmul=n/a threshold=n/a gctotal=n/a ccap=n/a cused=n/a parked=false
    onehalf-record-r1-S-stock SMOKE| MILESTONE km-1-kernel-init-compiles-nothing: SKIP -- kernel=stock: OpenComputers' own kernel has no site 13 (not counted)
    onehalf-record-r1-S-stock SMOKE| MILESTONE cap-1-refusal-caught-machine-survives: PASS -- shape=record OCLJCAP=done/536/not_enough_memory running=true lastError=<null>
onehalf-record-r1-D-C exit=0 APACITY| shape=record native=additive jit=on jitearly=- tier=256KB scale=1.8 kernelMemory=164923 held=921 why=not_enough_memory t_first5=0.0010 t_last5=0.0029 batches=10 last/first=2.90 freeKB_at_end/totalKB=0/256 arms=+46 refusals=+1 trace_flushes=+4 fill_ms=1485 queued=true running=true lastError=<null>
    onehalf-record-r1-D-C CAP-IDLE| ticks=400 arms=+0 collects=+0 bailouts=+0 refusals=+0 trace_flushes=+0 trace_flush_bytes=+0 park_resets=+0 traces_live 106 -> 112 armed=0 state=0 stepmul=200 threshold=921600 gctotal=522465 ccap=636783 cused=522465 parked=false wallstats=present running=true
    onehalf-record-r1-D-C CAP-LIVE| used=461347 kernelMemory=164923 user=296424 count(3 collects)=461299/461299/461299 total=636783 traces_live=112
    onehalf-record-r1-D-C CAP-MID| snaps=8 stopped=0 stepmul0=0 parked=0 last: armed=0 state=0 stepmul=200 threshold=760400 gctotal=388143 ccap=636783 cused=388143
    onehalf-record-r1-D-C CAP-GC| collects=+46 bailouts=+0 overdrafts=+630 od_peak=19890 od_state=0 park_resets=+0 od_limit=39798 kslice=16384 gc_low=380251 armby=1 end: armed=0 state=0 stepmul=200 threshold=827800 gctotal=420103 ccap=636783 cused=420103 parked=false
    onehalf-record-r1-D-C SMOKE| MILESTONE km-1-kernel-init-compiles-nothing: PASS -- traces live at the kernelMemory baseline = 0; kernelMemory=164923
    onehalf-record-r1-D-C SMOKE| MILESTONE cap-1-refusal-caught-machine-survives: PASS -- shape=record OCLJCAP=done/921/not_enough_memory running=true lastError=<null>
onehalf-record-r1-O-C exit=0 APACITY| shape=record native=additive jit=off jitearly=off tier=256KB scale=1.8 kernelMemory=164923 held=969 why=not_enough_memory t_first5=0.0006 t_last5=0.0029 batches=10 last/first=4.83 freeKB_at_end/totalKB=0/256 arms=+37 refusals=+1 trace_flushes=+0 fill_ms=1496 queued=true running=true lastError=<null>
    onehalf-record-r1-O-C CAP-IDLE| ticks=400 arms=+0 collects=+0 bailouts=+0 refusals=+0 trace_flushes=+0 trace_flush_bytes=+0 park_resets=+0 traces_live 0 -> 0 armed=0 state=0 stepmul=200 threshold=705600 gctotal=358987 ccap=636783 cused=358987 parked=false wallstats=present running=true
    onehalf-record-r1-O-C CAP-LIVE| used=353333 kernelMemory=164923 user=188410 count(3 collects)=353285/353285/353285 total=636783 traces_live=0
    onehalf-record-r1-O-C CAP-MID| snaps=8 stopped=0 stepmul0=0 parked=0 last: armed=0 state=0 stepmul=200 threshold=738000 gctotal=387285 ccap=636783 cused=387285
    onehalf-record-r1-O-C CAP-GC| collects=+37 bailouts=+0 overdrafts=+678 od_peak=19830 od_state=0 park_resets=+0 od_limit=39798 kslice=16384 gc_low=365779 armby=1 end: armed=0 state=0 stepmul=200 threshold=731400 gctotal=390611 ccap=636783 cused=390611 parked=false
    onehalf-record-r1-O-C SMOKE| MILESTONE km-1-kernel-init-compiles-nothing: PASS -- traces live at the kernelMemory baseline = 0; kernelMemory=164923
    onehalf-record-r1-O-C SMOKE| MILESTONE cap-1-refusal-caught-machine-survives: PASS -- shape=record OCLJCAP=done/969/not_enough_memory running=true lastError=<null>
onehalf-array-r1-S-stock exit=0 APACITY| shape=array native=stock jit=on jitearly=- tier=256KB scale=1.8 kernelMemory=174605 held=586 why=not_enough_memory t_first5=0.0009 t_last5=0.0015 batches=6 last/first=1.67 freeKB_at_end/totalKB=0/256 arms=+n/a refusals=+n/a trace_flushes=+n/a fill_ms=1493 queued=true running=true lastError=<null>
    onehalf-array-r1-S-stock CAP-IDLE| ticks=400 arms=+n/a collects=+n/a bailouts=+n/a refusals=+n/a trace_flushes=+n/a trace_flush_bytes=+n/a park_resets=+n/a traces_live -1 -> -1 armed=n/a state=n/a stepmul=n/a threshold=n/a gctotal=n/a ccap=n/a cused=n/a parked=false wallstats=n/a running=true
    onehalf-array-r1-S-stock CAP-LIVE| used=430534 kernelMemory=174605 user=255929 count(3 collects)=432929/432929/432929 total=646465 traces_live=-1
    onehalf-array-r1-S-stock CAP-MID| snaps=0 stopped=0 stepmul0=0 parked=0 last: armed=n/a state=n/a stepmul=n/a threshold=n/a gctotal=n/a ccap=n/a cused=n/a
    onehalf-array-r1-S-stock CAP-GC| collects=+n/a bailouts=+n/a overdrafts=+n/a od_peak=n/a od_state=n/a park_resets=+n/a od_limit=n/a kslice=n/a gc_low=n/a armby=n/a end: armed=n/a state=n/a stepmul=n/a threshold=n/a gctotal=n/a ccap=n/a cused=n/a parked=false
    onehalf-array-r1-S-stock SMOKE| MILESTONE km-1-kernel-init-compiles-nothing: SKIP -- kernel=stock: OpenComputers' own kernel has no site 13 (not counted)
    onehalf-array-r1-S-stock SMOKE| MILESTONE cap-1-refusal-caught-machine-survives: PASS -- shape=array OCLJCAP=done/586/not_enough_memory running=true lastError=<null>
onehalf-array-r1-D-C exit=0 APACITY| shape=array native=additive jit=on jitearly=- tier=256KB scale=1.8 kernelMemory=164923 held=1369 why=not_enough_memory t_first5=0.0006 t_last5=0.0026 batches=14 last/first=4.33 freeKB_at_end/totalKB=0/256 arms=+36 refusals=+1 trace_flushes=+6 fill_ms=1502 queued=true running=true lastError=<null>
    onehalf-array-r1-D-C CAP-IDLE| ticks=400 arms=+0 collects=+0 bailouts=+0 refusals=+0 trace_flushes=+0 trace_flush_bytes=+0 park_resets=+0 traces_live 114 -> 119 armed=0 state=0 stepmul=200 threshold=933600 gctotal=527260 ccap=636783 cused=527260 parked=false wallstats=present running=true
    onehalf-array-r1-D-C CAP-LIVE| used=467286 kernelMemory=164923 user=302363 count(3 collects)=467238/467238/467238 total=636783 traces_live=119
    onehalf-array-r1-D-C CAP-MID| snaps=8 stopped=0 stepmul0=0 parked=0 last: armed=0 state=0 stepmul=200 threshold=732000 gctotal=372756 ccap=636783 cused=372756
    onehalf-array-r1-D-C CAP-GC| collects=+36 bailouts=+0 overdrafts=+618 od_peak=19797 od_state=0 park_resets=+0 od_limit=39798 kslice=16384 gc_low=361163 armby=2 end: armed=0 state=0 stepmul=200 threshold=777600 gctotal=395011 ccap=636783 cused=395011 parked=false
    onehalf-array-r1-D-C SMOKE| MILESTONE km-1-kernel-init-compiles-nothing: PASS -- traces live at the kernelMemory baseline = 0; kernelMemory=164923
    onehalf-array-r1-D-C SMOKE| MILESTONE cap-1-refusal-caught-machine-survives: PASS -- shape=array OCLJCAP=done/1369/not_enough_memory running=true lastError=<null>
onehalf-array-r1-O-C exit=0 APACITY| shape=array native=additive jit=off jitearly=off tier=256KB scale=1.8 kernelMemory=164923 held=1357 why=not_enough_memory t_first5=0.0006 t_last5=0.0048 batches=14 last/first=8.00 freeKB_at_end/totalKB=0/256 arms=+41 refusals=+1 trace_flushes=+0 fill_ms=1489 queued=true running=true lastError=<null>
    onehalf-array-r1-O-C CAP-IDLE| ticks=400 arms=+0 collects=+0 bailouts=+0 refusals=+0 trace_flushes=+0 trace_flush_bytes=+0 park_resets=+0 traces_live 0 -> 0 armed=0 state=0 stepmul=200 threshold=705000 gctotal=371122 ccap=636783 cused=371122 parked=false wallstats=present running=true
    onehalf-array-r1-O-C CAP-LIVE| used=353020 kernelMemory=164923 user=188097 count(3 collects)=352972/352972/352972 total=636783 traces_live=0
    onehalf-array-r1-O-C CAP-MID| snaps=8 stopped=0 stepmul0=0 parked=0 last: armed=0 state=0 stepmul=200 threshold=737400 gctotal=374532 ccap=636783 cused=374532
    onehalf-array-r1-O-C CAP-GC| collects=+41 bailouts=+0 overdrafts=+714 od_peak=19877 od_state=0 park_resets=+0 od_limit=39798 kslice=16384 gc_low=365779 armby=1 end: armed=0 state=0 stepmul=200 threshold=731400 gctotal=371939 ccap=636783 cused=371939 parked=false
    onehalf-array-r1-O-C SMOKE| MILESTONE km-1-kernel-init-compiles-nothing: PASS -- traces live at the kernelMemory baseline = 0; kernelMemory=164923
    onehalf-array-r1-O-C SMOKE| MILESTONE cap-1-refusal-caught-machine-survives: PASS -- shape=array OCLJCAP=done/1357/not_enough_memory running=true lastError=<null>
onehalf-string-r1-S-stock exit=0 APACITY| shape=string native=stock jit=on jitearly=- tier=256KB scale=1.8 kernelMemory=174605 held=2048 why=not_enough_memory t_first5=0.0007 t_last5=0.0018 batches=21 last/first=2.57 freeKB_at_end/totalKB=10/256 arms=+n/a refusals=+n/a trace_flushes=+n/a fill_ms=1742 queued=true running=true lastError=<null>
    onehalf-string-r1-S-stock CAP-IDLE| ticks=400 arms=+n/a collects=+n/a bailouts=+n/a refusals=+n/a trace_flushes=+n/a trace_flush_bytes=+n/a park_resets=+n/a traces_live -1 -> -1 armed=n/a state=n/a stepmul=n/a threshold=n/a gctotal=n/a ccap=n/a cused=n/a parked=false wallstats=n/a running=true
    onehalf-string-r1-S-stock CAP-LIVE| used=430498 kernelMemory=174605 user=255893 count(3 collects)=432893/432893/432893 total=646465 traces_live=-1
    onehalf-string-r1-S-stock CAP-MID| snaps=0 stopped=0 stepmul0=0 parked=0 last: armed=n/a state=n/a stepmul=n/a threshold=n/a gctotal=n/a ccap=n/a cused=n/a
    onehalf-string-r1-S-stock CAP-GC| collects=+n/a bailouts=+n/a overdrafts=+n/a od_peak=n/a od_state=n/a park_resets=+n/a od_limit=n/a kslice=n/a gc_low=n/a armby=n/a end: armed=n/a state=n/a stepmul=n/a threshold=n/a gctotal=n/a ccap=n/a cused=n/a parked=false
    onehalf-string-r1-S-stock SMOKE| MILESTONE km-1-kernel-init-compiles-nothing: SKIP -- kernel=stock: OpenComputers' own kernel has no site 13 (not counted)
    onehalf-string-r1-S-stock SMOKE| MILESTONE cap-1-refusal-caught-machine-survives: PASS -- shape=string OCLJCAP=done/2048/not_enough_memory running=true lastError=<null>
onehalf-string-r1-D-C exit=0 APACITY| shape=string native=additive jit=on jitearly=- tier=256KB scale=1.8 kernelMemory=164923 held=2645 why=not_enough_memory t_first5=0.0005 t_last5=0.0002 batches=27 last/first=0.40 freeKB_at_end/totalKB=22/256 arms=+12 refusals=+1 trace_flushes=+3 fill_ms=1744 queued=true running=true lastError=<null>
    onehalf-string-r1-D-C CAP-IDLE| ticks=400 arms=+0 collects=+0 bailouts=+0 refusals=+0 trace_flushes=+0 trace_flush_bytes=+0 park_resets=+0 traces_live 102 -> 109 armed=0 state=0 stepmul=200 threshold=920600 gctotal=517271 ccap=636783 cused=517271 parked=false wallstats=present running=true
    onehalf-string-r1-D-C CAP-LIVE| used=460817 kernelMemory=164923 user=295894 count(3 collects)=460769/460769/460769 total=636783 traces_live=109
    onehalf-string-r1-D-C CAP-MID| snaps=16 stopped=0 stepmul0=0 parked=0 last: armed=0 state=0 stepmul=200 threshold=772400 gctotal=408211 ccap=636783 cused=408211
    onehalf-string-r1-D-C CAP-GC| collects=+12 bailouts=+0 overdrafts=+0 od_peak=0 od_state=0 park_resets=+0 od_limit=39798 kslice=16384 gc_low=386335 armby=1 end: armed=0 state=0 stepmul=200 threshold=805800 gctotal=422195 ccap=636783 cused=422195 parked=false
    onehalf-string-r1-D-C SMOKE| MILESTONE km-1-kernel-init-compiles-nothing: PASS -- traces live at the kernelMemory baseline = 0; kernelMemory=164923
    onehalf-string-r1-D-C SMOKE| MILESTONE cap-1-refusal-caught-machine-survives: PASS -- shape=string OCLJCAP=done/2645/not_enough_memory running=true lastError=<null>
onehalf-string-r1-O-C exit=1 APACITY| shape=string native=additive jit=off jitearly=off tier=256KB scale=1.8 kernelMemory=164923 held=? why=? t_first5=0.0005 t_last5=0.0064 batches=37 last/first=12.80 freeKB_at_end/totalKB=-1/-1 arms=+98 refusals=+2 trace_flushes=+0 fill_ms=249893 queued=true running=true lastError=<null>
    onehalf-string-r1-O-C CAP-IDLE| ticks=400 arms=+0 collects=+0 bailouts=+0 refusals=+0 trace_flushes=+0 trace_flush_bytes=+0 park_resets=+0 traces_live 0 -> 0 armed=0 state=0 stepmul=200 threshold=704800 gctotal=377261 ccap=636783 cused=377261 parked=false wallstats=present running=true
    onehalf-string-r1-O-C CAP-LIVE| used=352935 kernelMemory=164923 user=188012 count(3 collects)=352887/352887/352887 total=636783 traces_live=0
    onehalf-string-r1-O-C CAP-MID| snaps=8000 stopped=0 stepmul0=0 parked=0 last: armed=0 state=0 stepmul=200 threshold=732800 gctotal=391247 ccap=636783 cused=391247
    onehalf-string-r1-O-C CAP-GC| collects=+98 bailouts=+0 overdrafts=+2962 od_peak=36880 od_state=0 park_resets=+0 od_limit=39798 kslice=16384 gc_low=366467 armby=1 end: armed=0 state=0 stepmul=200 threshold=732800 gctotal=391247 ccap=636783 cused=391247 parked=false
    onehalf-string-r1-O-C SMOKE| MILESTONE km-1-kernel-init-compiles-nothing: PASS -- traces live at the kernelMemory baseline = 0; kernelMemory=164923
    onehalf-string-r1-O-C SMOKE| MILESTONE cap-1-refusal-caught-machine-survives: FAIL -- shape=string OCLJCAP=filling/3700 running=true lastError=<null>   <- stuck at filling/3700 with the machine up, the refusal path never reached (cap 8000 ticks)
    onehalf-string-r1-O-C     SMOKE| MILESTONE cap-1-refusal-caught-machine-survives: FAIL -- shape=string OCLJCAP=filling/3700 running=true lastError=<null>   <- stuck at filling/3700 with the machine up, the refusal path never reached (cap 8000 ticks)
onehalf-closure-r1-S-stock exit=0 APACITY| shape=closure native=stock jit=on jitearly=- tier=256KB scale=1.8 kernelMemory=174605 held=945 why=not_enough_memory t_first5=0.0007 t_last5=0.0023 batches=10 last/first=3.29 freeKB_at_end/totalKB=0/256 arms=+n/a refusals=+n/a trace_flushes=+n/a fill_ms=1496 queued=true running=true lastError=<null>
    onehalf-closure-r1-S-stock CAP-IDLE| ticks=400 arms=+n/a collects=+n/a bailouts=+n/a refusals=+n/a trace_flushes=+n/a trace_flush_bytes=+n/a park_resets=+n/a traces_live -1 -> -1 armed=n/a state=n/a stepmul=n/a threshold=n/a gctotal=n/a ccap=n/a cused=n/a parked=false wallstats=n/a running=true
    onehalf-closure-r1-S-stock CAP-LIVE| used=430778 kernelMemory=174605 user=256173 count(3 collects)=433173/433173/433173 total=646465 traces_live=-1
    onehalf-closure-r1-S-stock CAP-MID| snaps=0 stopped=0 stepmul0=0 parked=0 last: armed=n/a state=n/a stepmul=n/a threshold=n/a gctotal=n/a ccap=n/a cused=n/a
    onehalf-closure-r1-S-stock CAP-GC| collects=+n/a bailouts=+n/a overdrafts=+n/a od_peak=n/a od_state=n/a park_resets=+n/a od_limit=n/a kslice=n/a gc_low=n/a armby=n/a end: armed=n/a state=n/a stepmul=n/a threshold=n/a gctotal=n/a ccap=n/a cused=n/a parked=false
    onehalf-closure-r1-S-stock SMOKE| MILESTONE km-1-kernel-init-compiles-nothing: SKIP -- kernel=stock: OpenComputers' own kernel has no site 13 (not counted)
    onehalf-closure-r1-S-stock SMOKE| MILESTONE cap-1-refusal-caught-machine-survives: PASS -- shape=closure OCLJCAP=done/945/not_enough_memory running=true lastError=<null>
onehalf-closure-r1-D-C exit=0 APACITY| shape=closure native=additive jit=on jitearly=- tier=256KB scale=1.8 kernelMemory=164923 held=1319 why=not_enough_memory t_first5=0.0010 t_last5=0.0028 batches=14 last/first=2.80 freeKB_at_end/totalKB=0/256 arms=+48 refusals=+1 trace_flushes=+6 fill_ms=1500 queued=true running=true lastError=<null>
    onehalf-closure-r1-D-C CAP-IDLE| ticks=400 arms=+0 collects=+0 bailouts=+0 refusals=+0 trace_flushes=+0 trace_flush_bytes=+0 park_resets=+0 traces_live 112 -> 120 armed=0 state=0 stepmul=200 threshold=913800 gctotal=525717 ccap=636783 cused=525717 parked=false wallstats=present running=true
    onehalf-closure-r1-D-C CAP-LIVE| used=457455 kernelMemory=164923 user=292532 count(3 collects)=457407/457407/457407 total=636783 traces_live=120
    onehalf-closure-r1-D-C CAP-MID| snaps=8 stopped=0 stepmul0=0 parked=0 last: armed=0 state=0 stepmul=200 threshold=731400 gctotal=373413 ccap=636783 cused=373413
    onehalf-closure-r1-D-C CAP-GC| collects=+48 bailouts=+0 overdrafts=+838 od_peak=19874 od_state=0 park_resets=+0 od_limit=39798 kslice=16384 gc_low=361307 armby=2 end: armed=0 state=0 stepmul=200 threshold=776200 gctotal=401207 ccap=636783 cused=401207 parked=false
    onehalf-closure-r1-D-C SMOKE| MILESTONE km-1-kernel-init-compiles-nothing: PASS -- traces live at the kernelMemory baseline = 0; kernelMemory=164923
    onehalf-closure-r1-D-C SMOKE| MILESTONE cap-1-refusal-caught-machine-survives: PASS -- shape=closure OCLJCAP=done/1319/not_enough_memory running=true lastError=<null>
onehalf-closure-r1-O-C exit=0 APACITY| shape=closure native=additive jit=off jitearly=off tier=256KB scale=1.8 kernelMemory=164923 held=1382 why=not_enough_memory t_first5=0.0005 t_last5=0.0030 batches=14 last/first=6.00 freeKB_at_end/totalKB=0/256 arms=+39 refusals=+1 trace_flushes=+0 fill_ms=1501 queued=true running=true lastError=<null>
    onehalf-closure-r1-O-C CAP-IDLE| ticks=400 arms=+0 collects=+0 bailouts=+0 refusals=+0 trace_flushes=+0 trace_flush_bytes=+0 park_resets=+0 traces_live 0 -> 0 armed=0 state=0 stepmul=200 threshold=705400 gctotal=365111 ccap=636783 cused=365111 parked=false wallstats=present running=true
    onehalf-closure-r1-O-C CAP-LIVE| used=353233 kernelMemory=164923 user=188310 count(3 collects)=353185/353185/353185 total=636783 traces_live=0
    onehalf-closure-r1-O-C CAP-MID| snaps=8 stopped=0 stepmul0=0 parked=0 last: armed=0 state=0 stepmul=200 threshold=705000 gctotal=358329 ccap=636783 cused=358329
    onehalf-closure-r1-O-C CAP-GC| collects=+39 bailouts=+0 overdrafts=+881 od_peak=19866 od_state=0 park_resets=+0 od_limit=39798 kslice=16384 gc_low=349491 armby=1 end: armed=0 state=0 stepmul=200 threshold=698800 gctotal=380547 ccap=636783 cused=380547 parked=false
    onehalf-closure-r1-O-C SMOKE| MILESTONE km-1-kernel-init-compiles-nothing: PASS -- traces live at the kernelMemory baseline = 0; kernelMemory=164923
    onehalf-closure-r1-O-C SMOKE| MILESTONE cap-1-refusal-caught-machine-survives: PASS -- shape=closure OCLJCAP=done/1382/not_enough_memory running=true lastError=<null>
threehalf-record-r1-S-stock exit=0 APACITY| shape=record native=stock jit=on jitearly=- tier=1024KB scale=1.8 kernelMemory=174605 held=4096 why=not_enough_memory t_first5=0.0009 t_last5=0.0035 batches=41 last/first=3.89 freeKB_at_end/totalKB=30/1024 arms=+n/a refusals=+n/a trace_flushes=+n/a fill_ms=1987 queued=true running=true lastError=<null>
    threehalf-record-r1-S-stock CAP-IDLE| ticks=400 arms=+n/a collects=+n/a bailouts=+n/a refusals=+n/a trace_flushes=+n/a trace_flush_bytes=+n/a park_resets=+n/a traces_live -1 -> -1 armed=n/a state=n/a stepmul=n/a threshold=n/a gctotal=n/a ccap=n/a cused=n/a parked=false wallstats=n/a running=true
    threehalf-record-r1-S-stock CAP-LIVE| used=430604 kernelMemory=174605 user=255999 count(3 collects)=432999/432999/432999 total=2062042 traces_live=-1
    threehalf-record-r1-S-stock CAP-MID| snaps=0 stopped=0 stepmul0=0 parked=0 last: armed=n/a state=n/a stepmul=n/a threshold=n/a gctotal=n/a ccap=n/a cused=n/a
    threehalf-record-r1-S-stock CAP-GC| collects=+n/a bailouts=+n/a overdrafts=+n/a od_peak=n/a od_state=n/a park_resets=+n/a od_limit=n/a kslice=n/a gc_low=n/a armby=n/a end: armed=n/a state=n/a stepmul=n/a threshold=n/a gctotal=n/a ccap=n/a cused=n/a parked=false
    threehalf-record-r1-S-stock SMOKE| MILESTONE km-1-kernel-init-compiles-nothing: SKIP -- kernel=stock: OpenComputers' own kernel has no site 13 (not counted)
    threehalf-record-r1-S-stock SMOKE| MILESTONE cap-1-refusal-caught-machine-survives: PASS -- shape=record OCLJCAP=done/4096/not_enough_memory running=true lastError=<null>
threehalf-record-r1-D-C exit=0 APACITY| shape=record native=additive jit=on jitearly=- tier=1024KB scale=1.8 kernelMemory=164923 held=5663 why=not_enough_memory t_first5=0.0004 t_last5=0.0097 batches=57 last/first=24.25 freeKB_at_end/totalKB=0/1024 arms=+39 refusals=+1 trace_flushes=+9 fill_ms=2240 queued=true running=true lastError=<null>
    threehalf-record-r1-D-C CAP-IDLE| ticks=400 arms=+0 collects=+0 bailouts=+0 refusals=+0 trace_flushes=+0 trace_flush_bytes=+0 park_resets=+0 traces_live 106 -> 113 armed=0 state=0 stepmul=200 threshold=927200 gctotal=494675 ccap=2052360 cused=494675 parked=false wallstats=present running=true
    threehalf-record-r1-D-C CAP-LIVE| used=464145 kernelMemory=164923 user=299222 count(3 collects)=464097/464097/464097 total=2052360 traces_live=113
    threehalf-record-r1-D-C CAP-MID| snaps=32 stopped=0 stepmul0=0 parked=0 last: armed=0 state=0 stepmul=200 threshold=764600 gctotal=391347 ccap=2052360 cused=391347
    threehalf-record-r1-D-C CAP-GC| collects=+39 bailouts=+0 overdrafts=+1641 od_peak=64073 od_state=0 park_resets=+0 od_limit=128272 kslice=16384 gc_low=379715 armby=2 end: armed=0 state=0 stepmul=200 threshold=805000 gctotal=409359 ccap=2052360 cused=409359 parked=false
    threehalf-record-r1-D-C SMOKE| MILESTONE km-1-kernel-init-compiles-nothing: PASS -- traces live at the kernelMemory baseline = 0; kernelMemory=164923
    threehalf-record-r1-D-C SMOKE| MILESTONE cap-1-refusal-caught-machine-survives: PASS -- shape=record OCLJCAP=done/5663/not_enough_memory running=true lastError=<null>
threehalf-record-r1-O-C exit=0 APACITY| shape=record native=additive jit=off jitearly=off tier=1024KB scale=1.8 kernelMemory=164923 held=5726 why=not_enough_memory t_first5=0.0005 t_last5=0.0099 batches=58 last/first=19.80 freeKB_at_end/totalKB=0/1024 arms=+52 refusals=+1 trace_flushes=+0 fill_ms=2259 queued=true running=true lastError=<null>
    threehalf-record-r1-O-C CAP-IDLE| ticks=400 arms=+0 collects=+0 bailouts=+0 refusals=+0 trace_flushes=+0 trace_flush_bytes=+0 park_resets=+0 traces_live 0 -> 0 armed=0 state=0 stepmul=200 threshold=705000 gctotal=364883 ccap=2052360 cused=364883 parked=false wallstats=present running=true
    threehalf-record-r1-O-C CAP-LIVE| used=353013 kernelMemory=164923 user=188090 count(3 collects)=352965/352965/352965 total=2052360 traces_live=0
    threehalf-record-r1-O-C CAP-MID| snaps=32 stopped=0 stepmul0=0 parked=0 last: armed=0 state=0 stepmul=200 threshold=802800 gctotal=393145 ccap=2052360 cused=393145
    threehalf-record-r1-O-C CAP-GC| collects=+52 bailouts=+0 overdrafts=+1992 od_peak=64069 od_state=0 park_resets=+0 od_limit=128272 kslice=16384 gc_low=365459 armby=1 end: armed=0 state=0 stepmul=200 threshold=730800 gctotal=397091 ccap=2052360 cused=397091 parked=false
    threehalf-record-r1-O-C SMOKE| MILESTONE km-1-kernel-init-compiles-nothing: PASS -- traces live at the kernelMemory baseline = 0; kernelMemory=164923
    threehalf-record-r1-O-C SMOKE| MILESTONE cap-1-refusal-caught-machine-survives: PASS -- shape=record OCLJCAP=done/5726/not_enough_memory running=true lastError=<null>
threehalf-record-r1-L-C exit=0 APACITY| shape=record native=luajit jit=on jitearly=- tier=1024KB scale=1.8 kernelMemory=164247 held=5664 why=not_enough_memory t_first5=0.0004 t_last5=0.0087 batches=57 last/first=21.75 freeKB_at_end/totalKB=0/1024 arms=+41 refusals=+1 trace_flushes=+8 fill_ms=2243 queued=true running=true lastError=<null>
    threehalf-record-r1-L-C CAP-IDLE| ticks=400 arms=+0 collects=+0 bailouts=+0 refusals=+0 trace_flushes=+0 trace_flush_bytes=+0 park_resets=+0 traces_live 102 -> 112 armed=0 state=0 stepmul=200 threshold=921000 gctotal=485931 ccap=0 cused=485931 parked=false wallstats=present running=true
    threehalf-record-r1-L-C CAP-LIVE| used=461025 kernelMemory=164247 user=296778 count(3 collects)=460977/460977/460977 total=2051684 traces_live=112
    threehalf-record-r1-L-C CAP-MID| snaps=32 stopped=0 stepmul0=0 parked=0 last: armed=0 state=0 stepmul=200 threshold=758800 gctotal=399115 ccap=0 cused=399115
    threehalf-record-r1-L-C CAP-GC| collects=+41 bailouts=+0 overdrafts=+1649 od_peak=64097 od_state=0 park_resets=+0 od_limit=128230 kslice=16384 gc_low=379503 armby=2 end: armed=0 state=0 stepmul=200 threshold=815200 gctotal=439947 ccap=0 cused=439947 parked=false
    threehalf-record-r1-L-C SMOKE| MILESTONE km-1-kernel-init-compiles-nothing: PASS -- traces live at the kernelMemory baseline = 0; kernelMemory=164247
    threehalf-record-r1-L-C SMOKE| MILESTONE cap-1-refusal-caught-machine-survives: PASS -- shape=record OCLJCAP=done/5664/not_enough_memory running=true lastError=<null>
threehalf-array-r1-S-stock exit=0 APACITY| shape=array native=stock jit=on jitearly=- tier=1024KB scale=1.8 kernelMemory=174605 held=4756 why=not_enough_memory t_first5=0.0006 t_last5=0.0029 batches=48 last/first=4.83 freeKB_at_end/totalKB=0/1024 arms=+n/a refusals=+n/a trace_flushes=+n/a fill_ms=2243 queued=true running=true lastError=<null>
    threehalf-array-r1-S-stock CAP-IDLE| ticks=400 arms=+n/a collects=+n/a bailouts=+n/a refusals=+n/a trace_flushes=+n/a trace_flush_bytes=+n/a park_resets=+n/a traces_live -1 -> -1 armed=n/a state=n/a stepmul=n/a threshold=n/a gctotal=n/a ccap=n/a cused=n/a parked=false wallstats=n/a running=true
    threehalf-array-r1-S-stock CAP-LIVE| used=430533 kernelMemory=174605 user=255928 count(3 collects)=432928/432928/432928 total=2062042 traces_live=-1
    threehalf-array-r1-S-stock CAP-MID| snaps=0 stopped=0 stepmul0=0 parked=0 last: armed=n/a state=n/a stepmul=n/a threshold=n/a gctotal=n/a ccap=n/a cused=n/a
    threehalf-array-r1-S-stock CAP-GC| collects=+n/a bailouts=+n/a overdrafts=+n/a od_peak=n/a od_state=n/a park_resets=+n/a od_limit=n/a kslice=n/a gc_low=n/a armby=n/a end: armed=n/a state=n/a stepmul=n/a threshold=n/a gctotal=n/a ccap=n/a cused=n/a parked=false
    threehalf-array-r1-S-stock SMOKE| MILESTONE km-1-kernel-init-compiles-nothing: SKIP -- kernel=stock: OpenComputers' own kernel has no site 13 (not counted)
    threehalf-array-r1-S-stock SMOKE| MILESTONE cap-1-refusal-caught-machine-survives: PASS -- shape=array OCLJCAP=done/4756/not_enough_memory running=true lastError=<null>
threehalf-array-r1-D-C exit=0 APACITY| shape=array native=additive jit=on jitearly=- tier=1024KB scale=1.8 kernelMemory=164923 held=8192 why=not_enough_memory t_first5=0.0004 t_last5=0.0025 batches=82 last/first=6.25 freeKB_at_end/totalKB=0/1024 arms=+31 refusals=+1 trace_flushes=+8 fill_ms=2743 queued=true running=true lastError=<null>
    threehalf-array-r1-D-C CAP-IDLE| ticks=400 arms=+0 collects=+0 bailouts=+0 refusals=+0 trace_flushes=+0 trace_flush_bytes=+0 park_resets=+0 traces_live 120 -> 128 armed=0 state=0 stepmul=200 threshold=946600 gctotal=485682 ccap=2052360 cused=485682 parked=false wallstats=present running=true
    threehalf-array-r1-D-C CAP-LIVE| used=473812 kernelMemory=164923 user=308889 count(3 collects)=473764/473764/473764 total=2052360 traces_live=128
    threehalf-array-r1-D-C CAP-MID| snaps=48 stopped=0 stepmul0=0 parked=0 last: armed=0 state=0 stepmul=200 threshold=731600 gctotal=408067 ccap=2052360 cused=408067
    threehalf-array-r1-D-C CAP-GC| collects=+31 bailouts=+0 overdrafts=+604 od_peak=30708 od_state=0 park_resets=+0 od_limit=128272 kslice=16384 gc_low=365815 armby=1 end: armed=0 state=0 stepmul=200 threshold=775400 gctotal=419851 ccap=2052360 cused=419851 parked=false
    threehalf-array-r1-D-C SMOKE| MILESTONE km-1-kernel-init-compiles-nothing: PASS -- traces live at the kernelMemory baseline = 0; kernelMemory=164923
    threehalf-array-r1-D-C SMOKE| MILESTONE cap-1-refusal-caught-machine-survives: PASS -- shape=array OCLJCAP=done/8192/not_enough_memory running=true lastError=<null>
threehalf-array-r1-O-C exit=0 APACITY| shape=array native=additive jit=off jitearly=off tier=1024KB scale=1.8 kernelMemory=164923 held=8192 why=not_enough_memory t_first5=0.0002 t_last5=0.0057 batches=82 last/first=28.50 freeKB_at_end/totalKB=0/1024 arms=+33 refusals=+1 trace_flushes=+0 fill_ms=2745 queued=true running=true lastError=<null>
    threehalf-array-r1-O-C CAP-IDLE| ticks=400 arms=+0 collects=+0 bailouts=+0 refusals=+0 trace_flushes=+0 trace_flush_bytes=+0 park_resets=+0 traces_live 0 -> 0 armed=0 state=0 stepmul=200 threshold=704400 gctotal=358418 ccap=2052360 cused=358418 parked=false wallstats=present running=true
    threehalf-array-r1-O-C CAP-LIVE| used=352768 kernelMemory=164923 user=187845 count(3 collects)=352720/352720/352720 total=2052360 traces_live=0
    threehalf-array-r1-O-C CAP-MID| snaps=48 stopped=0 stepmul0=0 parked=0 last: armed=0 state=0 stepmul=200 threshold=731000 gctotal=384755 ccap=2052360 cused=384755
    threehalf-array-r1-O-C CAP-GC| collects=+33 bailouts=+0 overdrafts=+710 od_peak=32172 od_state=0 park_resets=+0 od_limit=128272 kslice=16384 gc_low=365527 armby=1 end: armed=0 state=0 stepmul=200 threshold=731000 gctotal=384755 ccap=2052360 cused=384755 parked=false
    threehalf-array-r1-O-C SMOKE| MILESTONE km-1-kernel-init-compiles-nothing: PASS -- traces live at the kernelMemory baseline = 0; kernelMemory=164923
    threehalf-array-r1-O-C SMOKE| MILESTONE cap-1-refusal-caught-machine-survives: PASS -- shape=array OCLJCAP=done/8192/not_enough_memory running=true lastError=<null>
threehalf-array-r1-L-C exit=0 APACITY| shape=array native=luajit jit=on jitearly=- tier=1024KB scale=1.8 kernelMemory=164247 held=8192 why=not_enough_memory t_first5=0.0004 t_last5=0.0037 batches=82 last/first=9.25 freeKB_at_end/totalKB=0/1024 arms=+40 refusals=+1 trace_flushes=+8 fill_ms=2741 queued=true running=true lastError=<null>
    threehalf-array-r1-L-C CAP-IDLE| ticks=400 arms=+0 collects=+0 bailouts=+0 refusals=+0 trace_flushes=+0 trace_flush_bytes=+0 park_resets=+0 traces_live 119 -> 127 armed=0 state=0 stepmul=200 threshold=941400 gctotal=476866 ccap=0 cused=476866 parked=false wallstats=present running=true
    threehalf-array-r1-L-C CAP-LIVE| used=471216 kernelMemory=164247 user=306969 count(3 collects)=471168/471168/471168 total=2051684 traces_live=127
    threehalf-array-r1-L-C CAP-MID| snaps=48 stopped=0 stepmul0=0 parked=0 last: armed=0 state=0 stepmul=200 threshold=730400 gctotal=396887 ccap=0 cused=396887
    threehalf-array-r1-L-C CAP-GC| collects=+40 bailouts=+0 overdrafts=+471 od_peak=22624 od_state=0 park_resets=+0 od_limit=128230 kslice=16384 gc_low=359811 armby=2 end: armed=0 state=0 stepmul=200 threshold=777000 gctotal=413395 ccap=0 cused=413395 parked=false
    threehalf-array-r1-L-C SMOKE| MILESTONE km-1-kernel-init-compiles-nothing: PASS -- traces live at the kernelMemory baseline = 0; kernelMemory=164247
    threehalf-array-r1-L-C SMOKE| MILESTONE cap-1-refusal-caught-machine-survives: PASS -- shape=array OCLJCAP=done/8192/not_enough_memory running=true lastError=<null>
threehalf-string-r1-S-stock exit=0 APACITY| shape=string native=stock jit=on jitearly=- tier=1024KB scale=1.8 kernelMemory=174605 held=16384 why=not_enough_memory t_first5=0.0006 t_last5=0.0020 batches=164 last/first=3.33 freeKB_at_end/totalKB=103/1024 arms=+n/a refusals=+n/a trace_flushes=+n/a fill_ms=3992 queued=true running=true lastError=<null>
    threehalf-string-r1-S-stock CAP-IDLE| ticks=400 arms=+n/a collects=+n/a bailouts=+n/a refusals=+n/a trace_flushes=+n/a trace_flush_bytes=+n/a park_resets=+n/a traces_live -1 -> -1 armed=n/a state=n/a stepmul=n/a threshold=n/a gctotal=n/a ccap=n/a cused=n/a parked=false wallstats=n/a running=true
    threehalf-string-r1-S-stock CAP-LIVE| used=430497 kernelMemory=174605 user=255892 count(3 collects)=432892/432892/432892 total=2062042 traces_live=-1
    threehalf-string-r1-S-stock CAP-MID| snaps=0 stopped=0 stepmul0=0 parked=0 last: armed=n/a state=n/a stepmul=n/a threshold=n/a gctotal=n/a ccap=n/a cused=n/a
    threehalf-string-r1-S-stock CAP-GC| collects=+n/a bailouts=+n/a overdrafts=+n/a od_peak=n/a od_state=n/a park_resets=+n/a od_limit=n/a kslice=n/a gc_low=n/a armby=n/a end: armed=n/a state=n/a stepmul=n/a threshold=n/a gctotal=n/a ccap=n/a cused=n/a parked=false
    threehalf-string-r1-S-stock SMOKE| MILESTONE km-1-kernel-init-compiles-nothing: SKIP -- kernel=stock: OpenComputers' own kernel has no site 13 (not counted)
    threehalf-string-r1-S-stock SMOKE| MILESTONE cap-1-refusal-caught-machine-survives: PASS -- shape=string OCLJCAP=done/16384/not_enough_memory running=true lastError=<null>
threehalf-string-r1-D-C exit=0 APACITY| shape=string native=additive jit=on jitearly=- tier=1024KB scale=1.8 kernelMemory=164923 held=21768 why=not_enough_memory t_first5=0.0003 t_last5=0.0109 batches=218 last/first=36.33 freeKB_at_end/totalKB=0/1024 arms=+168 refusals=+8 trace_flushes=+35 fill_ms=4740 queued=true running=true lastError=<null>
    threehalf-string-r1-D-C CAP-IDLE| ticks=400 arms=+0 collects=+0 bailouts=+0 refusals=+0 trace_flushes=+0 trace_flush_bytes=+0 park_resets=+0 traces_live 104 -> 113 armed=0 state=0 stepmul=200 threshold=916800 gctotal=483198 ccap=2052360 cused=483198 parked=false wallstats=present running=true
    threehalf-string-r1-D-C CAP-LIVE| used=458924 kernelMemory=164923 user=294001 count(3 collects)=458876/458876/458876 total=2052360 traces_live=113
    threehalf-string-r1-D-C CAP-MID| snaps=112 stopped=0 stepmul0=0 parked=0 last: armed=0 state=0 stepmul=200 threshold=1224000 gctotal=486743 ccap=2052360 cused=486743
    threehalf-string-r1-D-C CAP-GC| collects=+168 bailouts=+0 overdrafts=+11215 od_peak=128399 od_state=0 park_resets=+0 od_limit=128272 kslice=16384 gc_low=388895 armby=1 end: armed=0 state=0 stepmul=200 threshold=817400 gctotal=427331 ccap=2052360 cused=427331 parked=false
    threehalf-string-r1-D-C SMOKE| MILESTONE km-1-kernel-init-compiles-nothing: PASS -- traces live at the kernelMemory baseline = 0; kernelMemory=164923
    threehalf-string-r1-D-C SMOKE| MILESTONE cap-1-refusal-caught-machine-survives: PASS -- shape=string OCLJCAP=done/21768/not_enough_memory running=true lastError=<null>
threehalf-string-r1-O-C exit=0 APACITY| shape=string native=additive jit=off jitearly=off tier=1024KB scale=1.8 kernelMemory=164923 held=20939 why=not_enough_memory t_first5=0.0005 t_last5=0.0117 batches=210 last/first=23.40 freeKB_at_end/totalKB=0/1024 arms=+123 refusals=+1 trace_flushes=+0 fill_ms=4724 queued=true running=true lastError=<null>
    threehalf-string-r1-O-C CAP-IDLE| ticks=400 arms=+0 collects=+0 bailouts=+0 refusals=+0 trace_flushes=+0 trace_flush_bytes=+0 park_resets=+0 traces_live 0 -> 0 armed=0 state=0 stepmul=200 threshold=704200 gctotal=371301 ccap=2052360 cused=371301 parked=false wallstats=present running=true
    threehalf-string-r1-O-C CAP-LIVE| used=352615 kernelMemory=164923 user=187692 count(3 collects)=352567/352567/352567 total=2052360 traces_live=0
    threehalf-string-r1-O-C CAP-MID| snaps=112 stopped=0 stepmul0=0 parked=0 last: armed=0 state=0 stepmul=200 threshold=796400 gctotal=384659 ccap=2052360 cused=384659
    threehalf-string-r1-O-C CAP-GC| collects=+123 bailouts=+0 overdrafts=+7047 od_peak=64135 od_state=0 park_resets=+0 od_limit=128272 kslice=16384 gc_low=365463 armby=1 end: armed=0 state=0 stepmul=200 threshold=730800 gctotal=385291 ccap=2052360 cused=385291 parked=false
    threehalf-string-r1-O-C SMOKE| MILESTONE km-1-kernel-init-compiles-nothing: PASS -- traces live at the kernelMemory baseline = 0; kernelMemory=164923
    threehalf-string-r1-O-C SMOKE| MILESTONE cap-1-refusal-caught-machine-survives: PASS -- shape=string OCLJCAP=done/20939/not_enough_memory running=true lastError=<null>
threehalf-string-r1-L-C exit=0 APACITY| shape=string native=luajit jit=on jitearly=- tier=1024KB scale=1.8 kernelMemory=164247 held=21764 why=not_enough_memory t_first5=0.0005 t_last5=0.0114 batches=218 last/first=22.80 freeKB_at_end/totalKB=0/1024 arms=+202 refusals=+8 trace_flushes=+36 fill_ms=4984 queued=true running=true lastError=<null>
    threehalf-string-r1-L-C CAP-IDLE| ticks=400 arms=+0 collects=+0 bailouts=+0 refusals=+0 trace_flushes=+0 trace_flush_bytes=+0 park_resets=+0 traces_live 106 -> 111 armed=0 state=0 stepmul=200 threshold=919800 gctotal=466069 ccap=0 cused=466069 parked=false wallstats=present running=true
    threehalf-string-r1-L-C CAP-LIVE| used=460419 kernelMemory=164247 user=296172 count(3 collects)=460371/460371/460371 total=2051684 traces_live=111
    threehalf-string-r1-L-C CAP-MID| snaps=120 stopped=0 stepmul0=0 parked=0 last: armed=0 state=0 stepmul=200 threshold=782200 gctotal=405967 ccap=0 cused=405967
    threehalf-string-r1-L-C CAP-GC| collects=+202 bailouts=+0 overdrafts=+11442 od_peak=128179 od_state=0 park_resets=+0 od_limit=128230 kslice=16384 gc_low=391171 armby=2 end: armed=0 state=0 stepmul=200 threshold=813400 gctotal=420355 ccap=0 cused=420355 parked=false
    threehalf-string-r1-L-C SMOKE| MILESTONE km-1-kernel-init-compiles-nothing: PASS -- traces live at the kernelMemory baseline = 0; kernelMemory=164247
    threehalf-string-r1-L-C SMOKE| MILESTONE cap-1-refusal-caught-machine-survives: PASS -- shape=string OCLJCAP=done/21764/not_enough_memory running=true lastError=<null>
threehalf-closure-r1-S-stock exit=0 APACITY| shape=closure native=stock jit=on jitearly=- tier=1024KB scale=1.8 kernelMemory=174605 held=7313 why=not_enough_memory t_first5=0.0005 t_last5=0.0041 batches=74 last/first=8.20 freeKB_at_end/totalKB=0/1024 arms=+n/a refusals=+n/a trace_flushes=+n/a fill_ms=2494 queued=true running=true lastError=<null>
    threehalf-closure-r1-S-stock CAP-IDLE| ticks=400 arms=+n/a collects=+n/a bailouts=+n/a refusals=+n/a trace_flushes=+n/a trace_flush_bytes=+n/a park_resets=+n/a traces_live -1 -> -1 armed=n/a state=n/a stepmul=n/a threshold=n/a gctotal=n/a ccap=n/a cused=n/a parked=false wallstats=n/a running=true
    threehalf-closure-r1-S-stock CAP-LIVE| used=430777 kernelMemory=174605 user=256172 count(3 collects)=433172/433172/433172 total=2062042 traces_live=-1
    threehalf-closure-r1-S-stock CAP-MID| snaps=0 stopped=0 stepmul0=0 parked=0 last: armed=n/a state=n/a stepmul=n/a threshold=n/a gctotal=n/a ccap=n/a cused=n/a
    threehalf-closure-r1-S-stock CAP-GC| collects=+n/a bailouts=+n/a overdrafts=+n/a od_peak=n/a od_state=n/a park_resets=+n/a od_limit=n/a kslice=n/a gc_low=n/a armby=n/a end: armed=n/a state=n/a stepmul=n/a threshold=n/a gctotal=n/a ccap=n/a cused=n/a parked=false
    threehalf-closure-r1-S-stock SMOKE| MILESTONE km-1-kernel-init-compiles-nothing: SKIP -- kernel=stock: OpenComputers' own kernel has no site 13 (not counted)
    threehalf-closure-r1-S-stock SMOKE| MILESTONE cap-1-refusal-caught-machine-survives: PASS -- shape=closure OCLJCAP=done/7313/not_enough_memory running=true lastError=<null>
threehalf-closure-r1-D-C exit=0 APACITY| shape=closure native=additive jit=on jitearly=- tier=1024KB scale=1.8 kernelMemory=164923 held=8192 why=not_enough_memory t_first5=0.0004 t_last5=0.0056 batches=82 last/first=14.00 freeKB_at_end/totalKB=0/1024 arms=+70 refusals=+2 trace_flushes=+13 fill_ms=2738 queued=true running=true lastError=<null>
    threehalf-closure-r1-D-C CAP-IDLE| ticks=400 arms=+0 collects=+0 bailouts=+0 refusals=+0 trace_flushes=+0 trace_flush_bytes=+0 park_resets=+0 traces_live 118 -> 130 armed=0 state=0 stepmul=200 threshold=955800 gctotal=508301 ccap=2052360 cused=508301 parked=false wallstats=present running=true
    threehalf-closure-r1-D-C CAP-LIVE| used=478439 kernelMemory=164923 user=313516 count(3 collects)=478391/478391/478391 total=2052360 traces_live=130
    threehalf-closure-r1-D-C CAP-MID| snaps=48 stopped=0 stepmul0=0 parked=0 last: armed=0 state=0 stepmul=200 threshold=758800 gctotal=412507 ccap=2052360 cused=412507
    threehalf-closure-r1-D-C CAP-GC| collects=+70 bailouts=+0 overdrafts=+5001 od_peak=104285 od_state=0 park_resets=+0 od_limit=128272 kslice=16384 gc_low=379519 armby=2 end: armed=0 state=0 stepmul=200 threshold=815000 gctotal=438619 ccap=2052360 cused=438619 parked=false
    threehalf-closure-r1-D-C SMOKE| MILESTONE km-1-kernel-init-compiles-nothing: PASS -- traces live at the kernelMemory baseline = 0; kernelMemory=164923
    threehalf-closure-r1-D-C SMOKE| MILESTONE cap-1-refusal-caught-machine-survives: PASS -- shape=closure OCLJCAP=done/8192/not_enough_memory running=true lastError=<null>
threehalf-closure-r1-O-C exit=0 APACITY| shape=closure native=additive jit=off jitearly=off tier=1024KB scale=1.8 kernelMemory=164923 held=8088 why=not_enough_memory t_first5=0.0003 t_last5=0.0121 batches=81 last/first=40.33 freeKB_at_end/totalKB=0/1024 arms=+50 refusals=+1 trace_flushes=+0 fill_ms=2738 queued=true running=true lastError=<null>
    threehalf-closure-r1-O-C CAP-IDLE| ticks=400 arms=+0 collects=+0 bailouts=+0 refusals=+0 trace_flushes=+0 trace_flush_bytes=+0 park_resets=+0 traces_live 0 -> 0 armed=0 state=0 stepmul=200 threshold=704600 gctotal=364687 ccap=2052360 cused=364687 parked=false wallstats=present running=true
    threehalf-closure-r1-O-C CAP-LIVE| used=352817 kernelMemory=164923 user=187894 count(3 collects)=352769/352769/352769 total=2052360 traces_live=0
    threehalf-closure-r1-O-C CAP-MID| snaps=48 stopped=0 stepmul0=0 parked=0 last: armed=0 state=0 stepmul=200 threshold=730800 gctotal=390275 ccap=2052360 cused=390275
    threehalf-closure-r1-O-C CAP-GC| collects=+50 bailouts=+0 overdrafts=+3519 od_peak=64125 od_state=0 park_resets=+0 od_limit=128272 kslice=16384 gc_low=365459 armby=1 end: armed=0 state=0 stepmul=200 threshold=730800 gctotal=390275 ccap=2052360 cused=390275 parked=false
    threehalf-closure-r1-O-C SMOKE| MILESTONE km-1-kernel-init-compiles-nothing: PASS -- traces live at the kernelMemory baseline = 0; kernelMemory=164923
    threehalf-closure-r1-O-C SMOKE| MILESTONE cap-1-refusal-caught-machine-survives: PASS -- shape=closure OCLJCAP=done/8088/not_enough_memory running=true lastError=<null>
threehalf-closure-r1-L-C exit=0 APACITY| shape=closure native=luajit jit=on jitearly=- tier=1024KB scale=1.8 kernelMemory=164247 held=8028 why=not_enough_memory t_first5=0.0005 t_last5=0.0075 batches=81 last/first=15.00 freeKB_at_end/totalKB=0/1024 arms=+67 refusals=+1 trace_flushes=+11 fill_ms=2728 queued=true running=true lastError=<null>
    threehalf-closure-r1-L-C CAP-IDLE| ticks=400 arms=+0 collects=+0 bailouts=+0 refusals=+0 trace_flushes=+0 trace_flush_bytes=+0 park_resets=+0 traces_live 110 -> 116 armed=0 state=0 stepmul=200 threshold=942800 gctotal=477619 ccap=0 cused=477619 parked=false wallstats=present running=true
    threehalf-closure-r1-L-C CAP-LIVE| used=471969 kernelMemory=164247 user=307722 count(3 collects)=471921/471921/471921 total=2051684 traces_live=116
    threehalf-closure-r1-L-C CAP-MID| snaps=48 stopped=0 stepmul0=0 parked=0 last: armed=0 state=0 stepmul=200 threshold=759000 gctotal=397079 ccap=0 cused=397079
    threehalf-closure-r1-L-C CAP-GC| collects=+67 bailouts=+0 overdrafts=+3593 od_peak=64093 od_state=0 park_resets=+0 od_limit=128230 kslice=16384 gc_low=377295 armby=2 end: armed=0 state=0 stepmul=200 threshold=814600 gctotal=420399 ccap=0 cused=420399 parked=false
    threehalf-closure-r1-L-C SMOKE| MILESTONE km-1-kernel-init-compiles-nothing: PASS -- traces live at the kernelMemory baseline = 0; kernelMemory=164247
    threehalf-closure-r1-L-C SMOKE| MILESTONE cap-1-refusal-caught-machine-survives: PASS -- shape=closure OCLJCAP=done/8028/not_enough_memory running=true lastError=<null>
one-record-r9-D-Cunpinned exit=0 APACITY| shape=record native=additive jit=on jitearly=- tier=192KB scale=1.8 kernelMemory=164923 held=550 why=not_enough_memory t_first5=0.0027 t_last5=0.0049 batches=6 last/first=1.81 freeKB_at_end/totalKB=0/192 arms=+42 refusals=+1 trace_flushes=+5 fill_ms=1500 queued=true running=true lastError=<null>
    one-record-r9-D-Cunpinned CAP-IDLE| ticks=400 arms=+20 collects=+20 bailouts=+0 refusals=+0 trace_flushes=+0 trace_flush_bytes=+0 park_resets=+0 traces_live 47 -> 69 armed=0 state=0 stepmul=200 threshold=846800 gctotal=429587 ccap=518818 cused=429587 parked=false wallstats=present running=true
    one-record-r9-D-Cunpinned CAP-LIVE| used=423401 kernelMemory=164923 user=258478 count(3 collects)=423353/423353/423353 total=518818 traces_live=69
    one-record-r9-D-Cunpinned CAP-MID| snaps=8 stopped=0 stepmul0=0 parked=0 last: armed=0 state=0 stepmul=200 threshold=727200 gctotal=392563 ccap=518818 cused=392563
    one-record-r9-D-Cunpinned CAP-GC| collects=+42 bailouts=+0 overdrafts=+493 od_peak=16343 od_state=0 park_resets=+0 od_limit=32768 kslice=16384 gc_low=389279 armby=0 end: armed=0 state=0 stepmul=200 threshold=778400 gctotal=420331 ccap=518818 cused=420331 parked=false
    one-record-r9-D-Cunpinned SMOKE| MILESTONE km-1-kernel-init-compiles-nothing: PASS -- traces live at the kernelMemory baseline = 0; kernelMemory=164923
    one-record-r9-D-Cunpinned SMOKE| MILESTONE cap-1-refusal-caught-machine-survives: PASS -- shape=record OCLJCAP=done/550/not_enough_memory running=true lastError=<null>
== 15:52:05 chainC done
