g-record-r1-S exit=0 CLASS=CLEAN APACITY| shape=record native=stock jit=on jitearly=- tier=192KB scale=1.8 kernelMemory=174605 held=259 why=not_enough_memory t_first5=0.0002 t_last5=0.0014 batches=26 last/first=7.00 freeKB_at_end/totalKB=0/192 arms=+n/a refusals=+n/a trace_flushes=+n/a fill_ms=1735 queued=true running=true lastError=<null>
    g-record-r1-S CAP-IDLE| ticks=400 arms=+n/a collects=+n/a bailouts=+n/a refusals=+n/a trace_flushes=+n/a trace_flush_bytes=+n/a park_resets=+n/a traces_live -1 -> -1 armed=n/a state=n/a stepmul=n/a threshold=n/a gctotal=n/a ccap=n/a cused=n/a parked=false wallstats=n/a running=true
    g-record-r1-S CAP-LIVE| used=431732 kernelMemory=174605 user=257127 count(3 collects)=434127/434127/434127 total=528500 traces_live=-1
    g-record-r1-S CAP-GC| collects=+n/a bailouts=+n/a overdrafts=+n/a od_peak=n/a od_state=n/a park_resets=+n/a od_limit=n/a kslice=n/a gc_low=n/a armby=n/a window=n/a lends=+n/a win=n/a refused=n/a end: armed=n/a state=n/a stepmul=n/a threshold=n/a gctotal=n/a ccap=n/a cused=n/a parked=false
    g-record-r1-S CAP-X| batch=10 junk=24 OCLJCAPX=26/250/0/0 traces(start/abort) n/a -> n/a class=CLEAN site=-
    g-record-r1-S SMOKE| MILESTONE km-1-kernel-init-compiles-nothing: SKIP -- kernel=stock: OpenComputers' own kernel has no site 13 (not counted)
    g-record-r1-S SMOKE| MILESTONE cap-1-refusal-caught-machine-survives: PASS -- shape=record OCLJCAP=done/259/not_enough_memory running=true lastError=<null>
g-record-r1-C-O exit=0 CLASS=CLEAN APACITY| shape=record native=additive jit=off jitearly=off tier=192KB scale=1.8 kernelMemory=164923 held=659 why=not_enough_memory t_first5=0.0001 t_last5=0.0019 batches=66 last/first=19.00 freeKB_at_end/totalKB=0/192 arms=+123 refusals=+2 trace_flushes=+0 fill_ms=2491 queued=true running=true lastError=<null>
    g-record-r1-C-O CAP-IDLE| ticks=400 arms=+0 collects=+0 bailouts=+0 refusals=+0 trace_flushes=+0 trace_flush_bytes=+0 park_resets=+0 traces_live 0 -> 0 armed=0 state=0 stepmul=200 threshold=707200 gctotal=425550 ccap=518818 cused=425550 parked=false wallstats=present running=true
    g-record-r1-C-O CAP-LIVE| used=354084 kernelMemory=164923 user=189161 count(3 collects)=354100/354036/354036 total=518818 traces_live=0
    g-record-r1-C-O CAP-GC| collects=+123 bailouts=+0 overdrafts=+3063 od_peak=32738 od_state=0 park_resets=+0 od_limit=32768 kslice=16384 gc_low=350139 armby=1 window=n/a lends=+n/a win=n/a refused=n/a end: armed=0 state=0 stepmul=200 threshold=700200 gctotal=379663 ccap=518818 cused=379663 parked=false
    g-record-r1-C-O CAP-X| batch=10 junk=24 OCLJCAPX=66/650/1/0 traces(start/abort) 0/0 -> 0/0 class=CLEAN site=-
    g-record-r1-C-O SMOKE| MILESTONE km-1-kernel-init-compiles-nothing: PASS -- traces live at the kernelMemory baseline = 0; kernelMemory=164923
    g-record-r1-C-O SMOKE| MILESTONE cap-1-refusal-caught-machine-survives: PASS -- shape=record OCLJCAP=done/659/not_enough_memory running=true lastError=<null>
g-record-r1-W-O exit=0 CLASS=CLEAN APACITY| shape=record native=additive jit=off jitearly=off tier=192KB scale=1.8 kernelMemory=164923 held=602 why=not_enough_memory t_first5=0.0001 t_last5=0.0023 batches=61 last/first=23.00 freeKB_at_end/totalKB=0/192 arms=+147 refusals=+1 trace_flushes=+0 fill_ms=2226 queued=true running=true lastError=<null>
    g-record-r1-W-O CAP-IDLE| ticks=400 arms=+1 collects=+1 bailouts=+0 refusals=+0 trace_flushes=+0 trace_flush_bytes=+0 park_resets=+0 traces_live 0 -> 0 armed=0 state=0 stepmul=200 threshold=707200 gctotal=375798 ccap=518818 cused=375798 parked=false wallstats=present running=true
    g-record-r1-W-O CAP-LIVE| used=354084 kernelMemory=164923 user=189161 count(3 collects)=354100/354036/354036 total=518818 traces_live=0
    g-record-r1-W-O CAP-GC| collects=+147 bailouts=+0 overdrafts=+1716 od_peak=16682 od_state=0 park_resets=+0 od_limit=32768 kslice=16384 gc_low=350115 armby=0 window=4096 lends=+61 win=0 refused=88 end: armed=0 state=0 stepmul=200 threshold=700200 gctotal=386455 ccap=518818 cused=386455 parked=false
    g-record-r1-W-O CAP-X| batch=10 junk=24 OCLJCAPX=61/600/0/0 traces(start/abort) 0/0 -> 0/0 class=CLEAN site=-
    g-record-r1-W-O SMOKE| MILESTONE km-1-kernel-init-compiles-nothing: PASS -- traces live at the kernelMemory baseline = 0; kernelMemory=164923
    g-record-r1-W-O SMOKE| MILESTONE cap-1-refusal-caught-machine-survives: PASS -- shape=record OCLJCAP=done/602/not_enough_memory running=true lastError=<null>
g-record-r1-C-D exit=1 CLASS=DOWN APACITY| shape=record native=additive jit=on jitearly=- tier=192KB scale=1.8 kernelMemory=164923 held=? why=? t_first5=0.0002 t_last5=0.0008 batches=61 last/first=4.00 freeKB_at_end/totalKB=-1/-1 arms=+169 refusals=+8 trace_flushes=+28 fill_ms=988 queued=true running=false lastError=not enough memory
    g-record-r1-C-D CAP-IDLE| ticks=400 arms=+26 collects=+26 bailouts=+0 refusals=+0 trace_flushes=+0 trace_flush_bytes=+0 park_resets=+0 traces_live 56 -> 71 armed=0 state=0 stepmul=200 threshold=848000 gctotal=431452 ccap=518818 cused=431452 parked=false wallstats=present running=true
    g-record-r1-C-D CAP-LIVE| used=424474 kernelMemory=164923 user=259551 count(3 collects)=424490/424426/424426 total=518818 traces_live=71
    g-record-r1-C-D CAP-GC| collects=+168 bailouts=+0 overdrafts=+2980 od_peak=33210 od_state=1 park_resets=+0 od_limit=32768 kslice=16384 gc_low=551128 armby=1 window=n/a lends=+n/a win=n/a refused=n/a end: armed=1 state=0 stepmul=0 threshold=1097800 gctotal=549004 ccap=2147483647 cused=549004 parked=true
    g-record-r1-C-D CAP-X| batch=10 junk=24 OCLJCAPX=61/610/2/0 traces(start/abort) 349/188 -> n/a class=DOWN site=-
    g-record-r1-C-D SMOKE| MILESTONE km-1-kernel-init-compiles-nothing: PASS -- traces live at the kernelMemory baseline = 0; kernelMemory=164923
    g-record-r1-C-D SMOKE| MILESTONE cap-1-refusal-caught-machine-survives: FAIL -- shape=record OCLJCAP=filling/610 running=false lastError=not enough memory   <- a refusal took the MACHINE down: raised where no handler of the program caught it (OpenOS's dispatcher, the kernel, or the probe's own allocations between batches)
    g-record-r1-C-D     SMOKE| MILESTONE cap-1-refusal-caught-machine-survives: FAIL -- shape=record OCLJCAP=filling/610 running=false lastError=not enough memory   <- a refusal took the MACHINE down: raised where no handler of the program caught it (OpenOS's dispatcher, the kernel, or the probe's own allocations between batches)
g-record-r1-W-D exit=0 CLASS=CLEAN APACITY| shape=record native=additive jit=on jitearly=- tier=192KB scale=1.8 kernelMemory=164923 held=614 why=not_enough_memory t_first5=0.0002 t_last5=0.0021 batches=62 last/first=10.50 freeKB_at_end/totalKB=0/192 arms=+228 refusals=+4 trace_flushes=+31 fill_ms=2241 queued=true running=true lastError=<null>
    g-record-r1-W-D CAP-IDLE| ticks=400 arms=+20 collects=+20 bailouts=+0 refusals=+0 trace_flushes=+0 trace_flush_bytes=+0 park_resets=+0 traces_live 72 -> 84 armed=0 state=0 stepmul=200 threshold=852800 gctotal=426768 ccap=518818 cused=426768 parked=false wallstats=present running=true
    g-record-r1-W-D CAP-LIVE| used=426902 kernelMemory=164923 user=261979 count(3 collects)=426854/426854/426854 total=518818 traces_live=84
    g-record-r1-W-D CAP-GC| collects=+228 bailouts=+0 overdrafts=+2968 od_peak=34292 od_state=0 park_resets=+0 od_limit=32768 kslice=16384 gc_low=387801 armby=0 window=4096 lends=+117 win=0 refused=52 end: armed=0 state=0 stepmul=200 threshold=775600 gctotal=409577 ccap=518818 cused=409577 parked=false
    g-record-r1-W-D CAP-X| batch=10 junk=24 OCLJCAPX=62/610/3/0 traces(start/abort) 354/178 -> 630/246 class=CLEAN site=-
    g-record-r1-W-D SMOKE| MILESTONE km-1-kernel-init-compiles-nothing: PASS -- traces live at the kernelMemory baseline = 0; kernelMemory=164923
    g-record-r1-W-D SMOKE| MILESTONE cap-1-refusal-caught-machine-survives: PASS -- shape=record OCLJCAP=done/614/not_enough_memory running=true lastError=<null>
g-record-r1-C-L exit=0 CLASS=CLEAN APACITY| shape=record native=luajit jit=on jitearly=- tier=192KB scale=1.8 kernelMemory=164247 held=609 why=not_enough_memory t_first5=0.0003 t_last5=0.0011 batches=61 last/first=3.67 freeKB_at_end/totalKB=0/192 arms=+126 refusals=+2 trace_flushes=+28 fill_ms=2245 queued=true running=true lastError=<null>
    g-record-r1-C-L CAP-IDLE| ticks=400 arms=+25 collects=+25 bailouts=+0 refusals=+0 trace_flushes=+0 trace_flush_bytes=+0 park_resets=+0 traces_live 74 -> 85 armed=0 state=0 stepmul=200 threshold=854200 gctotal=434004 ccap=0 cused=434004 parked=false wallstats=present running=true
    g-record-r1-C-L CAP-LIVE| used=427658 kernelMemory=164247 user=263411 count(3 collects)=427674/427610/427610 total=518142 traces_live=85
    g-record-r1-C-L CAP-GC| collects=+126 bailouts=+0 overdrafts=+2709 od_peak=32768 od_state=0 park_resets=+0 od_limit=32768 kslice=16384 gc_low=385277 armby=0 window=n/a lends=+n/a win=n/a refused=n/a end: armed=0 state=0 stepmul=200 threshold=771600 gctotal=407405 ccap=0 cused=407405 parked=false
    g-record-r1-C-L CAP-X| batch=10 junk=24 OCLJCAPX=61/600/1/0 traces(start/abort) 368/192 -> 650/250 class=CLEAN site=-
    g-record-r1-C-L SMOKE| MILESTONE km-1-kernel-init-compiles-nothing: PASS -- traces live at the kernelMemory baseline = 0; kernelMemory=164247
    g-record-r1-C-L SMOKE| MILESTONE cap-1-refusal-caught-machine-survives: PASS -- shape=record OCLJCAP=done/609/not_enough_memory running=true lastError=<null>
g-record-r1-W-L exit=0 CLASS=CLEAN APACITY| shape=record native=luajit jit=on jitearly=- tier=192KB scale=1.8 kernelMemory=164247 held=611 why=not_enough_memory t_first5=0.0001 t_last5=0.0013 batches=62 last/first=13.00 freeKB_at_end/totalKB=0/192 arms=+220 refusals=+4 trace_flushes=+30 fill_ms=2494 queued=true running=true lastError=<null>
    g-record-r1-W-L CAP-IDLE| ticks=400 arms=+20 collects=+20 bailouts=+0 refusals=+0 trace_flushes=+0 trace_flush_bytes=+0 park_resets=+0 traces_live 53 -> 67 armed=0 state=0 stepmul=200 threshold=827600 gctotal=433148 ccap=0 cused=433148 parked=false wallstats=present running=true
    g-record-r1-W-L CAP-LIVE| used=412294 kernelMemory=164247 user=248047 count(3 collects)=412246/412246/412246 total=518142 traces_live=67
    g-record-r1-W-L CAP-GC| collects=+220 bailouts=+0 overdrafts=+2846 od_peak=33412 od_state=0 park_resets=+0 od_limit=32768 kslice=16384 gc_low=392717 armby=0 window=4096 lends=+72 win=0 refused=52 end: armed=0 state=0 stepmul=200 threshold=785400 gctotal=415505 ccap=0 cused=415505 parked=false
    g-record-r1-W-L CAP-X| batch=10 junk=24 OCLJCAPX=62/610/3/0 traces(start/abort) 363/201 -> 618/241 class=CLEAN site=-
    g-record-r1-W-L SMOKE| MILESTONE km-1-kernel-init-compiles-nothing: PASS -- traces live at the kernelMemory baseline = 0; kernelMemory=164247
    g-record-r1-W-L SMOKE| MILESTONE cap-1-refusal-caught-machine-survives: PASS -- shape=record OCLJCAP=done/611/not_enough_memory running=true lastError=<null>
g-record-r2-S exit=0 CLASS=CLEAN APACITY| shape=record native=stock jit=on jitearly=- tier=192KB scale=1.8 kernelMemory=174605 held=259 why=not_enough_memory t_first5=0.0002 t_last5=0.0013 batches=26 last/first=6.50 freeKB_at_end/totalKB=0/192 arms=+n/a refusals=+n/a trace_flushes=+n/a fill_ms=1727 queued=true running=true lastError=<null>
    g-record-r2-S CAP-IDLE| ticks=400 arms=+n/a collects=+n/a bailouts=+n/a refusals=+n/a trace_flushes=+n/a trace_flush_bytes=+n/a park_resets=+n/a traces_live -1 -> -1 armed=n/a state=n/a stepmul=n/a threshold=n/a gctotal=n/a ccap=n/a cused=n/a parked=false wallstats=n/a running=true
    g-record-r2-S CAP-LIVE| used=431798 kernelMemory=174605 user=257193 count(3 collects)=434193/434193/434193 total=528500 traces_live=-1
    g-record-r2-S CAP-GC| collects=+n/a bailouts=+n/a overdrafts=+n/a od_peak=n/a od_state=n/a park_resets=+n/a od_limit=n/a kslice=n/a gc_low=n/a armby=n/a window=n/a lends=+n/a win=n/a refused=n/a end: armed=n/a state=n/a stepmul=n/a threshold=n/a gctotal=n/a ccap=n/a cused=n/a parked=false
    g-record-r2-S CAP-X| batch=10 junk=24 OCLJCAPX=26/250/0/0 traces(start/abort) n/a -> n/a class=CLEAN site=-
    g-record-r2-S SMOKE| MILESTONE km-1-kernel-init-compiles-nothing: SKIP -- kernel=stock: OpenComputers' own kernel has no site 13 (not counted)
    g-record-r2-S SMOKE| MILESTONE cap-1-refusal-caught-machine-survives: PASS -- shape=record OCLJCAP=done/259/not_enough_memory running=true lastError=<null>
g-record-r2-C-O exit=0 CLASS=CLEAN APACITY| shape=record native=additive jit=off jitearly=off tier=192KB scale=1.8 kernelMemory=164923 held=659 why=not_enough_memory t_first5=0.0001 t_last5=0.0020 batches=66 last/first=20.00 freeKB_at_end/totalKB=0/192 arms=+124 refusals=+2 trace_flushes=+0 fill_ms=2492 queued=true running=true lastError=<null>
    g-record-r2-C-O CAP-IDLE| ticks=400 arms=+0 collects=+0 bailouts=+0 refusals=+0 trace_flushes=+0 trace_flush_bytes=+0 park_resets=+0 traces_live 0 -> 0 armed=0 state=0 stepmul=200 threshold=707000 gctotal=427042 ccap=518818 cused=427042 parked=false wallstats=present running=true
    g-record-r2-C-O CAP-LIVE| used=354016 kernelMemory=164923 user=189093 count(3 collects)=354032/353968/353968 total=518818 traces_live=0
    g-record-r2-C-O CAP-GC| collects=+124 bailouts=+0 overdrafts=+3061 od_peak=32750 od_state=0 park_resets=+0 od_limit=32768 kslice=16384 gc_low=350047 armby=1 window=n/a lends=+n/a win=n/a refused=n/a end: armed=0 state=0 stepmul=200 threshold=700000 gctotal=380203 ccap=518818 cused=380203 parked=false
    g-record-r2-C-O CAP-X| batch=10 junk=24 OCLJCAPX=66/650/1/0 traces(start/abort) 0/0 -> 0/0 class=CLEAN site=-
    g-record-r2-C-O SMOKE| MILESTONE km-1-kernel-init-compiles-nothing: PASS -- traces live at the kernelMemory baseline = 0; kernelMemory=164923
    g-record-r2-C-O SMOKE| MILESTONE cap-1-refusal-caught-machine-survives: PASS -- shape=record OCLJCAP=done/659/not_enough_memory running=true lastError=<null>
g-record-r2-W-O exit=0 CLASS=CLEAN APACITY| shape=record native=additive jit=off jitearly=off tier=192KB scale=1.8 kernelMemory=164923 held=603 why=not_enough_memory t_first5=0.0001 t_last5=0.0026 batches=61 last/first=26.00 freeKB_at_end/totalKB=0/192 arms=+113 refusals=+1 trace_flushes=+0 fill_ms=2237 queued=true running=true lastError=<null>
    g-record-r2-W-O CAP-IDLE| ticks=400 arms=+1 collects=+1 bailouts=+0 refusals=+0 trace_flushes=+0 trace_flush_bytes=+0 park_resets=+0 traces_live 0 -> 0 armed=0 state=0 stepmul=200 threshold=706600 gctotal=368154 ccap=518818 cused=368154 parked=false wallstats=present running=true
    g-record-r2-W-O CAP-LIVE| used=353808 kernelMemory=164923 user=188885 count(3 collects)=353824/353760/353760 total=518818 traces_live=0
    g-record-r2-W-O CAP-GC| collects=+113 bailouts=+0 overdrafts=+1714 od_peak=16458 od_state=0 park_resets=+0 od_limit=32768 kslice=16384 gc_low=349839 armby=1 window=4096 lends=+5 win=0 refused=40 end: armed=0 state=0 stepmul=200 threshold=699600 gctotal=386179 ccap=518818 cused=386179 parked=false
    g-record-r2-W-O CAP-X| batch=10 junk=24 OCLJCAPX=61/600/0/0 traces(start/abort) 0/0 -> 0/0 class=CLEAN site=-
    g-record-r2-W-O SMOKE| MILESTONE km-1-kernel-init-compiles-nothing: PASS -- traces live at the kernelMemory baseline = 0; kernelMemory=164923
    g-record-r2-W-O SMOKE| MILESTONE cap-1-refusal-caught-machine-survives: PASS -- shape=record OCLJCAP=done/603/not_enough_memory running=true lastError=<null>
g-record-r2-C-D exit=1 CLASS=DOWN APACITY| shape=record native=additive jit=on jitearly=- tier=192KB scale=1.8 kernelMemory=164923 held=? why=? t_first5=0.0001 t_last5=0.0002 batches=59 last/first=2.00 freeKB_at_end/totalKB=-1/-1 arms=+124 refusals=+6 trace_flushes=+26 fill_ms=968 queued=true running=false lastError=not enough memory
    g-record-r2-C-D CAP-IDLE| ticks=400 arms=+20 collects=+20 bailouts=+0 refusals=+0 trace_flushes=+0 trace_flush_bytes=+0 park_resets=+0 traces_live 48 -> 61 armed=0 state=0 stepmul=200 threshold=816400 gctotal=412744 ccap=518818 cused=412744 parked=false wallstats=present running=true
    g-record-r2-C-D CAP-LIVE| used=408266 kernelMemory=164923 user=243343 count(3 collects)=408218/408218/408218 total=518818 traces_live=61
    g-record-r2-C-D CAP-GC| collects=+123 bailouts=+0 overdrafts=+2753 od_peak=32944 od_state=1 park_resets=+0 od_limit=32768 kslice=16384 gc_low=550822 armby=1 window=n/a lends=+n/a win=n/a refused=n/a end: armed=1 state=0 stepmul=0 threshold=1086200 gctotal=543194 ccap=2147483647 cused=543194 parked=true
    g-record-r2-C-D CAP-X| batch=10 junk=24 OCLJCAPX=59/590/0/0 traces(start/abort) 325/172 -> n/a class=DOWN site=-
    g-record-r2-C-D SMOKE| MILESTONE km-1-kernel-init-compiles-nothing: PASS -- traces live at the kernelMemory baseline = 0; kernelMemory=164923
    g-record-r2-C-D SMOKE| MILESTONE cap-1-refusal-caught-machine-survives: FAIL -- shape=record OCLJCAP=filling/590 running=false lastError=not enough memory   <- a refusal took the MACHINE down: raised where no handler of the program caught it (OpenOS's dispatcher, the kernel, or the probe's own allocations between batches)
    g-record-r2-C-D     SMOKE| MILESTONE cap-1-refusal-caught-machine-survives: FAIL -- shape=record OCLJCAP=filling/590 running=false lastError=not enough memory   <- a refusal took the MACHINE down: raised where no handler of the program caught it (OpenOS's dispatcher, the kernel, or the probe's own allocations between batches)
g-record-r2-W-D exit=0 CLASS=CLEAN APACITY| shape=record native=additive jit=on jitearly=- tier=192KB scale=1.8 kernelMemory=164923 held=616 why=not_enough_memory t_first5=0.0004 t_last5=0.0014 batches=62 last/first=3.50 freeKB_at_end/totalKB=0/192 arms=+189 refusals=+3 trace_flushes=+29 fill_ms=2240 queued=true running=true lastError=<null>
    g-record-r2-W-D CAP-IDLE| ticks=400 arms=+20 collects=+20 bailouts=+0 refusals=+0 trace_flushes=+0 trace_flush_bytes=+0 park_resets=+0 traces_live 54 -> 67 armed=0 state=0 stepmul=200 threshold=829000 gctotal=422580 ccap=518818 cused=422580 parked=false wallstats=present running=true
    g-record-r2-W-D CAP-LIVE| used=414970 kernelMemory=164923 user=250047 count(3 collects)=414986/414922/414922 total=518818 traces_live=67
    g-record-r2-W-D CAP-GC| collects=+189 bailouts=+0 overdrafts=+2857 od_peak=34056 od_state=0 park_resets=+0 od_limit=32768 kslice=16384 gc_low=385745 armby=0 window=4096 lends=+38 win=0 refused=52 end: armed=0 state=0 stepmul=200 threshold=771400 gctotal=420821 ccap=518818 cused=420821 parked=false
    g-record-r2-W-D CAP-X| batch=10 junk=24 OCLJCAPX=62/610/2/0 traces(start/abort) 340/187 -> 610/244 class=CLEAN site=-
    g-record-r2-W-D SMOKE| MILESTONE km-1-kernel-init-compiles-nothing: PASS -- traces live at the kernelMemory baseline = 0; kernelMemory=164923
    g-record-r2-W-D SMOKE| MILESTONE cap-1-refusal-caught-machine-survives: PASS -- shape=record OCLJCAP=done/616/not_enough_memory running=true lastError=<null>
g-record-r2-C-L exit=0 CLASS=CLEAN APACITY| shape=record native=luajit jit=on jitearly=- tier=192KB scale=1.8 kernelMemory=164247 held=626 why=not_enough_memory t_first5=0.0001 t_last5=0.0016 batches=63 last/first=16.00 freeKB_at_end/totalKB=0/192 arms=+175 refusals=+4 trace_flushes=+30 fill_ms=2489 queued=true running=true lastError=<null>
    g-record-r2-C-L CAP-IDLE| ticks=400 arms=+20 collects=+20 bailouts=+0 refusals=+0 trace_flushes=+0 trace_flush_bytes=+0 park_resets=+0 traces_live 46 -> 65 armed=0 state=0 stepmul=200 threshold=830000 gctotal=422488 ccap=0 cused=422488 parked=false wallstats=present running=true
    g-record-r2-C-L CAP-LIVE| used=415510 kernelMemory=164247 user=251263 count(3 collects)=415526/415462/415462 total=518142 traces_live=65
    g-record-r2-C-L CAP-GC| collects=+175 bailouts=+0 overdrafts=+5734 od_peak=32896 od_state=0 park_resets=+0 od_limit=32768 kslice=16384 gc_low=358421 armby=2 window=n/a lends=+n/a win=n/a refused=n/a end: armed=0 state=0 stepmul=200 threshold=764800 gctotal=419309 ccap=0 cused=419309 parked=false
    g-record-r2-C-L CAP-X| batch=10 junk=24 OCLJCAPX=63/620/1/0 traces(start/abort) 325/178 -> 589/233 class=CLEAN site=-
    g-record-r2-C-L SMOKE| MILESTONE km-1-kernel-init-compiles-nothing: PASS -- traces live at the kernelMemory baseline = 0; kernelMemory=164247
    g-record-r2-C-L SMOKE| MILESTONE cap-1-refusal-caught-machine-survives: PASS -- shape=record OCLJCAP=done/626/not_enough_memory running=true lastError=<null>
g-record-r2-W-L exit=0 CLASS=CLEAN APACITY| shape=record native=luajit jit=on jitearly=- tier=192KB scale=1.8 kernelMemory=164247 held=612 why=not_enough_memory t_first5=0.0001 t_last5=0.0017 batches=62 last/first=17.00 freeKB_at_end/totalKB=0/192 arms=+154 refusals=+4 trace_flushes=+30 fill_ms=2235 queued=true running=true lastError=<null>
    g-record-r2-W-L CAP-IDLE| ticks=400 arms=+20 collects=+20 bailouts=+0 refusals=+0 trace_flushes=+0 trace_flush_bytes=+0 park_resets=+0 traces_live 50 -> 62 armed=0 state=0 stepmul=200 threshold=823800 gctotal=412904 ccap=0 cused=412904 parked=false wallstats=present running=true
    g-record-r2-W-L CAP-LIVE| used=412406 kernelMemory=164247 user=248159 count(3 collects)=412358/412358/412358 total=518142 traces_live=62
    g-record-r2-W-L CAP-GC| collects=+154 bailouts=+0 overdrafts=+2852 od_peak=34672 od_state=0 park_resets=+0 od_limit=32768 kslice=16384 gc_low=385441 armby=0 window=4096 lends=+29 win=0 refused=52 end: armed=0 state=0 stepmul=200 threshold=770800 gctotal=407677 ccap=0 cused=407677 parked=false
    g-record-r2-W-L CAP-X| batch=10 junk=24 OCLJCAPX=62/610/3/0 traces(start/abort) 334/193 -> 567/239 class=CLEAN site=-
    g-record-r2-W-L SMOKE| MILESTONE km-1-kernel-init-compiles-nothing: PASS -- traces live at the kernelMemory baseline = 0; kernelMemory=164247
    g-record-r2-W-L SMOKE| MILESTONE cap-1-refusal-caught-machine-survives: PASS -- shape=record OCLJCAP=done/612/not_enough_memory running=true lastError=<null>
g-record-r3-S exit=0 CLASS=CLEAN APACITY| shape=record native=stock jit=on jitearly=- tier=192KB scale=1.8 kernelMemory=174605 held=259 why=not_enough_memory t_first5=0.0002 t_last5=0.0013 batches=26 last/first=6.50 freeKB_at_end/totalKB=0/192 arms=+n/a refusals=+n/a trace_flushes=+n/a fill_ms=1731 queued=true running=true lastError=<null>
    g-record-r3-S CAP-IDLE| ticks=400 arms=+n/a collects=+n/a bailouts=+n/a refusals=+n/a trace_flushes=+n/a trace_flush_bytes=+n/a park_resets=+n/a traces_live -1 -> -1 armed=n/a state=n/a stepmul=n/a threshold=n/a gctotal=n/a ccap=n/a cused=n/a parked=false wallstats=n/a running=true
    g-record-r3-S CAP-LIVE| used=431798 kernelMemory=174605 user=257193 count(3 collects)=434193/434193/434193 total=528500 traces_live=-1
    g-record-r3-S CAP-GC| collects=+n/a bailouts=+n/a overdrafts=+n/a od_peak=n/a od_state=n/a park_resets=+n/a od_limit=n/a kslice=n/a gc_low=n/a armby=n/a window=n/a lends=+n/a win=n/a refused=n/a end: armed=n/a state=n/a stepmul=n/a threshold=n/a gctotal=n/a ccap=n/a cused=n/a parked=false
    g-record-r3-S CAP-X| batch=10 junk=24 OCLJCAPX=26/250/0/0 traces(start/abort) n/a -> n/a class=CLEAN site=-
    g-record-r3-S SMOKE| MILESTONE km-1-kernel-init-compiles-nothing: SKIP -- kernel=stock: OpenComputers' own kernel has no site 13 (not counted)
    g-record-r3-S SMOKE| MILESTONE cap-1-refusal-caught-machine-survives: PASS -- shape=record OCLJCAP=done/259/not_enough_memory running=true lastError=<null>
g-record-r3-C-O exit=0 CLASS=CLEAN APACITY| shape=record native=additive jit=off jitearly=off tier=192KB scale=1.8 kernelMemory=164923 held=659 why=not_enough_memory t_first5=0.0001 t_last5=0.0023 batches=66 last/first=23.00 freeKB_at_end/totalKB=0/192 arms=+115 refusals=+2 trace_flushes=+0 fill_ms=2497 queued=true running=true lastError=<null>
    g-record-r3-C-O CAP-IDLE| ticks=400 arms=+0 collects=+0 bailouts=+0 refusals=+0 trace_flushes=+0 trace_flush_bytes=+0 park_resets=+0 traces_live 0 -> 0 armed=0 state=0 stepmul=200 threshold=707200 gctotal=426078 ccap=518818 cused=426078 parked=false wallstats=present running=true
    g-record-r3-C-O CAP-LIVE| used=354084 kernelMemory=164923 user=189161 count(3 collects)=354100/354036/354036 total=518818 traces_live=0
    g-record-r3-C-O CAP-GC| collects=+115 bailouts=+0 overdrafts=+3063 od_peak=32738 od_state=0 park_resets=+0 od_limit=32768 kslice=16384 gc_low=350139 armby=1 window=n/a lends=+n/a win=n/a refused=n/a end: armed=0 state=0 stepmul=200 threshold=700200 gctotal=379663 ccap=518818 cused=379663 parked=false
    g-record-r3-C-O CAP-X| batch=10 junk=24 OCLJCAPX=66/650/1/0 traces(start/abort) 0/0 -> 0/0 class=CLEAN site=-
    g-record-r3-C-O SMOKE| MILESTONE km-1-kernel-init-compiles-nothing: PASS -- traces live at the kernelMemory baseline = 0; kernelMemory=164923
    g-record-r3-C-O SMOKE| MILESTONE cap-1-refusal-caught-machine-survives: PASS -- shape=record OCLJCAP=done/659/not_enough_memory running=true lastError=<null>
g-record-r3-W-O exit=0 CLASS=CLEAN APACITY| shape=record native=additive jit=off jitearly=off tier=192KB scale=1.8 kernelMemory=164923 held=603 why=not_enough_memory t_first5=0.0001 t_last5=0.0017 batches=61 last/first=17.00 freeKB_at_end/totalKB=0/192 arms=+120 refusals=+1 trace_flushes=+0 fill_ms=2243 queued=true running=true lastError=<null>
    g-record-r3-W-O CAP-IDLE| ticks=400 arms=+0 collects=+0 bailouts=+0 refusals=+0 trace_flushes=+0 trace_flush_bytes=+0 park_resets=+0 traces_live 0 -> 0 armed=0 state=0 stepmul=200 threshold=707000 gctotal=424450 ccap=518818 cused=424450 parked=false wallstats=present running=true
    g-record-r3-W-O CAP-LIVE| used=354016 kernelMemory=164923 user=189093 count(3 collects)=354032/353968/353968 total=518818 traces_live=0
    g-record-r3-W-O CAP-GC| collects=+120 bailouts=+0 overdrafts=+1714 od_peak=16614 od_state=0 park_resets=+0 od_limit=32768 kslice=16384 gc_low=350047 armby=1 window=4096 lends=+12 win=0 refused=52 end: armed=0 state=0 stepmul=200 threshold=700000 gctotal=357467 ccap=518818 cused=357467 parked=false
    g-record-r3-W-O CAP-X| batch=10 junk=24 OCLJCAPX=61/600/0/0 traces(start/abort) 0/0 -> 0/0 class=CLEAN site=-
    g-record-r3-W-O SMOKE| MILESTONE km-1-kernel-init-compiles-nothing: PASS -- traces live at the kernelMemory baseline = 0; kernelMemory=164923
    g-record-r3-W-O SMOKE| MILESTONE cap-1-refusal-caught-machine-survives: PASS -- shape=record OCLJCAP=done/603/not_enough_memory running=true lastError=<null>
g-record-r3-C-D exit=1 CLASS=DOWN APACITY| shape=record native=additive jit=on jitearly=- tier=192KB scale=1.8 kernelMemory=164923 held=? why=? t_first5=0.0001 t_last5=0.0004 batches=60 last/first=4.00 freeKB_at_end/totalKB=-1/-1 arms=+111 refusals=+6 trace_flushes=+24 fill_ms=965 queued=true running=false lastError=not enough memory
    g-record-r3-C-D CAP-IDLE| ticks=400 arms=+20 collects=+20 bailouts=+0 refusals=+0 trace_flushes=+0 trace_flush_bytes=+0 park_resets=+0 traces_live 51 -> 64 armed=0 state=0 stepmul=200 threshold=814200 gctotal=413920 ccap=518818 cused=413920 parked=false wallstats=present running=true
    g-record-r3-C-D CAP-LIVE| used=407574 kernelMemory=164923 user=242651 count(3 collects)=407590/407526/407526 total=518818 traces_live=64
    g-record-r3-C-D CAP-GC| collects=+110 bailouts=+0 overdrafts=+2356 od_peak=32868 od_state=1 park_resets=+0 od_limit=32768 kslice=16384 gc_low=549966 armby=1 window=n/a lends=+n/a win=n/a refused=n/a end: armed=1 state=0 stepmul=0 threshold=1097600 gctotal=548898 ccap=2147483647 cused=548898 parked=true
    g-record-r3-C-D CAP-X| batch=10 junk=24 OCLJCAPX=60/600/0/0 traces(start/abort) 327/183 -> n/a class=DOWN site=-
    g-record-r3-C-D SMOKE| MILESTONE km-1-kernel-init-compiles-nothing: PASS -- traces live at the kernelMemory baseline = 0; kernelMemory=164923
    g-record-r3-C-D SMOKE| MILESTONE cap-1-refusal-caught-machine-survives: FAIL -- shape=record OCLJCAP=filling/600 running=false lastError=not enough memory   <- a refusal took the MACHINE down: raised where no handler of the program caught it (OpenOS's dispatcher, the kernel, or the probe's own allocations between batches)
    g-record-r3-C-D     SMOKE| MILESTONE cap-1-refusal-caught-machine-survives: FAIL -- shape=record OCLJCAP=filling/600 running=false lastError=not enough memory   <- a refusal took the MACHINE down: raised where no handler of the program caught it (OpenOS's dispatcher, the kernel, or the probe's own allocations between batches)
g-record-r3-W-D exit=0 CLASS=CLEAN APACITY| shape=record native=additive jit=on jitearly=- tier=192KB scale=1.8 kernelMemory=164923 held=550 why=not_enough_memory t_first5=0.0001 t_last5=0.0017 batches=55 last/first=17.00 freeKB_at_end/totalKB=0/192 arms=+99 refusals=+1 trace_flushes=+19 fill_ms=2250 queued=true running=true lastError=<null>
    g-record-r3-W-D CAP-IDLE| ticks=400 arms=+20 collects=+20 bailouts=+0 refusals=+0 trace_flushes=+0 trace_flush_bytes=+0 park_resets=+0 traces_live 54 -> 72 armed=0 state=0 stepmul=200 threshold=838200 gctotal=427224 ccap=518818 cused=427224 parked=false wallstats=present running=true
    g-record-r3-W-D CAP-LIVE| used=419614 kernelMemory=164923 user=254691 count(3 collects)=419630/419566/419566 total=518818 traces_live=72
    g-record-r3-W-D CAP-GC| collects=+99 bailouts=+0 overdrafts=+1073 od_peak=16484 od_state=0 park_resets=+0 od_limit=32768 kslice=16384 gc_low=389197 armby=0 window=4096 lends=+3 win=0 refused=52 end: armed=0 state=0 stepmul=200 threshold=780400 gctotal=419257 ccap=518818 cused=419257 parked=false
    g-record-r3-W-D CAP-X| batch=10 junk=24 OCLJCAPX=55/540/0/0 traces(start/abort) 350/187 -> 565/221 class=CLEAN site=-
    g-record-r3-W-D SMOKE| MILESTONE km-1-kernel-init-compiles-nothing: PASS -- traces live at the kernelMemory baseline = 0; kernelMemory=164923
    g-record-r3-W-D SMOKE| MILESTONE cap-1-refusal-caught-machine-survives: PASS -- shape=record OCLJCAP=done/550/not_enough_memory running=true lastError=<null>
g-record-r3-C-L exit=0 CLASS=CLEAN APACITY| shape=record native=luajit jit=on jitearly=- tier=192KB scale=1.8 kernelMemory=164247 held=614 why=not_enough_memory t_first5=0.0004 t_last5=0.0014 batches=62 last/first=3.50 freeKB_at_end/totalKB=0/192 arms=+169 refusals=+7 trace_flushes=+29 fill_ms=2244 queued=true running=true lastError=<null>
    g-record-r3-C-L CAP-IDLE| ticks=400 arms=+20 collects=+20 bailouts=+0 refusals=+0 trace_flushes=+0 trace_flush_bytes=+0 park_resets=+0 traces_live 57 -> 71 armed=0 state=0 stepmul=200 threshold=832800 gctotal=438560 ccap=0 cused=438560 parked=false wallstats=present running=true
    g-record-r3-C-L CAP-LIVE| used=416590 kernelMemory=164247 user=252343 count(3 collects)=416606/416542/416542 total=518142 traces_live=71
    g-record-r3-C-L CAP-GC| collects=+169 bailouts=+0 overdrafts=+2795 od_peak=32798 od_state=0 park_resets=+0 od_limit=32768 kslice=16384 gc_low=385679 armby=0 window=n/a lends=+n/a win=n/a refused=n/a end: armed=0 state=0 stepmul=200 threshold=772200 gctotal=406903 ccap=0 cused=406903 parked=false
    g-record-r3-C-L CAP-X| batch=10 junk=24 OCLJCAPX=62/610/1/0 traces(start/abort) 347/194 -> 606/243 class=CLEAN site=-
    g-record-r3-C-L SMOKE| MILESTONE km-1-kernel-init-compiles-nothing: PASS -- traces live at the kernelMemory baseline = 0; kernelMemory=164247
    g-record-r3-C-L SMOKE| MILESTONE cap-1-refusal-caught-machine-survives: PASS -- shape=record OCLJCAP=done/614/not_enough_memory running=true lastError=<null>
g-record-r3-W-L exit=0 CLASS=CLEAN APACITY| shape=record native=luajit jit=on jitearly=- tier=192KB scale=1.8 kernelMemory=164247 held=617 why=not_enough_memory t_first5=0.0003 t_last5=0.0011 batches=62 last/first=3.67 freeKB_at_end/totalKB=0/192 arms=+198 refusals=+2 trace_flushes=+28 fill_ms=2240 queued=true running=true lastError=<null>
    g-record-r3-W-L CAP-IDLE| ticks=400 arms=+20 collects=+20 bailouts=+0 refusals=+0 trace_flushes=+0 trace_flush_bytes=+0 park_resets=+0 traces_live 54 -> 68 armed=0 state=0 stepmul=200 threshold=831600 gctotal=416092 ccap=0 cused=416092 parked=false wallstats=present running=true
    g-record-r3-W-L CAP-LIVE| used=416226 kernelMemory=164247 user=251979 count(3 collects)=416178/416178/416178 total=518142 traces_live=68
    g-record-r3-W-L CAP-GC| collects=+198 bailouts=+0 overdrafts=+2962 od_peak=32868 od_state=0 park_resets=+0 od_limit=32768 kslice=16384 gc_low=383725 armby=0 window=4096 lends=+18 win=0 refused=52 end: armed=0 state=0 stepmul=200 threshold=767400 gctotal=405113 ccap=0 cused=405113 parked=false
    g-record-r3-W-L CAP-X| batch=10 junk=24 OCLJCAPX=62/610/1/0 traces(start/abort) 374/210 -> 654/268 class=CLEAN site=-
    g-record-r3-W-L SMOKE| MILESTONE km-1-kernel-init-compiles-nothing: PASS -- traces live at the kernelMemory baseline = 0; kernelMemory=164247
    g-record-r3-W-L SMOKE| MILESTONE cap-1-refusal-caught-machine-survives: PASS -- shape=record OCLJCAP=done/617/not_enough_memory running=true lastError=<null>
g-record-r4-S exit=0 CLASS=CLEAN APACITY| shape=record native=stock jit=on jitearly=- tier=192KB scale=1.8 kernelMemory=174605 held=259 why=not_enough_memory t_first5=0.0004 t_last5=0.0010 batches=26 last/first=2.50 freeKB_at_end/totalKB=0/192 arms=+n/a refusals=+n/a trace_flushes=+n/a fill_ms=1748 queued=true running=true lastError=<null>
    g-record-r4-S CAP-IDLE| ticks=400 arms=+n/a collects=+n/a bailouts=+n/a refusals=+n/a trace_flushes=+n/a trace_flush_bytes=+n/a park_resets=+n/a traces_live -1 -> -1 armed=n/a state=n/a stepmul=n/a threshold=n/a gctotal=n/a ccap=n/a cused=n/a parked=false wallstats=n/a running=true
    g-record-r4-S CAP-LIVE| used=431732 kernelMemory=174605 user=257127 count(3 collects)=434127/434127/434127 total=528500 traces_live=-1
    g-record-r4-S CAP-GC| collects=+n/a bailouts=+n/a overdrafts=+n/a od_peak=n/a od_state=n/a park_resets=+n/a od_limit=n/a kslice=n/a gc_low=n/a armby=n/a window=n/a lends=+n/a win=n/a refused=n/a end: armed=n/a state=n/a stepmul=n/a threshold=n/a gctotal=n/a ccap=n/a cused=n/a parked=false
    g-record-r4-S CAP-X| batch=10 junk=24 OCLJCAPX=26/250/0/0 traces(start/abort) n/a -> n/a class=CLEAN site=-
    g-record-r4-S SMOKE| MILESTONE km-1-kernel-init-compiles-nothing: SKIP -- kernel=stock: OpenComputers' own kernel has no site 13 (not counted)
    g-record-r4-S SMOKE| MILESTONE cap-1-refusal-caught-machine-survives: PASS -- shape=record OCLJCAP=done/259/not_enough_memory running=true lastError=<null>
g-record-r4-C-O exit=0 CLASS=CLEAN APACITY| shape=record native=additive jit=off jitearly=off tier=192KB scale=1.8 kernelMemory=164923 held=660 why=not_enough_memory t_first5=0.0001 t_last5=0.0018 batches=66 last/first=18.00 freeKB_at_end/totalKB=0/192 arms=+119 refusals=+2 trace_flushes=+0 fill_ms=2492 queued=true running=true lastError=<null>
    g-record-r4-C-O CAP-IDLE| ticks=400 arms=+1 collects=+1 bailouts=+0 refusals=+0 trace_flushes=+0 trace_flush_bytes=+0 park_resets=+0 traces_live 0 -> 0 armed=0 state=0 stepmul=200 threshold=706600 gctotal=368154 ccap=518818 cused=368154 parked=false wallstats=present running=true
    g-record-r4-C-O CAP-LIVE| used=353808 kernelMemory=164923 user=188885 count(3 collects)=353824/353760/353760 total=518818 traces_live=0
    g-record-r4-C-O CAP-GC| collects=+119 bailouts=+0 overdrafts=+3030 od_peak=32726 od_state=0 park_resets=+0 od_limit=32768 kslice=16384 gc_low=349839 armby=1 window=n/a lends=+n/a win=n/a refused=n/a end: armed=0 state=0 stepmul=200 threshold=699600 gctotal=364627 ccap=518818 cused=364627 parked=false
    g-record-r4-C-O CAP-X| batch=10 junk=24 OCLJCAPX=66/650/1/0 traces(start/abort) 0/0 -> 0/0 class=CLEAN site=-
    g-record-r4-C-O SMOKE| MILESTONE km-1-kernel-init-compiles-nothing: PASS -- traces live at the kernelMemory baseline = 0; kernelMemory=164923
    g-record-r4-C-O SMOKE| MILESTONE cap-1-refusal-caught-machine-survives: PASS -- shape=record OCLJCAP=done/660/not_enough_memory running=true lastError=<null>
g-record-r4-W-O exit=0 CLASS=CLEAN APACITY| shape=record native=additive jit=off jitearly=off tier=192KB scale=1.8 kernelMemory=164923 held=602 why=not_enough_memory t_first5=0.0001 t_last5=0.0012 batches=61 last/first=12.00 freeKB_at_end/totalKB=0/192 arms=+167 refusals=+1 trace_flushes=+0 fill_ms=2246 queued=true running=true lastError=<null>
    g-record-r4-W-O CAP-IDLE| ticks=400 arms=+1 collects=+1 bailouts=+0 refusals=+0 trace_flushes=+0 trace_flush_bytes=+0 park_resets=+0 traces_live 0 -> 0 armed=0 state=0 stepmul=200 threshold=707600 gctotal=375942 ccap=518818 cused=375942 parked=false wallstats=present running=true
    g-record-r4-W-O CAP-LIVE| used=354228 kernelMemory=164923 user=189305 count(3 collects)=354244/354180/354180 total=518818 traces_live=0
    g-record-r4-W-O CAP-GC| collects=+167 bailouts=+0 overdrafts=+1710 od_peak=16666 od_state=0 park_resets=+0 od_limit=32768 kslice=16384 gc_low=350259 armby=1 window=4096 lends=+81 win=0 refused=52 end: armed=0 state=0 stepmul=200 threshold=700400 gctotal=350543 ccap=518818 cused=350543 parked=false
    g-record-r4-W-O CAP-X| batch=10 junk=24 OCLJCAPX=61/600/0/0 traces(start/abort) 0/0 -> 0/0 class=CLEAN site=-
    g-record-r4-W-O SMOKE| MILESTONE km-1-kernel-init-compiles-nothing: PASS -- traces live at the kernelMemory baseline = 0; kernelMemory=164923
    g-record-r4-W-O SMOKE| MILESTONE cap-1-refusal-caught-machine-survives: PASS -- shape=record OCLJCAP=done/602/not_enough_memory running=true lastError=<null>
g-record-r4-C-D exit=0 CLASS=CLEAN APACITY| shape=record native=additive jit=on jitearly=- tier=192KB scale=1.8 kernelMemory=164923 held=619 why=not_enough_memory t_first5=0.0002 t_last5=0.0008 batches=62 last/first=4.00 freeKB_at_end/totalKB=0/192 arms=+135 refusals=+5 trace_flushes=+30 fill_ms=2250 queued=true running=true lastError=<null>
    g-record-r4-C-D CAP-IDLE| ticks=400 arms=+20 collects=+20 bailouts=+0 refusals=+0 trace_flushes=+0 trace_flush_bytes=+0 park_resets=+0 traces_live 54 -> 61 armed=0 state=0 stepmul=200 threshold=815800 gctotal=426248 ccap=518818 cused=426248 parked=false wallstats=present running=true
    g-record-r4-C-D CAP-LIVE| used=408050 kernelMemory=164923 user=243127 count(3 collects)=408066/408002/408002 total=518818 traces_live=61
    g-record-r4-C-D CAP-GC| collects=+135 bailouts=+0 overdrafts=+2780 od_peak=32904 od_state=0 park_resets=+0 od_limit=32768 kslice=16384 gc_low=385465 armby=0 window=n/a lends=+n/a win=n/a refused=n/a end: armed=0 state=0 stepmul=200 threshold=771000 gctotal=392949 ccap=518818 cused=392949 parked=false
    g-record-r4-C-D CAP-X| batch=10 junk=24 OCLJCAPX=62/610/2/0 traces(start/abort) 347/198 -> 608/252 class=CLEAN site=-
    g-record-r4-C-D SMOKE| MILESTONE km-1-kernel-init-compiles-nothing: PASS -- traces live at the kernelMemory baseline = 0; kernelMemory=164923
    g-record-r4-C-D SMOKE| MILESTONE cap-1-refusal-caught-machine-survives: PASS -- shape=record OCLJCAP=done/619/not_enough_memory running=true lastError=<null>
g-record-r4-W-D exit=0 CLASS=CLEAN APACITY| shape=record native=additive jit=on jitearly=- tier=192KB scale=1.8 kernelMemory=164923 held=618 why=not_enough_memory t_first5=0.0002 t_last5=0.0011 batches=62 last/first=5.50 freeKB_at_end/totalKB=0/192 arms=+150 refusals=+3 trace_flushes=+26 fill_ms=2238 queued=true running=true lastError=<null>
    g-record-r4-W-D CAP-IDLE| ticks=400 arms=+20 collects=+20 bailouts=+0 refusals=+0 trace_flushes=+0 trace_flush_bytes=+0 park_resets=+0 traces_live 65 -> 76 armed=0 state=0 stepmul=200 threshold=839400 gctotal=428976 ccap=518818 cused=428976 parked=false wallstats=present running=true
    g-record-r4-W-D CAP-LIVE| used=420818 kernelMemory=164923 user=255895 count(3 collects)=420770/420770/420770 total=518818 traces_live=76
    g-record-r4-W-D CAP-GC| collects=+150 bailouts=+0 overdrafts=+2896 od_peak=33892 od_state=0 park_resets=+0 od_limit=32768 kslice=16384 gc_low=389877 armby=0 window=4096 lends=+29 win=0 refused=52 end: armed=0 state=0 stepmul=200 threshold=779600 gctotal=427021 ccap=518818 cused=427021 parked=false
    g-record-r4-W-D CAP-X| batch=10 junk=24 OCLJCAPX=62/610/2/0 traces(start/abort) 336/175 -> 581/219 class=CLEAN site=-
    g-record-r4-W-D SMOKE| MILESTONE km-1-kernel-init-compiles-nothing: PASS -- traces live at the kernelMemory baseline = 0; kernelMemory=164923
    g-record-r4-W-D SMOKE| MILESTONE cap-1-refusal-caught-machine-survives: PASS -- shape=record OCLJCAP=done/618/not_enough_memory running=true lastError=<null>
g-record-r4-C-L exit=0 CLASS=CLEAN APACITY| shape=record native=luajit jit=on jitearly=- tier=192KB scale=1.8 kernelMemory=164247 held=618 why=not_enough_memory t_first5=0.0002 t_last5=0.0012 batches=62 last/first=6.00 freeKB_at_end/totalKB=0/192 arms=+142 refusals=+5 trace_flushes=+28 fill_ms=2238 queued=true running=true lastError=<null>
    g-record-r4-C-L CAP-IDLE| ticks=400 arms=+20 collects=+20 bailouts=+0 refusals=+0 trace_flushes=+0 trace_flush_bytes=+0 park_resets=+0 traces_live 53 -> 63 armed=0 state=0 stepmul=200 threshold=817600 gctotal=409180 ccap=0 cused=409180 parked=false wallstats=present running=true
    g-record-r4-C-L CAP-LIVE| used=409314 kernelMemory=164247 user=245067 count(3 collects)=409266/409266/409266 total=518142 traces_live=63
    g-record-r4-C-L CAP-GC| collects=+142 bailouts=+0 overdrafts=+2727 od_peak=32860 od_state=0 park_resets=+0 od_limit=32768 kslice=16384 gc_low=383017 armby=0 window=n/a lends=+n/a win=n/a refused=n/a end: armed=0 state=0 stepmul=200 threshold=772600 gctotal=408405 ccap=0 cused=408405 parked=false
    g-record-r4-C-L CAP-X| batch=10 junk=24 OCLJCAPX=62/610/2/0 traces(start/abort) 353/196 -> 577/239 class=CLEAN site=-
    g-record-r4-C-L SMOKE| MILESTONE km-1-kernel-init-compiles-nothing: PASS -- traces live at the kernelMemory baseline = 0; kernelMemory=164247
    g-record-r4-C-L SMOKE| MILESTONE cap-1-refusal-caught-machine-survives: PASS -- shape=record OCLJCAP=done/618/not_enough_memory running=true lastError=<null>
g-record-r4-W-L exit=0 CLASS=CLEAN APACITY| shape=record native=luajit jit=on jitearly=- tier=192KB scale=1.8 kernelMemory=164247 held=610 why=not_enough_memory t_first5=0.0001 t_last5=0.0013 batches=61 last/first=13.00 freeKB_at_end/totalKB=0/192 arms=+150 refusals=+2 trace_flushes=+27 fill_ms=2233 queued=true running=true lastError=<null>
    g-record-r4-W-L CAP-IDLE| ticks=400 arms=+20 collects=+20 bailouts=+0 refusals=+0 trace_flushes=+0 trace_flush_bytes=+0 park_resets=+0 traces_live 53 -> 62 armed=0 state=0 stepmul=200 threshold=817200 gctotal=423416 ccap=0 cused=423416 parked=false wallstats=present running=true
    g-record-r4-W-L CAP-LIVE| used=409070 kernelMemory=164247 user=244823 count(3 collects)=409086/409022/409022 total=518142 traces_live=62
    g-record-r4-W-L CAP-GC| collects=+150 bailouts=+0 overdrafts=+2782 od_peak=32836 od_state=0 park_resets=+0 od_limit=32768 kslice=16384 gc_low=390237 armby=0 window=4096 lends=+7 win=0 refused=52 end: armed=0 state=0 stepmul=200 threshold=780400 gctotal=425945 ccap=0 cused=425945 parked=false
    g-record-r4-W-L CAP-X| batch=10 junk=24 OCLJCAPX=61/600/1/0 traces(start/abort) 355/205 -> 592/257 class=CLEAN site=-
    g-record-r4-W-L SMOKE| MILESTONE km-1-kernel-init-compiles-nothing: PASS -- traces live at the kernelMemory baseline = 0; kernelMemory=164247
    g-record-r4-W-L SMOKE| MILESTONE cap-1-refusal-caught-machine-survives: PASS -- shape=record OCLJCAP=done/610/not_enough_memory running=true lastError=<null>
g-record-r5-S exit=0 CLASS=CLEAN APACITY| shape=record native=stock jit=on jitearly=- tier=192KB scale=1.8 kernelMemory=174605 held=259 why=not_enough_memory t_first5=0.0002 t_last5=0.0015 batches=26 last/first=7.50 freeKB_at_end/totalKB=0/192 arms=+n/a refusals=+n/a trace_flushes=+n/a fill_ms=1745 queued=true running=true lastError=<null>
    g-record-r5-S CAP-IDLE| ticks=400 arms=+n/a collects=+n/a bailouts=+n/a refusals=+n/a trace_flushes=+n/a trace_flush_bytes=+n/a park_resets=+n/a traces_live -1 -> -1 armed=n/a state=n/a stepmul=n/a threshold=n/a gctotal=n/a ccap=n/a cused=n/a parked=false wallstats=n/a running=true
    g-record-r5-S CAP-LIVE| used=431732 kernelMemory=174605 user=257127 count(3 collects)=434127/434127/434127 total=528500 traces_live=-1
    g-record-r5-S CAP-GC| collects=+n/a bailouts=+n/a overdrafts=+n/a od_peak=n/a od_state=n/a park_resets=+n/a od_limit=n/a kslice=n/a gc_low=n/a armby=n/a window=n/a lends=+n/a win=n/a refused=n/a end: armed=n/a state=n/a stepmul=n/a threshold=n/a gctotal=n/a ccap=n/a cused=n/a parked=false
    g-record-r5-S CAP-X| batch=10 junk=24 OCLJCAPX=26/250/0/0 traces(start/abort) n/a -> n/a class=CLEAN site=-
    g-record-r5-S SMOKE| MILESTONE km-1-kernel-init-compiles-nothing: SKIP -- kernel=stock: OpenComputers' own kernel has no site 13 (not counted)
    g-record-r5-S SMOKE| MILESTONE cap-1-refusal-caught-machine-survives: PASS -- shape=record OCLJCAP=done/259/not_enough_memory running=true lastError=<null>
g-record-r5-C-O exit=0 CLASS=CLEAN APACITY| shape=record native=additive jit=off jitearly=off tier=192KB scale=1.8 kernelMemory=164923 held=659 why=not_enough_memory t_first5=0.0001 t_last5=0.0018 batches=66 last/first=18.00 freeKB_at_end/totalKB=0/192 arms=+112 refusals=+2 trace_flushes=+0 fill_ms=2496 queued=true running=true lastError=<null>
    g-record-r5-C-O CAP-IDLE| ticks=400 arms=+5 collects=+5 bailouts=+0 refusals=+0 trace_flushes=+0 trace_flush_bytes=+0 park_resets=+0 traces_live 0 -> 0 armed=0 state=0 stepmul=200 threshold=707000 gctotal=376994 ccap=518818 cused=376994 parked=false wallstats=present running=true
    g-record-r5-C-O CAP-LIVE| used=354016 kernelMemory=164923 user=189093 count(3 collects)=354032/353968/353968 total=518818 traces_live=0
    g-record-r5-C-O CAP-GC| collects=+112 bailouts=+0 overdrafts=+3062 od_peak=32750 od_state=0 park_resets=+0 od_limit=32768 kslice=16384 gc_low=350047 armby=1 window=n/a lends=+n/a win=n/a refused=n/a end: armed=0 state=0 stepmul=200 threshold=700000 gctotal=373467 ccap=518818 cused=373467 parked=false
    g-record-r5-C-O CAP-X| batch=10 junk=24 OCLJCAPX=66/650/1/0 traces(start/abort) 0/0 -> 0/0 class=CLEAN site=-
    g-record-r5-C-O SMOKE| MILESTONE km-1-kernel-init-compiles-nothing: PASS -- traces live at the kernelMemory baseline = 0; kernelMemory=164923
    g-record-r5-C-O SMOKE| MILESTONE cap-1-refusal-caught-machine-survives: PASS -- shape=record OCLJCAP=done/659/not_enough_memory running=true lastError=<null>
g-record-r5-W-O exit=0 CLASS=CLEAN APACITY| shape=record native=additive jit=off jitearly=off tier=192KB scale=1.8 kernelMemory=164923 held=602 why=not_enough_memory t_first5=0.0003 t_last5=0.0014 batches=61 last/first=4.67 freeKB_at_end/totalKB=0/192 arms=+122 refusals=+1 trace_flushes=+0 fill_ms=2244 queued=true running=true lastError=<null>
    g-record-r5-W-O CAP-IDLE| ticks=400 arms=+2 collects=+2 bailouts=+0 refusals=+0 trace_flushes=+0 trace_flush_bytes=+0 park_resets=+0 traces_live 0 -> 0 armed=0 state=0 stepmul=200 threshold=707200 gctotal=369062 ccap=518818 cused=369062 parked=false wallstats=present running=true
    g-record-r5-W-O CAP-LIVE| used=354084 kernelMemory=164923 user=189161 count(3 collects)=354100/354036/354036 total=518818 traces_live=0
    g-record-r5-W-O CAP-GC| collects=+122 bailouts=+0 overdrafts=+1712 od_peak=16682 od_state=0 park_resets=+0 od_limit=32768 kslice=16384 gc_low=350115 armby=1 window=4096 lends=+31 win=0 refused=88 end: armed=0 state=0 stepmul=200 threshold=700200 gctotal=386455 ccap=518818 cused=386455 parked=false
    g-record-r5-W-O CAP-X| batch=10 junk=24 OCLJCAPX=61/600/0/0 traces(start/abort) 0/0 -> 0/0 class=CLEAN site=-
    g-record-r5-W-O SMOKE| MILESTONE km-1-kernel-init-compiles-nothing: PASS -- traces live at the kernelMemory baseline = 0; kernelMemory=164923
    g-record-r5-W-O SMOKE| MILESTONE cap-1-refusal-caught-machine-survives: PASS -- shape=record OCLJCAP=done/602/not_enough_memory running=true lastError=<null>
g-record-r5-C-D exit=1 CLASS=STALL APACITY| shape=record native=additive jit=on jitearly=- tier=192KB scale=1.8 kernelMemory=164923 held=? why=? t_first5=0.0004 t_last5=0.0005 batches=61 last/first=1.25 freeKB_at_end/totalKB=-1/-1 arms=+564 refusals=+5 trace_flushes=+27 fill_ms=249805 queued=true running=true lastError=<null>
    g-record-r5-C-D CAP-IDLE| ticks=400 arms=+20 collects=+20 bailouts=+0 refusals=+0 trace_flushes=+0 trace_flush_bytes=+0 park_resets=+0 traces_live 37 -> 59 armed=0 state=0 stepmul=200 threshold=826600 gctotal=426916 ccap=518818 cused=426916 parked=false wallstats=present running=true
    g-record-r5-C-D CAP-LIVE| used=413242 kernelMemory=164923 user=248319 count(3 collects)=413258/413194/413194 total=518818 traces_live=59
    g-record-r5-C-D CAP-GC| collects=+564 bailouts=+0 overdrafts=+2748 od_peak=32842 od_state=0 park_resets=+0 od_limit=32768 kslice=16384 gc_low=405431 armby=0 window=n/a lends=+n/a win=n/a refused=n/a end: armed=0 state=0 stepmul=200 threshold=810800 gctotal=426939 ccap=518818 cused=426939 parked=false
    g-record-r5-C-D CAP-X| batch=10 junk=24 OCLJCAPX=61/600/1/1 traces(start/abort) 377/218 -> 817/447 class=STALL site=event.timer
    g-record-r5-C-D SMOKE| MILESTONE km-1-kernel-init-compiles-nothing: PASS -- traces live at the kernelMemory baseline = 0; kernelMemory=164923
    g-record-r5-C-D SMOKE| MILESTONE cap-1-refusal-caught-machine-survives: FAIL -- shape=record OCLJCAP=filling/610 running=true lastError=<null>   <- stuck at filling/610 with the machine up, the refusal path never reached (cap 8000 ticks)
    g-record-r5-C-D     SMOKE| MILESTONE cap-1-refusal-caught-machine-survives: FAIL -- shape=record OCLJCAP=filling/610 running=true lastError=<null>   <- stuck at filling/610 with the machine up, the refusal path never reached (cap 8000 ticks)
g-record-r5-W-D exit=0 CLASS=CLEAN APACITY| shape=record native=additive jit=on jitearly=- tier=192KB scale=1.8 kernelMemory=164923 held=550 why=not_enough_memory t_first5=0.0001 t_last5=0.0021 batches=55 last/first=21.00 freeKB_at_end/totalKB=0/192 arms=+102 refusals=+1 trace_flushes=+22 fill_ms=2244 queued=true running=true lastError=<null>
    g-record-r5-W-D CAP-IDLE| ticks=400 arms=+20 collects=+20 bailouts=+0 refusals=+0 trace_flushes=+0 trace_flush_bytes=+0 park_resets=+0 traces_live 44 -> 64 armed=0 state=0 stepmul=200 threshold=818800 gctotal=420600 ccap=518818 cused=420600 parked=false wallstats=present running=true
    g-record-r5-W-D CAP-LIVE| used=409526 kernelMemory=164923 user=244603 count(3 collects)=409542/409478/409478 total=518818 traces_live=64
    g-record-r5-W-D CAP-GC| collects=+102 bailouts=+0 overdrafts=+1052 od_peak=17180 od_state=0 park_resets=+0 od_limit=32768 kslice=16384 gc_low=387541 armby=0 window=4096 lends=+10 win=0 refused=52 end: armed=0 state=0 stepmul=200 threshold=775000 gctotal=387825 ccap=518818 cused=387825 parked=false
    g-record-r5-W-D CAP-X| batch=10 junk=24 OCLJCAPX=55/540/0/0 traces(start/abort) 321/165 -> 552/212 class=CLEAN site=-
    g-record-r5-W-D SMOKE| MILESTONE km-1-kernel-init-compiles-nothing: PASS -- traces live at the kernelMemory baseline = 0; kernelMemory=164923
    g-record-r5-W-D SMOKE| MILESTONE cap-1-refusal-caught-machine-survives: PASS -- shape=record OCLJCAP=done/550/not_enough_memory running=true lastError=<null>
g-record-r5-C-L exit=1 CLASS=DOWN APACITY| shape=record native=luajit jit=on jitearly=- tier=192KB scale=1.8 kernelMemory=164247 held=? why=? t_first5=0.0002 t_last5=0.0006 batches=59 last/first=3.00 freeKB_at_end/totalKB=-1/-1 arms=+139 refusals=+16 trace_flushes=+25 fill_ms=990 queued=true running=false lastError=not enough memory
    g-record-r5-C-L CAP-IDLE| ticks=400 arms=+20 collects=+20 bailouts=+0 refusals=+0 trace_flushes=+0 trace_flush_bytes=+0 park_resets=+0 traces_live 55 -> 68 armed=0 state=0 stepmul=200 threshold=839400 gctotal=420024 ccap=0 cused=420024 parked=false wallstats=present running=true
    g-record-r5-C-L CAP-LIVE| used=420158 kernelMemory=164247 user=255911 count(3 collects)=420110/420110/420110 total=518142 traces_live=68
    g-record-r5-C-L CAP-GC| collects=+138 bailouts=+0 overdrafts=+2540 od_peak=33076 od_state=1 park_resets=+0 od_limit=32768 kslice=16384 gc_low=550278 armby=1 window=n/a lends=+n/a win=n/a refused=n/a end: armed=1 state=0 stepmul=0 threshold=1085200 gctotal=542726 ccap=0 cused=542726 parked=true
    g-record-r5-C-L CAP-X| batch=10 junk=24 OCLJCAPX=59/590/0/0 traces(start/abort) 323/175 -> n/a class=DOWN site=-
    g-record-r5-C-L SMOKE| MILESTONE km-1-kernel-init-compiles-nothing: PASS -- traces live at the kernelMemory baseline = 0; kernelMemory=164247
    g-record-r5-C-L SMOKE| MILESTONE cap-1-refusal-caught-machine-survives: FAIL -- shape=record OCLJCAP=filling/590 running=false lastError=not enough memory   <- a refusal took the MACHINE down: raised where no handler of the program caught it (OpenOS's dispatcher, the kernel, or the probe's own allocations between batches)
    g-record-r5-C-L     SMOKE| MILESTONE cap-1-refusal-caught-machine-survives: FAIL -- shape=record OCLJCAP=filling/590 running=false lastError=not enough memory   <- a refusal took the MACHINE down: raised where no handler of the program caught it (OpenOS's dispatcher, the kernel, or the probe's own allocations between batches)
g-record-r5-W-L exit=0 CLASS=CLEAN APACITY| shape=record native=luajit jit=on jitearly=- tier=192KB scale=1.8 kernelMemory=164247 held=615 why=not_enough_memory t_first5=0.0005 t_last5=0.0020 batches=62 last/first=4.00 freeKB_at_end/totalKB=0/192 arms=+216 refusals=+2 trace_flushes=+30 fill_ms=2477 queued=true running=true lastError=<null>
    g-record-r5-W-L CAP-IDLE| ticks=400 arms=+20 collects=+20 bailouts=+0 refusals=+0 trace_flushes=+0 trace_flush_bytes=+0 park_resets=+0 traces_live 55 -> 72 armed=0 state=0 stepmul=200 threshold=832200 gctotal=424208 ccap=0 cused=424208 parked=false wallstats=present running=true
    g-record-r5-W-L CAP-LIVE| used=416598 kernelMemory=164247 user=252351 count(3 collects)=416614/416550/416550 total=518142 traces_live=72
    g-record-r5-W-L CAP-GC| collects=+216 bailouts=+0 overdrafts=+2998 od_peak=34752 od_state=0 park_resets=+0 od_limit=32768 kslice=16384 gc_low=389293 armby=0 window=4096 lends=+94 win=0 refused=52 end: armed=0 state=0 stepmul=200 threshold=778400 gctotal=389577 ccap=0 cused=389577 parked=false
    g-record-r5-W-L CAP-X| batch=10 junk=24 OCLJCAPX=62/610/1/0 traces(start/abort) 331/175 -> 607/218 class=CLEAN site=-
    g-record-r5-W-L SMOKE| MILESTONE km-1-kernel-init-compiles-nothing: PASS -- traces live at the kernelMemory baseline = 0; kernelMemory=164247
    g-record-r5-W-L SMOKE| MILESTONE cap-1-refusal-caught-machine-survives: PASS -- shape=record OCLJCAP=done/615/not_enough_memory running=true lastError=<null>
g-record-r6-S exit=0 CLASS=CLEAN APACITY| shape=record native=stock jit=on jitearly=- tier=192KB scale=1.8 kernelMemory=174605 held=259 why=not_enough_memory t_first5=0.0002 t_last5=0.0008 batches=26 last/first=4.00 freeKB_at_end/totalKB=0/192 arms=+n/a refusals=+n/a trace_flushes=+n/a fill_ms=1736 queued=true running=true lastError=<null>
    g-record-r6-S CAP-IDLE| ticks=400 arms=+n/a collects=+n/a bailouts=+n/a refusals=+n/a trace_flushes=+n/a trace_flush_bytes=+n/a park_resets=+n/a traces_live -1 -> -1 armed=n/a state=n/a stepmul=n/a threshold=n/a gctotal=n/a ccap=n/a cused=n/a parked=false wallstats=n/a running=true
    g-record-r6-S CAP-LIVE| used=431798 kernelMemory=174605 user=257193 count(3 collects)=434193/434193/434193 total=528500 traces_live=-1
    g-record-r6-S CAP-GC| collects=+n/a bailouts=+n/a overdrafts=+n/a od_peak=n/a od_state=n/a park_resets=+n/a od_limit=n/a kslice=n/a gc_low=n/a armby=n/a window=n/a lends=+n/a win=n/a refused=n/a end: armed=n/a state=n/a stepmul=n/a threshold=n/a gctotal=n/a ccap=n/a cused=n/a parked=false
    g-record-r6-S CAP-X| batch=10 junk=24 OCLJCAPX=26/250/0/0 traces(start/abort) n/a -> n/a class=CLEAN site=-
    g-record-r6-S SMOKE| MILESTONE km-1-kernel-init-compiles-nothing: SKIP -- kernel=stock: OpenComputers' own kernel has no site 13 (not counted)
    g-record-r6-S SMOKE| MILESTONE cap-1-refusal-caught-machine-survives: PASS -- shape=record OCLJCAP=done/259/not_enough_memory running=true lastError=<null>
g-record-r6-C-O exit=0 CLASS=CLEAN APACITY| shape=record native=additive jit=off jitearly=off tier=192KB scale=1.8 kernelMemory=164923 held=659 why=not_enough_memory t_first5=0.0001 t_last5=0.0014 batches=66 last/first=14.00 freeKB_at_end/totalKB=0/192 arms=+112 refusals=+2 trace_flushes=+0 fill_ms=2492 queued=true running=true lastError=<null>
    g-record-r6-C-O CAP-IDLE| ticks=400 arms=+1 collects=+1 bailouts=+0 refusals=+0 trace_flushes=+0 trace_flush_bytes=+0 park_resets=+0 traces_live 0 -> 0 armed=0 state=0 stepmul=200 threshold=707000 gctotal=375666 ccap=518818 cused=375666 parked=false wallstats=present running=true
    g-record-r6-C-O CAP-LIVE| used=353952 kernelMemory=164923 user=189029 count(3 collects)=353968/353904/353904 total=518818 traces_live=0
    g-record-r6-C-O CAP-GC| collects=+112 bailouts=+0 overdrafts=+3065 od_peak=32750 od_state=0 park_resets=+0 od_limit=32768 kslice=16384 gc_low=349983 armby=1 window=n/a lends=+n/a win=n/a refused=n/a end: armed=0 state=0 stepmul=200 threshold=699800 gctotal=372771 ccap=518818 cused=372771 parked=false
    g-record-r6-C-O CAP-X| batch=10 junk=24 OCLJCAPX=66/650/1/0 traces(start/abort) 0/0 -> 0/0 class=CLEAN site=-
    g-record-r6-C-O SMOKE| MILESTONE km-1-kernel-init-compiles-nothing: PASS -- traces live at the kernelMemory baseline = 0; kernelMemory=164923
    g-record-r6-C-O SMOKE| MILESTONE cap-1-refusal-caught-machine-survives: PASS -- shape=record OCLJCAP=done/659/not_enough_memory running=true lastError=<null>
g-record-r6-W-O exit=0 CLASS=CLEAN APACITY| shape=record native=additive jit=off jitearly=off tier=192KB scale=1.8 kernelMemory=164923 held=603 why=not_enough_memory t_first5=0.0001 t_last5=0.0016 batches=61 last/first=16.00 freeKB_at_end/totalKB=0/192 arms=+116 refusals=+1 trace_flushes=+0 fill_ms=2235 queued=true running=true lastError=<null>
    g-record-r6-W-O CAP-IDLE| ticks=400 arms=+1 collects=+1 bailouts=+0 refusals=+0 trace_flushes=+0 trace_flush_bytes=+0 park_resets=+0 traces_live 0 -> 0 armed=0 state=0 stepmul=200 threshold=707000 gctotal=376362 ccap=518818 cused=376362 parked=false wallstats=present running=true
    g-record-r6-W-O CAP-LIVE| used=354016 kernelMemory=164923 user=189093 count(3 collects)=354032/353968/353968 total=518818 traces_live=0
    g-record-r6-W-O CAP-GC| collects=+116 bailouts=+0 overdrafts=+1711 od_peak=16614 od_state=0 park_resets=+0 od_limit=32768 kslice=16384 gc_low=350047 armby=1 window=4096 lends=+12 win=0 refused=52 end: armed=0 state=0 stepmul=200 threshold=700000 gctotal=393123 ccap=518818 cused=393123 parked=false
    g-record-r6-W-O CAP-X| batch=10 junk=24 OCLJCAPX=61/600/0/0 traces(start/abort) 0/0 -> 0/0 class=CLEAN site=-
    g-record-r6-W-O SMOKE| MILESTONE km-1-kernel-init-compiles-nothing: PASS -- traces live at the kernelMemory baseline = 0; kernelMemory=164923
    g-record-r6-W-O SMOKE| MILESTONE cap-1-refusal-caught-machine-survives: PASS -- shape=record OCLJCAP=done/603/not_enough_memory running=true lastError=<null>
g-record-r6-C-D exit=1 CLASS=DOWN APACITY| shape=record native=additive jit=on jitearly=- tier=192KB scale=1.8 kernelMemory=164923 held=? why=? t_first5=0.0004 t_last5=0.0004 batches=60 last/first=1.00 freeKB_at_end/totalKB=-1/-1 arms=+135 refusals=+11 trace_flushes=+26 fill_ms=969 queued=true running=false lastError=not enough memory
    g-record-r6-C-D CAP-IDLE| ticks=400 arms=+20 collects=+20 bailouts=+0 refusals=+0 trace_flushes=+0 trace_flush_bytes=+0 park_resets=+0 traces_live 50 -> 68 armed=0 state=0 stepmul=200 threshold=833400 gctotal=438920 ccap=518818 cused=438920 parked=false wallstats=present running=true
    g-record-r6-C-D CAP-LIVE| used=417206 kernelMemory=164923 user=252283 count(3 collects)=417222/417158/417158 total=518818 traces_live=68
    g-record-r6-C-D CAP-GC| collects=+134 bailouts=+0 overdrafts=+2878 od_peak=32880 od_state=1 park_resets=+0 od_limit=32768 kslice=16384 gc_low=551290 armby=1 window=n/a lends=+n/a win=n/a refused=n/a end: armed=1 state=0 stepmul=0 threshold=1095600 gctotal=547890 ccap=2147483647 cused=547890 parked=true
    g-record-r6-C-D CAP-X| batch=10 junk=24 OCLJCAPX=60/600/1/0 traces(start/abort) 345/189 -> n/a class=DOWN site=-
    g-record-r6-C-D SMOKE| MILESTONE km-1-kernel-init-compiles-nothing: PASS -- traces live at the kernelMemory baseline = 0; kernelMemory=164923
    g-record-r6-C-D SMOKE| MILESTONE cap-1-refusal-caught-machine-survives: FAIL -- shape=record OCLJCAP=filling/600 running=false lastError=not enough memory   <- a refusal took the MACHINE down: raised where no handler of the program caught it (OpenOS's dispatcher, the kernel, or the probe's own allocations between batches)
    g-record-r6-C-D     SMOKE| MILESTONE cap-1-refusal-caught-machine-survives: FAIL -- shape=record OCLJCAP=filling/600 running=false lastError=not enough memory   <- a refusal took the MACHINE down: raised where no handler of the program caught it (OpenOS's dispatcher, the kernel, or the probe's own allocations between batches)
g-record-r6-W-D exit=0 CLASS=CLEAN APACITY| shape=record native=additive jit=on jitearly=- tier=192KB scale=1.8 kernelMemory=164923 held=560 why=not_enough_memory t_first5=0.0003 t_last5=0.0019 batches=57 last/first=6.33 freeKB_at_end/totalKB=0/192 arms=+168 refusals=+1 trace_flushes=+23 fill_ms=2232 queued=true running=true lastError=<null>
    g-record-r6-W-D CAP-IDLE| ticks=400 arms=+20 collects=+20 bailouts=+0 refusals=+0 trace_flushes=+0 trace_flush_bytes=+0 park_resets=+0 traces_live 52 -> 68 armed=0 state=0 stepmul=200 threshold=825200 gctotal=428628 ccap=518818 cused=428628 parked=false wallstats=present running=true
    g-record-r6-W-D CAP-LIVE| used=413018 kernelMemory=164923 user=248095 count(3 collects)=413034/412970/412970 total=518818 traces_live=68
    g-record-r6-W-D CAP-GC| collects=+168 bailouts=+0 overdrafts=+1387 od_peak=17104 od_state=0 park_resets=+0 od_limit=32768 kslice=16384 gc_low=388225 armby=0 window=4096 lends=+96 win=0 refused=64 end: armed=0 state=0 stepmul=200 threshold=776400 gctotal=417829 ccap=518818 cused=417829 parked=false
    g-record-r6-W-D CAP-X| batch=10 junk=24 OCLJCAPX=57/560/0/0 traces(start/abort) 346/188 -> 589/243 class=CLEAN site=-
    g-record-r6-W-D SMOKE| MILESTONE km-1-kernel-init-compiles-nothing: PASS -- traces live at the kernelMemory baseline = 0; kernelMemory=164923
    g-record-r6-W-D SMOKE| MILESTONE cap-1-refusal-caught-machine-survives: PASS -- shape=record OCLJCAP=done/560/not_enough_memory running=true lastError=<null>
g-record-r7-S exit=0 CLASS=CLEAN APACITY| shape=record native=stock jit=on jitearly=- tier=192KB scale=1.8 kernelMemory=174605 held=259 why=not_enough_memory t_first5=0.0002 t_last5=0.0010 batches=26 last/first=5.00 freeKB_at_end/totalKB=0/192 arms=+n/a refusals=+n/a trace_flushes=+n/a fill_ms=1746 queued=true running=true lastError=<null>
    g-record-r7-S CAP-IDLE| ticks=400 arms=+n/a collects=+n/a bailouts=+n/a refusals=+n/a trace_flushes=+n/a trace_flush_bytes=+n/a park_resets=+n/a traces_live -1 -> -1 armed=n/a state=n/a stepmul=n/a threshold=n/a gctotal=n/a ccap=n/a cused=n/a parked=false wallstats=n/a running=true
    g-record-r7-S CAP-LIVE| used=431732 kernelMemory=174605 user=257127 count(3 collects)=434127/434127/434127 total=528500 traces_live=-1
    g-record-r7-S CAP-GC| collects=+n/a bailouts=+n/a overdrafts=+n/a od_peak=n/a od_state=n/a park_resets=+n/a od_limit=n/a kslice=n/a gc_low=n/a armby=n/a window=n/a lends=+n/a win=n/a refused=n/a end: armed=n/a state=n/a stepmul=n/a threshold=n/a gctotal=n/a ccap=n/a cused=n/a parked=false
    g-record-r7-S CAP-X| batch=10 junk=24 OCLJCAPX=26/250/0/0 traces(start/abort) n/a -> n/a class=CLEAN site=-
    g-record-r7-S SMOKE| MILESTONE km-1-kernel-init-compiles-nothing: SKIP -- kernel=stock: OpenComputers' own kernel has no site 13 (not counted)
    g-record-r7-S SMOKE| MILESTONE cap-1-refusal-caught-machine-survives: PASS -- shape=record OCLJCAP=done/259/not_enough_memory running=true lastError=<null>
g-record-r7-C-O exit=0 CLASS=CLEAN APACITY| shape=record native=additive jit=off jitearly=off tier=192KB scale=1.8 kernelMemory=164923 held=660 why=not_enough_memory t_first5=0.0001 t_last5=0.0022 batches=66 last/first=22.00 freeKB_at_end/totalKB=0/192 arms=+116 refusals=+2 trace_flushes=+0 fill_ms=2488 queued=true running=true lastError=<null>
    g-record-r7-C-O CAP-IDLE| ticks=400 arms=+1 collects=+1 bailouts=+0 refusals=+0 trace_flushes=+0 trace_flush_bytes=+0 park_resets=+0 traces_live 0 -> 0 armed=0 state=0 stepmul=200 threshold=706600 gctotal=376154 ccap=518818 cused=376154 parked=false wallstats=present running=true
    g-record-r7-C-O CAP-LIVE| used=353808 kernelMemory=164923 user=188885 count(3 collects)=353824/353760/353760 total=518818 traces_live=0
    g-record-r7-C-O CAP-GC| collects=+116 bailouts=+0 overdrafts=+3030 od_peak=32726 od_state=0 park_resets=+0 od_limit=32768 kslice=16384 gc_low=349839 armby=1 window=n/a lends=+n/a win=n/a refused=n/a end: armed=0 state=0 stepmul=200 threshold=699600 gctotal=371995 ccap=518818 cused=371995 parked=false
    g-record-r7-C-O CAP-X| batch=10 junk=24 OCLJCAPX=66/650/1/0 traces(start/abort) 0/0 -> 0/0 class=CLEAN site=-
    g-record-r7-C-O SMOKE| MILESTONE km-1-kernel-init-compiles-nothing: PASS -- traces live at the kernelMemory baseline = 0; kernelMemory=164923
    g-record-r7-C-O SMOKE| MILESTONE cap-1-refusal-caught-machine-survives: PASS -- shape=record OCLJCAP=done/660/not_enough_memory running=true lastError=<null>
g-record-r7-W-O exit=0 CLASS=CLEAN APACITY| shape=record native=additive jit=off jitearly=off tier=192KB scale=1.8 kernelMemory=164923 held=603 why=not_enough_memory t_first5=0.0001 t_last5=0.0023 batches=61 last/first=23.00 freeKB_at_end/totalKB=0/192 arms=+114 refusals=+1 trace_flushes=+0 fill_ms=2240 queued=true running=true lastError=<null>
    g-record-r7-W-O CAP-IDLE| ticks=400 arms=+0 collects=+0 bailouts=+0 refusals=+0 trace_flushes=+0 trace_flush_bytes=+0 park_resets=+0 traces_live 0 -> 0 armed=0 state=0 stepmul=200 threshold=706800 gctotal=425974 ccap=518818 cused=425974 parked=false wallstats=present running=true
    g-record-r7-W-O CAP-LIVE| used=353876 kernelMemory=164923 user=188953 count(3 collects)=353892/353828/353828 total=518818 traces_live=0
    g-record-r7-W-O CAP-GC| collects=+114 bailouts=+0 overdrafts=+1716 od_peak=16526 od_state=0 park_resets=+0 od_limit=32768 kslice=16384 gc_low=349907 armby=1 window=4096 lends=+10 win=0 refused=40 end: armed=0 state=0 stepmul=200 threshold=699800 gctotal=357959 ccap=518818 cused=357959 parked=false
    g-record-r7-W-O CAP-X| batch=10 junk=24 OCLJCAPX=61/600/0/0 traces(start/abort) 0/0 -> 0/0 class=CLEAN site=-
    g-record-r7-W-O SMOKE| MILESTONE km-1-kernel-init-compiles-nothing: PASS -- traces live at the kernelMemory baseline = 0; kernelMemory=164923
    g-record-r7-W-O SMOKE| MILESTONE cap-1-refusal-caught-machine-survives: PASS -- shape=record OCLJCAP=done/603/not_enough_memory running=true lastError=<null>
g-record-r7-C-D exit=0 CLASS=CLEAN APACITY| shape=record native=additive jit=on jitearly=- tier=192KB scale=1.8 kernelMemory=164923 held=608 why=not_enough_memory t_first5=0.0002 t_last5=0.0010 batches=61 last/first=5.00 freeKB_at_end/totalKB=0/192 arms=+180 refusals=+6 trace_flushes=+30 fill_ms=2244 queued=true running=true lastError=<null>
    g-record-r7-C-D CAP-IDLE| ticks=400 arms=+20 collects=+20 bailouts=+0 refusals=+0 trace_flushes=+0 trace_flush_bytes=+0 park_resets=+0 traces_live 67 -> 80 armed=0 state=0 stepmul=200 threshold=853600 gctotal=427152 ccap=518818 cused=427152 parked=false wallstats=present running=true
    g-record-r7-C-D CAP-LIVE| used=427286 kernelMemory=164923 user=262363 count(3 collects)=427238/427238/427238 total=518818 traces_live=80
    g-record-r7-C-D CAP-GC| collects=+180 bailouts=+0 overdrafts=+2883 od_peak=32744 od_state=0 park_resets=+0 od_limit=32768 kslice=16384 gc_low=387289 armby=0 window=n/a lends=+n/a win=n/a refused=n/a end: armed=0 state=0 stepmul=200 threshold=774400 gctotal=408261 ccap=518818 cused=408261 parked=false
    g-record-r7-C-D CAP-X| batch=10 junk=24 OCLJCAPX=61/600/0/0 traces(start/abort) 384/206 -> 633/247 class=CLEAN site=-
    g-record-r7-C-D SMOKE| MILESTONE km-1-kernel-init-compiles-nothing: PASS -- traces live at the kernelMemory baseline = 0; kernelMemory=164923
    g-record-r7-C-D SMOKE| MILESTONE cap-1-refusal-caught-machine-survives: PASS -- shape=record OCLJCAP=done/608/not_enough_memory running=true lastError=<null>
g-record-r7-W-D exit=0 CLASS=CLEAN APACITY| shape=record native=additive jit=on jitearly=- tier=192KB scale=1.8 kernelMemory=164923 held=614 why=not_enough_memory t_first5=0.0005 t_last5=0.0012 batches=62 last/first=2.40 freeKB_at_end/totalKB=0/192 arms=+179 refusals=+3 trace_flushes=+29 fill_ms=2243 queued=true running=true lastError=<null>
    g-record-r7-W-D CAP-IDLE| ticks=400 arms=+22 collects=+22 bailouts=+0 refusals=+0 trace_flushes=+0 trace_flush_bytes=+0 park_resets=+0 traces_live 72 -> 79 armed=0 state=0 stepmul=200 threshold=845800 gctotal=429760 ccap=518818 cused=429760 parked=false wallstats=present running=true
    g-record-r7-W-D CAP-LIVE| used=423414 kernelMemory=164923 user=258491 count(3 collects)=423430/423366/423366 total=518818 traces_live=79
    g-record-r7-W-D CAP-GC| collects=+179 bailouts=+0 overdrafts=+2844 od_peak=33880 od_state=0 park_resets=+0 od_limit=32768 kslice=16384 gc_low=386301 armby=0 window=4096 lends=+29 win=0 refused=28 end: armed=0 state=0 stepmul=200 threshold=772600 gctotal=414009 ccap=518818 cused=414009 parked=false
    g-record-r7-W-D CAP-X| batch=10 junk=24 OCLJCAPX=62/610/2/0 traces(start/abort) 347/186 -> 597/232 class=CLEAN site=-
    g-record-r7-W-D SMOKE| MILESTONE km-1-kernel-init-compiles-nothing: PASS -- traces live at the kernelMemory baseline = 0; kernelMemory=164923
    g-record-r7-W-D SMOKE| MILESTONE cap-1-refusal-caught-machine-survives: PASS -- shape=record OCLJCAP=done/614/not_enough_memory running=true lastError=<null>
g-record-r8-S exit=0 CLASS=CLEAN APACITY| shape=record native=stock jit=on jitearly=- tier=192KB scale=1.8 kernelMemory=174605 held=259 why=not_enough_memory t_first5=0.0001 t_last5=0.0009 batches=26 last/first=9.00 freeKB_at_end/totalKB=0/192 arms=+n/a refusals=+n/a trace_flushes=+n/a fill_ms=1749 queued=true running=true lastError=<null>
    g-record-r8-S CAP-IDLE| ticks=400 arms=+n/a collects=+n/a bailouts=+n/a refusals=+n/a trace_flushes=+n/a trace_flush_bytes=+n/a park_resets=+n/a traces_live -1 -> -1 armed=n/a state=n/a stepmul=n/a threshold=n/a gctotal=n/a ccap=n/a cused=n/a parked=false wallstats=n/a running=true
    g-record-r8-S CAP-LIVE| used=431732 kernelMemory=174605 user=257127 count(3 collects)=434127/434127/434127 total=528500 traces_live=-1
    g-record-r8-S CAP-GC| collects=+n/a bailouts=+n/a overdrafts=+n/a od_peak=n/a od_state=n/a park_resets=+n/a od_limit=n/a kslice=n/a gc_low=n/a armby=n/a window=n/a lends=+n/a win=n/a refused=n/a end: armed=n/a state=n/a stepmul=n/a threshold=n/a gctotal=n/a ccap=n/a cused=n/a parked=false
    g-record-r8-S CAP-X| batch=10 junk=24 OCLJCAPX=26/250/0/0 traces(start/abort) n/a -> n/a class=CLEAN site=-
    g-record-r8-S SMOKE| MILESTONE km-1-kernel-init-compiles-nothing: SKIP -- kernel=stock: OpenComputers' own kernel has no site 13 (not counted)
    g-record-r8-S SMOKE| MILESTONE cap-1-refusal-caught-machine-survives: PASS -- shape=record OCLJCAP=done/259/not_enough_memory running=true lastError=<null>
g-record-r8-C-O exit=0 CLASS=CLEAN APACITY| shape=record native=additive jit=off jitearly=off tier=192KB scale=1.8 kernelMemory=164923 held=660 why=not_enough_memory t_first5=0.0001 t_last5=0.0023 batches=66 last/first=23.00 freeKB_at_end/totalKB=0/192 arms=+127 refusals=+2 trace_flushes=+0 fill_ms=2505 queued=true running=true lastError=<null>
    g-record-r8-C-O CAP-IDLE| ticks=400 arms=+1 collects=+1 bailouts=+0 refusals=+0 trace_flushes=+0 trace_flush_bytes=+0 park_resets=+0 traces_live 0 -> 0 armed=0 state=0 stepmul=200 threshold=706600 gctotal=375522 ccap=518818 cused=375522 parked=false wallstats=present running=true
    g-record-r8-C-O CAP-LIVE| used=353808 kernelMemory=164923 user=188885 count(3 collects)=353824/353760/353760 total=518818 traces_live=0
    g-record-r8-C-O CAP-GC| collects=+127 bailouts=+0 overdrafts=+3029 od_peak=32726 od_state=0 park_resets=+0 od_limit=32768 kslice=16384 gc_low=349839 armby=1 window=n/a lends=+n/a win=n/a refused=n/a end: armed=0 state=0 stepmul=200 threshold=699600 gctotal=371995 ccap=518818 cused=371995 parked=false
    g-record-r8-C-O CAP-X| batch=10 junk=24 OCLJCAPX=66/650/1/0 traces(start/abort) 0/0 -> 0/0 class=CLEAN site=-
    g-record-r8-C-O SMOKE| MILESTONE km-1-kernel-init-compiles-nothing: PASS -- traces live at the kernelMemory baseline = 0; kernelMemory=164923
    g-record-r8-C-O SMOKE| MILESTONE cap-1-refusal-caught-machine-survives: PASS -- shape=record OCLJCAP=done/660/not_enough_memory running=true lastError=<null>
g-record-r8-W-O exit=0 CLASS=CLEAN APACITY| shape=record native=additive jit=off jitearly=off tier=192KB scale=1.8 kernelMemory=164923 held=603 why=not_enough_memory t_first5=0.0001 t_last5=0.0023 batches=61 last/first=23.00 freeKB_at_end/totalKB=0/192 arms=+142 refusals=+1 trace_flushes=+0 fill_ms=2228 queued=true running=true lastError=<null>
    g-record-r8-W-O CAP-IDLE| ticks=400 arms=+1 collects=+1 bailouts=+0 refusals=+0 trace_flushes=+0 trace_flush_bytes=+0 park_resets=+0 traces_live 0 -> 0 armed=0 state=0 stepmul=200 threshold=707000 gctotal=375730 ccap=518818 cused=375730 parked=false wallstats=present running=true
    g-record-r8-W-O CAP-LIVE| used=354016 kernelMemory=164923 user=189093 count(3 collects)=354032/353968/353968 total=518818 traces_live=0
    g-record-r8-W-O CAP-GC| collects=+142 bailouts=+0 overdrafts=+1716 od_peak=16614 od_state=0 park_resets=+0 od_limit=32768 kslice=16384 gc_low=350047 armby=0 window=4096 lends=+24 win=0 refused=52 end: armed=0 state=0 stepmul=200 threshold=700000 gctotal=387019 ccap=518818 cused=387019 parked=false
    g-record-r8-W-O CAP-X| batch=10 junk=24 OCLJCAPX=61/600/0/0 traces(start/abort) 0/0 -> 0/0 class=CLEAN site=-
    g-record-r8-W-O SMOKE| MILESTONE km-1-kernel-init-compiles-nothing: PASS -- traces live at the kernelMemory baseline = 0; kernelMemory=164923
    g-record-r8-W-O SMOKE| MILESTONE cap-1-refusal-caught-machine-survives: PASS -- shape=record OCLJCAP=done/603/not_enough_memory running=true lastError=<null>
g-record-r8-C-D exit=1 CLASS=DOWN APACITY| shape=record native=additive jit=on jitearly=- tier=192KB scale=1.8 kernelMemory=164923 held=? why=? t_first5=0.0001 t_last5=0.0007 batches=60 last/first=7.00 freeKB_at_end/totalKB=-1/-1 arms=+124 refusals=+4 trace_flushes=+28 fill_ms=993 queued=true running=false lastError=not enough memory
    g-record-r8-C-D CAP-IDLE| ticks=400 arms=+24 collects=+24 bailouts=+0 refusals=+0 trace_flushes=+1 trace_flush_bytes=+84168 park_resets=+0 traces_live 96 -> 56 armed=0 state=0 stepmul=200 threshold=811600 gctotal=420740 ccap=518818 cused=420740 parked=false wallstats=present running=true
    g-record-r8-C-D CAP-LIVE| used=406018 kernelMemory=164923 user=241095 count(3 collects)=406034/405970/405970 total=518818 traces_live=56
    g-record-r8-C-D CAP-GC| collects=+123 bailouts=+0 overdrafts=+2647 od_peak=32960 od_state=1 park_resets=+0 od_limit=32768 kslice=16384 gc_low=550878 armby=1 window=n/a lends=+n/a win=n/a refused=n/a end: armed=1 state=0 stepmul=0 threshold=1088000 gctotal=544082 ccap=2147483647 cused=544082 parked=true
    g-record-r8-C-D CAP-X| batch=10 junk=24 OCLJCAPX=60/600/0/0 traces(start/abort) 337/185 -> n/a class=DOWN site=-
    g-record-r8-C-D SMOKE| MILESTONE km-1-kernel-init-compiles-nothing: PASS -- traces live at the kernelMemory baseline = 0; kernelMemory=164923
    g-record-r8-C-D SMOKE| MILESTONE cap-1-refusal-caught-machine-survives: FAIL -- shape=record OCLJCAP=filling/600 running=false lastError=not enough memory   <- a refusal took the MACHINE down: raised where no handler of the program caught it (OpenOS's dispatcher, the kernel, or the probe's own allocations between batches)
    g-record-r8-C-D     SMOKE| MILESTONE cap-1-refusal-caught-machine-survives: FAIL -- shape=record OCLJCAP=filling/600 running=false lastError=not enough memory   <- a refusal took the MACHINE down: raised where no handler of the program caught it (OpenOS's dispatcher, the kernel, or the probe's own allocations between batches)
g-record-r8-W-D exit=0 CLASS=CLEAN APACITY| shape=record native=additive jit=on jitearly=- tier=192KB scale=1.8 kernelMemory=164923 held=609 why=not_enough_memory t_first5=0.0004 t_last5=0.0014 batches=61 last/first=3.50 freeKB_at_end/totalKB=0/192 arms=+173 refusals=+2 trace_flushes=+29 fill_ms=2238 queued=true running=true lastError=<null>
    g-record-r8-W-D CAP-IDLE| ticks=400 arms=+21 collects=+21 bailouts=+0 refusals=+0 trace_flushes=+0 trace_flush_bytes=+0 park_resets=+0 traces_live 55 -> 69 armed=0 state=0 stepmul=200 threshold=836200 gctotal=440564 ccap=518818 cused=440564 parked=false wallstats=present running=true
    g-record-r8-W-D CAP-LIVE| used=417102 kernelMemory=164923 user=252179 count(3 collects)=417054/417054/417054 total=518818 traces_live=69
    g-record-r8-W-D CAP-GC| collects=+173 bailouts=+0 overdrafts=+2897 od_peak=32872 od_state=0 park_resets=+0 od_limit=32768 kslice=16384 gc_low=391333 armby=0 window=4096 lends=+30 win=0 refused=52 end: armed=0 state=0 stepmul=200 threshold=787200 gctotal=393893 ccap=518818 cused=393893 parked=false
    g-record-r8-W-D CAP-X| batch=10 junk=24 OCLJCAPX=61/600/1/0 traces(start/abort) 358/199 -> 640/255 class=CLEAN site=-
    g-record-r8-W-D SMOKE| MILESTONE km-1-kernel-init-compiles-nothing: PASS -- traces live at the kernelMemory baseline = 0; kernelMemory=164923
    g-record-r8-W-D SMOKE| MILESTONE cap-1-refusal-caught-machine-survives: PASS -- shape=record OCLJCAP=done/609/not_enough_memory running=true lastError=<null>
g-record-r9-S exit=0 CLASS=CLEAN APACITY| shape=record native=stock jit=on jitearly=- tier=192KB scale=1.8 kernelMemory=174605 held=259 why=not_enough_memory t_first5=0.0002 t_last5=0.0007 batches=26 last/first=3.50 freeKB_at_end/totalKB=0/192 arms=+n/a refusals=+n/a trace_flushes=+n/a fill_ms=1752 queued=true running=true lastError=<null>
    g-record-r9-S CAP-IDLE| ticks=400 arms=+n/a collects=+n/a bailouts=+n/a refusals=+n/a trace_flushes=+n/a trace_flush_bytes=+n/a park_resets=+n/a traces_live -1 -> -1 armed=n/a state=n/a stepmul=n/a threshold=n/a gctotal=n/a ccap=n/a cused=n/a parked=false wallstats=n/a running=true
    g-record-r9-S CAP-LIVE| used=431798 kernelMemory=174605 user=257193 count(3 collects)=434193/434193/434193 total=528500 traces_live=-1
    g-record-r9-S CAP-GC| collects=+n/a bailouts=+n/a overdrafts=+n/a od_peak=n/a od_state=n/a park_resets=+n/a od_limit=n/a kslice=n/a gc_low=n/a armby=n/a window=n/a lends=+n/a win=n/a refused=n/a end: armed=n/a state=n/a stepmul=n/a threshold=n/a gctotal=n/a ccap=n/a cused=n/a parked=false
    g-record-r9-S CAP-X| batch=10 junk=24 OCLJCAPX=26/250/0/0 traces(start/abort) n/a -> n/a class=CLEAN site=-
    g-record-r9-S SMOKE| MILESTONE km-1-kernel-init-compiles-nothing: SKIP -- kernel=stock: OpenComputers' own kernel has no site 13 (not counted)
    g-record-r9-S SMOKE| MILESTONE cap-1-refusal-caught-machine-survives: PASS -- shape=record OCLJCAP=done/259/not_enough_memory running=true lastError=<null>
g-record-r9-C-O exit=0 CLASS=CLEAN APACITY| shape=record native=additive jit=off jitearly=off tier=192KB scale=1.8 kernelMemory=164923 held=660 why=not_enough_memory t_first5=0.0001 t_last5=0.0011 batches=66 last/first=11.00 freeKB_at_end/totalKB=0/192 arms=+122 refusals=+2 trace_flushes=+0 fill_ms=2494 queued=true running=true lastError=<null>
    g-record-r9-C-O CAP-IDLE| ticks=400 arms=+1 collects=+1 bailouts=+0 refusals=+0 trace_flushes=+0 trace_flush_bytes=+0 park_resets=+0 traces_live 0 -> 0 armed=0 state=0 stepmul=200 threshold=706600 gctotal=368154 ccap=518818 cused=368154 parked=false wallstats=present running=true
    g-record-r9-C-O CAP-LIVE| used=353808 kernelMemory=164923 user=188885 count(3 collects)=353824/353760/353760 total=518818 traces_live=0
    g-record-r9-C-O CAP-GC| collects=+122 bailouts=+0 overdrafts=+3138 od_peak=32726 od_state=0 park_resets=+0 od_limit=32768 kslice=16384 gc_low=349839 armby=1 window=n/a lends=+n/a win=n/a refused=n/a end: armed=0 state=0 stepmul=200 threshold=699600 gctotal=364627 ccap=518818 cused=364627 parked=false
    g-record-r9-C-O CAP-X| batch=10 junk=24 OCLJCAPX=66/650/1/0 traces(start/abort) 0/0 -> 0/0 class=CLEAN site=-
    g-record-r9-C-O SMOKE| MILESTONE km-1-kernel-init-compiles-nothing: PASS -- traces live at the kernelMemory baseline = 0; kernelMemory=164923
    g-record-r9-C-O SMOKE| MILESTONE cap-1-refusal-caught-machine-survives: PASS -- shape=record OCLJCAP=done/660/not_enough_memory running=true lastError=<null>
g-record-r9-W-O exit=0 CLASS=CLEAN APACITY| shape=record native=additive jit=off jitearly=off tier=192KB scale=1.8 kernelMemory=164923 held=603 why=not_enough_memory t_first5=0.0003 t_last5=0.0023 batches=61 last/first=7.67 freeKB_at_end/totalKB=0/192 arms=+129 refusals=+1 trace_flushes=+0 fill_ms=2245 queued=true running=true lastError=<null>
    g-record-r9-W-O CAP-IDLE| ticks=400 arms=+1 collects=+1 bailouts=+0 refusals=+0 trace_flushes=+0 trace_flush_bytes=+0 park_resets=+0 traces_live 0 -> 0 armed=0 state=0 stepmul=200 threshold=706800 gctotal=368854 ccap=518818 cused=368854 parked=false wallstats=present running=true
    g-record-r9-W-O CAP-LIVE| used=353876 kernelMemory=164923 user=188953 count(3 collects)=353892/353828/353828 total=518818 traces_live=0
    g-record-r9-W-O CAP-GC| collects=+129 bailouts=+0 overdrafts=+1715 od_peak=16526 od_state=0 park_resets=+0 od_limit=32768 kslice=16384 gc_low=349907 armby=1 window=4096 lends=+13 win=0 refused=40 end: armed=0 state=0 stepmul=200 threshold=699800 gctotal=384983 ccap=518818 cused=384983 parked=false
    g-record-r9-W-O CAP-X| batch=10 junk=24 OCLJCAPX=61/600/0/0 traces(start/abort) 0/0 -> 0/0 class=CLEAN site=-
    g-record-r9-W-O SMOKE| MILESTONE km-1-kernel-init-compiles-nothing: PASS -- traces live at the kernelMemory baseline = 0; kernelMemory=164923
    g-record-r9-W-O SMOKE| MILESTONE cap-1-refusal-caught-machine-survives: PASS -- shape=record OCLJCAP=done/603/not_enough_memory running=true lastError=<null>
g-record-r9-C-D exit=1 CLASS=DOWN APACITY| shape=record native=additive jit=on jitearly=- tier=192KB scale=1.8 kernelMemory=164923 held=? why=? t_first5=0.0001 t_last5=0.0008 batches=62 last/first=8.00 freeKB_at_end/totalKB=-1/-1 arms=+147 refusals=+6 trace_flushes=+28 fill_ms=1021 queued=true running=false lastError=not enough memory
    g-record-r9-C-D CAP-IDLE| ticks=400 arms=+20 collects=+20 bailouts=+0 refusals=+0 trace_flushes=+0 trace_flush_bytes=+0 park_resets=+0 traces_live 51 -> 63 armed=0 state=0 stepmul=200 threshold=812000 gctotal=429672 ccap=518818 cused=429672 parked=false wallstats=present running=true
    g-record-r9-C-D CAP-LIVE| used=405258 kernelMemory=164923 user=240335 count(3 collects)=405210/405210/405210 total=518818 traces_live=63
    g-record-r9-C-D CAP-GC| collects=+146 bailouts=+0 overdrafts=+3103 od_peak=32940 od_state=1 park_resets=+0 od_limit=32768 kslice=16384 gc_low=550922 armby=1 window=n/a lends=+n/a win=n/a refused=n/a end: armed=1 state=0 stepmul=0 threshold=1091400 gctotal=545766 ccap=2147483647 cused=545766 parked=true
    g-record-r9-C-D CAP-X| batch=10 junk=24 OCLJCAPX=62/620/0/0 traces(start/abort) 356/200 -> n/a class=DOWN site=-
    g-record-r9-C-D SMOKE| MILESTONE km-1-kernel-init-compiles-nothing: PASS -- traces live at the kernelMemory baseline = 0; kernelMemory=164923
    g-record-r9-C-D SMOKE| MILESTONE cap-1-refusal-caught-machine-survives: FAIL -- shape=record OCLJCAP=filling/620 running=false lastError=not enough memory   <- a refusal took the MACHINE down: raised where no handler of the program caught it (OpenOS's dispatcher, the kernel, or the probe's own allocations between batches)
    g-record-r9-C-D     SMOKE| MILESTONE cap-1-refusal-caught-machine-survives: FAIL -- shape=record OCLJCAP=filling/620 running=false lastError=not enough memory   <- a refusal took the MACHINE down: raised where no handler of the program caught it (OpenOS's dispatcher, the kernel, or the probe's own allocations between batches)
g-record-r9-W-D exit=0 CLASS=CLEAN APACITY| shape=record native=additive jit=on jitearly=- tier=192KB scale=1.8 kernelMemory=164923 held=617 why=not_enough_memory t_first5=0.0001 t_last5=0.0009 batches=62 last/first=9.00 freeKB_at_end/totalKB=0/192 arms=+162 refusals=+3 trace_flushes=+29 fill_ms=2229 queued=true running=true lastError=<null>
    g-record-r9-W-D CAP-IDLE| ticks=400 arms=+28 collects=+28 bailouts=+0 refusals=+0 trace_flushes=+1 trace_flush_bytes=+84652 park_resets=+0 traces_live 107 -> 59 armed=0 state=0 stepmul=200 threshold=823600 gctotal=438568 ccap=518818 cused=438568 parked=false wallstats=present running=true
    g-record-r9-W-D CAP-LIVE| used=412082 kernelMemory=164923 user=247159 count(3 collects)=412098/412034/412034 total=518818 traces_live=59
    g-record-r9-W-D CAP-GC| collects=+162 bailouts=+0 overdrafts=+2957 od_peak=33460 od_state=0 park_resets=+0 od_limit=32768 kslice=16384 gc_low=387733 armby=0 window=4096 lends=+27 win=0 refused=52 end: armed=0 state=0 stepmul=200 threshold=777400 gctotal=397445 ccap=518818 cused=397445 parked=false
    g-record-r9-W-D CAP-X| batch=10 junk=24 OCLJCAPX=62/610/2/0 traces(start/abort) 368/201 -> 607/253 class=CLEAN site=-
    g-record-r9-W-D SMOKE| MILESTONE km-1-kernel-init-compiles-nothing: PASS -- traces live at the kernelMemory baseline = 0; kernelMemory=164923
    g-record-r9-W-D SMOKE| MILESTONE cap-1-refusal-caught-machine-survives: PASS -- shape=record OCLJCAP=done/617/not_enough_memory running=true lastError=<null>
g-record-r10-S exit=0 CLASS=CLEAN APACITY| shape=record native=stock jit=on jitearly=- tier=192KB scale=1.8 kernelMemory=174605 held=259 why=not_enough_memory t_first5=0.0002 t_last5=0.0008 batches=26 last/first=4.00 freeKB_at_end/totalKB=0/192 arms=+n/a refusals=+n/a trace_flushes=+n/a fill_ms=1748 queued=true running=true lastError=<null>
    g-record-r10-S CAP-IDLE| ticks=400 arms=+n/a collects=+n/a bailouts=+n/a refusals=+n/a trace_flushes=+n/a trace_flush_bytes=+n/a park_resets=+n/a traces_live -1 -> -1 armed=n/a state=n/a stepmul=n/a threshold=n/a gctotal=n/a ccap=n/a cused=n/a parked=false wallstats=n/a running=true
    g-record-r10-S CAP-LIVE| used=431798 kernelMemory=174605 user=257193 count(3 collects)=434193/434193/434193 total=528500 traces_live=-1
    g-record-r10-S CAP-GC| collects=+n/a bailouts=+n/a overdrafts=+n/a od_peak=n/a od_state=n/a park_resets=+n/a od_limit=n/a kslice=n/a gc_low=n/a armby=n/a window=n/a lends=+n/a win=n/a refused=n/a end: armed=n/a state=n/a stepmul=n/a threshold=n/a gctotal=n/a ccap=n/a cused=n/a parked=false
    g-record-r10-S CAP-X| batch=10 junk=24 OCLJCAPX=26/250/0/0 traces(start/abort) n/a -> n/a class=CLEAN site=-
    g-record-r10-S SMOKE| MILESTONE km-1-kernel-init-compiles-nothing: SKIP -- kernel=stock: OpenComputers' own kernel has no site 13 (not counted)
    g-record-r10-S SMOKE| MILESTONE cap-1-refusal-caught-machine-survives: PASS -- shape=record OCLJCAP=done/259/not_enough_memory running=true lastError=<null>
g-record-r10-C-O exit=0 CLASS=CLEAN APACITY| shape=record native=additive jit=off jitearly=off tier=192KB scale=1.8 kernelMemory=164923 held=658 why=not_enough_memory t_first5=0.0001 t_last5=0.0019 batches=66 last/first=19.00 freeKB_at_end/totalKB=0/192 arms=+119 refusals=+2 trace_flushes=+0 fill_ms=2487 queued=true running=true lastError=<null>
    g-record-r10-C-O CAP-IDLE| ticks=400 arms=+0 collects=+0 bailouts=+0 refusals=+0 trace_flushes=+0 trace_flush_bytes=+0 park_resets=+0 traces_live 0 -> 0 armed=0 state=0 stepmul=200 threshold=707600 gctotal=427886 ccap=518818 cused=427886 parked=false wallstats=present running=true
    g-record-r10-C-O CAP-LIVE| used=354228 kernelMemory=164923 user=189305 count(3 collects)=354244/354180/354180 total=518818 traces_live=0
    g-record-r10-C-O CAP-GC| collects=+119 bailouts=+0 overdrafts=+3059 od_peak=32762 od_state=0 park_resets=+0 od_limit=32768 kslice=16384 gc_low=350283 armby=1 window=n/a lends=+n/a win=n/a refused=n/a end: armed=0 state=0 stepmul=200 threshold=700400 gctotal=380439 ccap=518818 cused=380439 parked=false
    g-record-r10-C-O CAP-X| batch=10 junk=24 OCLJCAPX=66/650/1/0 traces(start/abort) 0/0 -> 0/0 class=CLEAN site=-
    g-record-r10-C-O SMOKE| MILESTONE km-1-kernel-init-compiles-nothing: PASS -- traces live at the kernelMemory baseline = 0; kernelMemory=164923
    g-record-r10-C-O SMOKE| MILESTONE cap-1-refusal-caught-machine-survives: PASS -- shape=record OCLJCAP=done/658/not_enough_memory running=true lastError=<null>
g-record-r10-W-O exit=0 CLASS=CLEAN APACITY| shape=record native=additive jit=off jitearly=off tier=192KB scale=1.8 kernelMemory=164923 held=603 why=not_enough_memory t_first5=0.0001 t_last5=0.0028 batches=61 last/first=28.00 freeKB_at_end/totalKB=0/192 arms=+133 refusals=+1 trace_flushes=+0 fill_ms=2229 queued=true running=true lastError=<null>
    g-record-r10-W-O CAP-IDLE| ticks=400 arms=+0 collects=+0 bailouts=+0 refusals=+0 trace_flushes=+0 trace_flush_bytes=+0 park_resets=+0 traces_live 0 -> 0 armed=0 state=0 stepmul=200 threshold=706800 gctotal=425974 ccap=518818 cused=425974 parked=false wallstats=present running=true
    g-record-r10-W-O CAP-LIVE| used=353876 kernelMemory=164923 user=188953 count(3 collects)=353892/353828/353828 total=518818 traces_live=0
    g-record-r10-W-O CAP-GC| collects=+133 bailouts=+0 overdrafts=+1719 od_peak=16526 od_state=0 park_resets=+0 od_limit=32768 kslice=16384 gc_low=349843 armby=0 window=4096 lends=+13 win=0 refused=40 end: armed=0 state=0 stepmul=200 threshold=699800 gctotal=356695 ccap=518818 cused=356695 parked=false
    g-record-r10-W-O CAP-X| batch=10 junk=24 OCLJCAPX=61/600/0/0 traces(start/abort) 0/0 -> 0/0 class=CLEAN site=-
    g-record-r10-W-O SMOKE| MILESTONE km-1-kernel-init-compiles-nothing: PASS -- traces live at the kernelMemory baseline = 0; kernelMemory=164923
    g-record-r10-W-O SMOKE| MILESTONE cap-1-refusal-caught-machine-survives: PASS -- shape=record OCLJCAP=done/603/not_enough_memory running=true lastError=<null>
g-record-r10-C-D exit=0 CLASS=CLEAN APACITY| shape=record native=additive jit=on jitearly=- tier=192KB scale=1.8 kernelMemory=164923 held=609 why=not_enough_memory t_first5=0.0001 t_last5=0.0006 batches=61 last/first=6.00 freeKB_at_end/totalKB=0/192 arms=+137 refusals=+2 trace_flushes=+27 fill_ms=2246 queued=true running=true lastError=<null>
    g-record-r10-C-D CAP-IDLE| ticks=400 arms=+20 collects=+20 bailouts=+0 refusals=+0 trace_flushes=+0 trace_flush_bytes=+0 park_resets=+0 traces_live 44 -> 57 armed=0 state=0 stepmul=200 threshold=815000 gctotal=422900 ccap=518818 cused=422900 parked=false wallstats=present running=true
    g-record-r10-C-D CAP-LIVE| used=407922 kernelMemory=164923 user=242999 count(3 collects)=407938/407874/407874 total=518818 traces_live=57
    g-record-r10-C-D CAP-GC| collects=+137 bailouts=+0 overdrafts=+2703 od_peak=32692 od_state=0 park_resets=+0 od_limit=32768 kslice=16384 gc_low=385445 armby=0 window=n/a lends=+n/a win=n/a refused=n/a end: armed=0 state=0 stepmul=200 threshold=770800 gctotal=421569 ccap=518818 cused=421569 parked=false
    g-record-r10-C-D CAP-X| batch=10 junk=24 OCLJCAPX=61/600/0/0 traces(start/abort) 336/188 -> 596/246 class=CLEAN site=-
    g-record-r10-C-D SMOKE| MILESTONE km-1-kernel-init-compiles-nothing: PASS -- traces live at the kernelMemory baseline = 0; kernelMemory=164923
    g-record-r10-C-D SMOKE| MILESTONE cap-1-refusal-caught-machine-survives: PASS -- shape=record OCLJCAP=done/609/not_enough_memory running=true lastError=<null>
g-record-r10-W-D exit=1 CLASS=DOWN APACITY| shape=record native=additive jit=on jitearly=- tier=192KB scale=1.8 kernelMemory=164923 held=? why=? t_first5=0.0003 t_last5=0.0001 batches=59 last/first=0.33 freeKB_at_end/totalKB=-1/-1 arms=+167 refusals=+5 trace_flushes=+26 fill_ms=966 queued=true running=false lastError=not enough memory
    g-record-r10-W-D CAP-IDLE| ticks=400 arms=+21 collects=+21 bailouts=+0 refusals=+0 trace_flushes=+0 trace_flush_bytes=+0 park_resets=+0 traces_live 65 -> 76 armed=0 state=0 stepmul=200 threshold=837200 gctotal=433416 ccap=518818 cused=433416 parked=false wallstats=present running=true
    g-record-r10-W-D CAP-LIVE| used=419070 kernelMemory=164923 user=254147 count(3 collects)=419086/419022/419022 total=518818 traces_live=76
    g-record-r10-W-D CAP-GC| collects=+166 bailouts=+0 overdrafts=+2728 od_peak=34416 od_state=1 park_resets=+0 od_limit=32768 kslice=16384 gc_low=552678 armby=1 window=4096 lends=+30 win=0 refused=56 end: armed=1 state=0 stepmul=0 threshold=1105600 gctotal=552862 ccap=2147483647 cused=552862 parked=true
    g-record-r10-W-D CAP-X| batch=10 junk=24 OCLJCAPX=59/590/1/0 traces(start/abort) 343/170 -> n/a class=DOWN site=-
    g-record-r10-W-D SMOKE| MILESTONE km-1-kernel-init-compiles-nothing: PASS -- traces live at the kernelMemory baseline = 0; kernelMemory=164923
    g-record-r10-W-D SMOKE| MILESTONE cap-1-refusal-caught-machine-survives: FAIL -- shape=record OCLJCAP=filling/590 running=false lastError=not enough memory   <- a refusal took the MACHINE down: raised where no handler of the program caught it (OpenOS's dispatcher, the kernel, or the probe's own allocations between batches)
    g-record-r10-W-D     SMOKE| MILESTONE cap-1-refusal-caught-machine-survives: FAIL -- shape=record OCLJCAP=filling/590 running=false lastError=not enough memory   <- a refusal took the MACHINE down: raised where no handler of the program caught it (OpenOS's dispatcher, the kernel, or the probe's own allocations between batches)
g-string-r1-S exit=0 CLASS=CLEAN APACITY| shape=string native=stock jit=on jitearly=- tier=192KB scale=1.8 kernelMemory=174605 held=1024 why=not_enough_memory t_first5=0.0002 t_last5=0.0005 batches=103 last/first=2.50 freeKB_at_end/totalKB=3/192 arms=+n/a refusals=+n/a trace_flushes=+n/a fill_ms=2970 queued=true running=true lastError=<null>
    g-string-r1-S CAP-IDLE| ticks=400 arms=+n/a collects=+n/a bailouts=+n/a refusals=+n/a trace_flushes=+n/a trace_flush_bytes=+n/a park_resets=+n/a traces_live -1 -> -1 armed=n/a state=n/a stepmul=n/a threshold=n/a gctotal=n/a ccap=n/a cused=n/a parked=false wallstats=n/a running=true
    g-string-r1-S CAP-LIVE| used=431625 kernelMemory=174605 user=257020 count(3 collects)=434020/434020/434020 total=528500 traces_live=-1
    g-string-r1-S CAP-GC| collects=+n/a bailouts=+n/a overdrafts=+n/a od_peak=n/a od_state=n/a park_resets=+n/a od_limit=n/a kslice=n/a gc_low=n/a armby=n/a window=n/a lends=+n/a win=n/a refused=n/a end: armed=n/a state=n/a stepmul=n/a threshold=n/a gctotal=n/a ccap=n/a cused=n/a parked=false
    g-string-r1-S CAP-X| batch=10 junk=24 OCLJCAPX=103/1020/0/0 traces(start/abort) n/a -> n/a class=CLEAN site=-
    g-string-r1-S SMOKE| MILESTONE km-1-kernel-init-compiles-nothing: SKIP -- kernel=stock: OpenComputers' own kernel has no site 13 (not counted)
    g-string-r1-S SMOKE| MILESTONE cap-1-refusal-caught-machine-survives: PASS -- shape=string OCLJCAP=done/1024/not_enough_memory running=true lastError=<null>
g-string-r1-C-O exit=1 CLASS=STALL APACITY| shape=string native=additive jit=off jitearly=off tier=192KB scale=1.8 kernelMemory=164923 held=? why=? t_first5=0.0003 t_last5=0.0023 batches=248 last/first=7.67 freeKB_at_end/totalKB=-1/-1 arms=+787 refusals=+6 trace_flushes=+0 fill_ms=249998 queued=true running=true lastError=<null>
    g-string-r1-C-O CAP-IDLE| ticks=400 arms=+0 collects=+0 bailouts=+0 refusals=+0 trace_flushes=+0 trace_flush_bytes=+0 park_resets=+0 traces_live 0 -> 0 armed=0 state=0 stepmul=200 threshold=706800 gctotal=353696 ccap=518818 cused=353696 parked=false wallstats=present running=true
    g-string-r1-C-O CAP-LIVE| used=353830 kernelMemory=164923 user=188907 count(3 collects)=353782/353782/353782 total=518818 traces_live=0
    g-string-r1-C-O CAP-GC| collects=+787 bailouts=+0 overdrafts=+11140 od_peak=32884 od_state=0 park_resets=+0 od_limit=32768 kslice=16384 gc_low=366631 armby=0 window=n/a lends=+n/a win=n/a refused=n/a end: armed=0 state=0 stepmul=200 threshold=733200 gctotal=389411 ccap=518818 cused=389411 parked=false
    g-string-r1-C-O CAP-X| batch=10 junk=24 OCLJCAPX=248/2470/4/1 traces(start/abort) 0/0 -> 0/0 class=STALL site=event.timer
    g-string-r1-C-O SMOKE| MILESTONE km-1-kernel-init-compiles-nothing: PASS -- traces live at the kernelMemory baseline = 0; kernelMemory=164923
    g-string-r1-C-O SMOKE| MILESTONE cap-1-refusal-caught-machine-survives: FAIL -- shape=string OCLJCAP=filling/2480 running=true lastError=<null>   <- stuck at filling/2480 with the machine up, the refusal path never reached (cap 8000 ticks)
    g-string-r1-C-O     SMOKE| MILESTONE cap-1-refusal-caught-machine-survives: FAIL -- shape=string OCLJCAP=filling/2480 running=true lastError=<null>   <- stuck at filling/2480 with the machine up, the refusal path never reached (cap 8000 ticks)
g-string-r1-W-O exit=0 CLASS=CLEAN APACITY| shape=string native=additive jit=off jitearly=off tier=192KB scale=1.8 kernelMemory=164923 held=2218 why=not_enough_memory t_first5=0.0001 t_last5=0.0045 batches=222 last/first=45.00 freeKB_at_end/totalKB=0/192 arms=+311 refusals=+1 trace_flushes=+0 fill_ms=4969 queued=true running=true lastError=<null>
    g-string-r1-W-O CAP-IDLE| ticks=400 arms=+5 collects=+5 bailouts=+0 refusals=+0 trace_flushes=+0 trace_flush_bytes=+0 park_resets=+0 traces_live 0 -> 0 armed=0 state=0 stepmul=200 threshold=706000 gctotal=353344 ccap=518818 cused=353344 parked=false wallstats=present running=true
    g-string-r1-W-O CAP-LIVE| used=353478 kernelMemory=164923 user=188555 count(3 collects)=353430/353430/353430 total=518818 traces_live=0
    g-string-r1-W-O CAP-GC| collects=+311 bailouts=+0 overdrafts=+4237 od_peak=16716 od_state=0 park_resets=+0 od_limit=32768 kslice=16384 gc_low=366227 armby=0 window=4096 lends=+110 win=0 refused=52 end: armed=0 state=0 stepmul=200 threshold=732400 gctotal=395819 ccap=518818 cused=395819 parked=false
    g-string-r1-W-O CAP-X| batch=10 junk=24 OCLJCAPX=222/2210/0/0 traces(start/abort) 0/0 -> 0/0 class=CLEAN site=-
    g-string-r1-W-O SMOKE| MILESTONE km-1-kernel-init-compiles-nothing: PASS -- traces live at the kernelMemory baseline = 0; kernelMemory=164923
    g-string-r1-W-O SMOKE| MILESTONE cap-1-refusal-caught-machine-survives: PASS -- shape=string OCLJCAP=done/2218/not_enough_memory running=true lastError=<null>
g-string-r1-W-D exit=0 CLASS=CLEAN APACITY| shape=string native=additive jit=on jitearly=- tier=192KB scale=1.8 kernelMemory=164923 held=2048 why=not_enough_memory t_first5=0.0004 t_last5=0.0002 batches=205 last/first=0.50 freeKB_at_end/totalKB=0/192 arms=+390 refusals=+1 trace_flushes=+82 fill_ms=4478 queued=true running=true lastError=<null>
    g-string-r1-W-D CAP-IDLE| ticks=400 arms=+20 collects=+20 bailouts=+0 refusals=+0 trace_flushes=+0 trace_flush_bytes=+0 park_resets=+0 traces_live 51 -> 62 armed=0 state=0 stepmul=200 threshold=826800 gctotal=440966 ccap=518818 cused=440966 parked=false wallstats=present running=true
    g-string-r1-W-D CAP-LIVE| used=413512 kernelMemory=164923 user=248589 count(3 collects)=413528/413464/413464 total=518818 traces_live=62
    g-string-r1-W-D CAP-GC| collects=+390 bailouts=+0 overdrafts=+3523 od_peak=13634 od_state=0 park_resets=+0 od_limit=32768 kslice=16384 gc_low=410893 armby=0 window=4096 lends=+0 win=0 refused=16384 end: armed=0 state=0 stepmul=200 threshold=822000 gctotal=433913 ccap=518818 cused=433913 parked=false
    g-string-r1-W-D CAP-X| batch=10 junk=24 OCLJCAPX=205/2040/0/0 traces(start/abort) 339/195 -> 1133/353 class=CLEAN site=-
    g-string-r1-W-D SMOKE| MILESTONE km-1-kernel-init-compiles-nothing: PASS -- traces live at the kernelMemory baseline = 0; kernelMemory=164923
    g-string-r1-W-D SMOKE| MILESTONE cap-1-refusal-caught-machine-survives: PASS -- shape=string OCLJCAP=done/2048/not_enough_memory running=true lastError=<null>
g-string-r1-C-L exit=0 CLASS=CLEAN APACITY| shape=string native=luajit jit=on jitearly=- tier=192KB scale=1.8 kernelMemory=164247 held=2048 why=not_enough_memory t_first5=0.0001 t_last5=0.0002 batches=205 last/first=2.00 freeKB_at_end/totalKB=0/192 arms=+392 refusals=+1 trace_flushes=+82 fill_ms=4483 queued=true running=true lastError=<null>
    g-string-r1-C-L CAP-IDLE| ticks=400 arms=+20 collects=+20 bailouts=+0 refusals=+0 trace_flushes=+0 trace_flush_bytes=+0 park_resets=+0 traces_live 53 -> 60 armed=0 state=0 stepmul=200 threshold=816800 gctotal=417138 ccap=0 cused=417138 parked=false wallstats=present running=true
    g-string-r1-C-L CAP-LIVE| used=408896 kernelMemory=164247 user=244649 count(3 collects)=408912/408848/408848 total=518142 traces_live=60
    g-string-r1-C-L CAP-GC| collects=+392 bailouts=+0 overdrafts=+3500 od_peak=14878 od_state=0 park_resets=+0 od_limit=32768 kslice=16384 gc_low=413305 armby=0 window=n/a lends=+n/a win=n/a refused=n/a end: armed=0 state=0 stepmul=200 threshold=826600 gctotal=413589 ccap=0 cused=413589 parked=false
    g-string-r1-C-L CAP-X| batch=10 junk=24 OCLJCAPX=205/2040/0/0 traces(start/abort) 339/194 -> 1099/341 class=CLEAN site=-
    g-string-r1-C-L SMOKE| MILESTONE km-1-kernel-init-compiles-nothing: PASS -- traces live at the kernelMemory baseline = 0; kernelMemory=164247
    g-string-r1-C-L SMOKE| MILESTONE cap-1-refusal-caught-machine-survives: PASS -- shape=string OCLJCAP=done/2048/not_enough_memory running=true lastError=<null>
g-string-r1-W-L exit=0 CLASS=CLEAN APACITY| shape=string native=luajit jit=on jitearly=- tier=192KB scale=1.8 kernelMemory=164247 held=2048 why=not_enough_memory t_first5=0.0005 t_last5=0.0007 batches=205 last/first=1.40 freeKB_at_end/totalKB=0/192 arms=+320 refusals=+1 trace_flushes=+78 fill_ms=4725 queued=true running=true lastError=<null>
    g-string-r1-W-L CAP-IDLE| ticks=400 arms=+20 collects=+20 bailouts=+0 refusals=+0 trace_flushes=+0 trace_flush_bytes=+0 park_resets=+0 traces_live 57 -> 68 armed=0 state=0 stepmul=200 threshold=823800 gctotal=412230 ccap=0 cused=412230 parked=false wallstats=present running=true
    g-string-r1-W-L CAP-LIVE| used=412364 kernelMemory=164247 user=248117 count(3 collects)=412316/412316/412316 total=518142 traces_live=68
    g-string-r1-W-L CAP-GC| collects=+320 bailouts=+0 overdrafts=+2849 od_peak=12414 od_state=0 park_resets=+0 od_limit=32768 kslice=16384 gc_low=406297 armby=0 window=4096 lends=+0 win=0 refused=16384 end: armed=0 state=0 stepmul=200 threshold=814000 gctotal=415109 ccap=0 cused=415109 parked=false
    g-string-r1-W-L CAP-X| batch=10 junk=24 OCLJCAPX=205/2040/0/0 traces(start/abort) 362/211 -> 1140/374 class=CLEAN site=-
    g-string-r1-W-L SMOKE| MILESTONE km-1-kernel-init-compiles-nothing: PASS -- traces live at the kernelMemory baseline = 0; kernelMemory=164247
    g-string-r1-W-L SMOKE| MILESTONE cap-1-refusal-caught-machine-survives: PASS -- shape=string OCLJCAP=done/2048/not_enough_memory running=true lastError=<null>
g-string-r2-S exit=0 CLASS=CLEAN APACITY| shape=string native=stock jit=on jitearly=- tier=192KB scale=1.8 kernelMemory=174605 held=1024 why=not_enough_memory t_first5=0.0002 t_last5=0.0003 batches=103 last/first=1.50 freeKB_at_end/totalKB=3/192 arms=+n/a refusals=+n/a trace_flushes=+n/a fill_ms=2975 queued=true running=true lastError=<null>
    g-string-r2-S CAP-IDLE| ticks=400 arms=+n/a collects=+n/a bailouts=+n/a refusals=+n/a trace_flushes=+n/a trace_flush_bytes=+n/a park_resets=+n/a traces_live -1 -> -1 armed=n/a state=n/a stepmul=n/a threshold=n/a gctotal=n/a ccap=n/a cused=n/a parked=false wallstats=n/a running=true
    g-string-r2-S CAP-LIVE| used=431625 kernelMemory=174605 user=257020 count(3 collects)=434020/434020/434020 total=528500 traces_live=-1
    g-string-r2-S CAP-GC| collects=+n/a bailouts=+n/a overdrafts=+n/a od_peak=n/a od_state=n/a park_resets=+n/a od_limit=n/a kslice=n/a gc_low=n/a armby=n/a window=n/a lends=+n/a win=n/a refused=n/a end: armed=n/a state=n/a stepmul=n/a threshold=n/a gctotal=n/a ccap=n/a cused=n/a parked=false
    g-string-r2-S CAP-X| batch=10 junk=24 OCLJCAPX=103/1020/0/0 traces(start/abort) n/a -> n/a class=CLEAN site=-
    g-string-r2-S SMOKE| MILESTONE km-1-kernel-init-compiles-nothing: SKIP -- kernel=stock: OpenComputers' own kernel has no site 13 (not counted)
    g-string-r2-S SMOKE| MILESTONE cap-1-refusal-caught-machine-survives: PASS -- shape=string OCLJCAP=done/1024/not_enough_memory running=true lastError=<null>
g-string-r2-C-O exit=1 CLASS=DOWN APACITY| shape=string native=additive jit=off jitearly=off tier=192KB scale=1.8 kernelMemory=164923 held=? why=? t_first5=0.0001 t_last5=0.0008 batches=247 last/first=8.00 freeKB_at_end/totalKB=-1/-1 arms=+339 refusals=+4 trace_flushes=+0 fill_ms=3871 queued=true running=false lastError=not enough memory
    g-string-r2-C-O CAP-IDLE| ticks=400 arms=+0 collects=+0 bailouts=+0 refusals=+0 trace_flushes=+0 trace_flush_bytes=+0 park_resets=+0 traces_live 0 -> 0 armed=0 state=0 stepmul=200 threshold=705800 gctotal=353276 ccap=518818 cused=353276 parked=false wallstats=present running=true
    g-string-r2-C-O CAP-LIVE| used=353410 kernelMemory=164923 user=188487 count(3 collects)=353362/353362/353362 total=518818 traces_live=0
    g-string-r2-C-O CAP-GC| collects=+338 bailouts=+0 overdrafts=+11083 od_peak=32860 od_state=1 park_resets=+0 od_limit=32768 kslice=16384 gc_low=550778 armby=1 window=n/a lends=+n/a win=n/a refused=n/a end: armed=1 state=0 stepmul=0 threshold=1095800 gctotal=547994 ccap=2147483647 cused=547994 parked=true
    g-string-r2-C-O CAP-X| batch=10 junk=24 OCLJCAPX=247/2470/1/0 traces(start/abort) 0/0 -> n/a class=DOWN site=-
    g-string-r2-C-O SMOKE| MILESTONE km-1-kernel-init-compiles-nothing: PASS -- traces live at the kernelMemory baseline = 0; kernelMemory=164923
    g-string-r2-C-O SMOKE| MILESTONE cap-1-refusal-caught-machine-survives: FAIL -- shape=string OCLJCAP=filling/2470 running=false lastError=not enough memory   <- a refusal took the MACHINE down: raised where no handler of the program caught it (OpenOS's dispatcher, the kernel, or the probe's own allocations between batches)
    g-string-r2-C-O     SMOKE| MILESTONE cap-1-refusal-caught-machine-survives: FAIL -- shape=string OCLJCAP=filling/2470 running=false lastError=not enough memory   <- a refusal took the MACHINE down: raised where no handler of the program caught it (OpenOS's dispatcher, the kernel, or the probe's own allocations between batches)
g-string-r2-W-O exit=0 CLASS=CLEAN APACITY| shape=string native=additive jit=off jitearly=off tier=192KB scale=1.8 kernelMemory=164923 held=2489 why=not_enough_memory t_first5=0.0001 t_last5=0.0025 batches=249 last/first=25.00 freeKB_at_end/totalKB=0/192 arms=+486 refusals=+2 trace_flushes=+0 fill_ms=5238 queued=true running=true lastError=<null>
    g-string-r2-W-O CAP-IDLE| ticks=400 arms=+1 collects=+1 bailouts=+0 refusals=+0 trace_flushes=+0 trace_flush_bytes=+0 park_resets=+0 traces_live 0 -> 0 armed=0 state=0 stepmul=200 threshold=706400 gctotal=367968 ccap=518818 cused=367968 parked=false wallstats=present running=true
    g-string-r2-W-O CAP-LIVE| used=353622 kernelMemory=164923 user=188699 count(3 collects)=353638/353574/353574 total=518818 traces_live=0
    g-string-r2-W-O CAP-GC| collects=+486 bailouts=+0 overdrafts=+11442 od_peak=33060 od_state=0 park_resets=+0 od_limit=32768 kslice=16384 gc_low=366435 armby=0 window=4096 lends=+104 win=0 refused=52 end: armed=0 state=0 stepmul=200 threshold=732800 gctotal=395963 ccap=518818 cused=395963 parked=false
    g-string-r2-W-O CAP-X| batch=10 junk=24 OCLJCAPX=249/2480/1/0 traces(start/abort) 0/0 -> 0/0 class=CLEAN site=-
    g-string-r2-W-O SMOKE| MILESTONE km-1-kernel-init-compiles-nothing: PASS -- traces live at the kernelMemory baseline = 0; kernelMemory=164923
    g-string-r2-W-O SMOKE| MILESTONE cap-1-refusal-caught-machine-survives: PASS -- shape=string OCLJCAP=done/2489/not_enough_memory running=true lastError=<null>
g-string-r2-W-D exit=0 CLASS=CLEAN APACITY| shape=string native=additive jit=on jitearly=- tier=192KB scale=1.8 kernelMemory=164923 held=2049 why=not_enough_memory t_first5=0.0004 t_last5=0.0036 batches=205 last/first=9.00 freeKB_at_end/totalKB=0/192 arms=+385 refusals=+1 trace_flushes=+80 fill_ms=4734 queued=true running=true lastError=<null>
    g-string-r2-W-D CAP-IDLE| ticks=400 arms=+38 collects=+38 bailouts=+0 refusals=+0 trace_flushes=+1 trace_flush_bytes=+84796 park_resets=+0 traces_live 100 -> 61 armed=0 state=0 stepmul=200 threshold=814400 gctotal=415938 ccap=518818 cused=415938 parked=false wallstats=present running=true
    g-string-r2-W-D CAP-LIVE| used=407696 kernelMemory=164923 user=242773 count(3 collects)=407712/407648/407648 total=518818 traces_live=61
    g-string-r2-W-D CAP-GC| collects=+385 bailouts=+0 overdrafts=+1688 od_peak=19642 od_state=0 park_resets=+0 od_limit=32768 kslice=16384 gc_low=400773 armby=0 window=4096 lends=+3 win=0 refused=52 end: armed=0 state=0 stepmul=200 threshold=801400 gctotal=423013 ccap=518818 cused=423013 parked=false
    g-string-r2-W-D CAP-X| batch=10 junk=24 OCLJCAPX=205/2040/0/0 traces(start/abort) 356/190 -> 1105/332 class=CLEAN site=-
    g-string-r2-W-D SMOKE| MILESTONE km-1-kernel-init-compiles-nothing: PASS -- traces live at the kernelMemory baseline = 0; kernelMemory=164923
    g-string-r2-W-D SMOKE| MILESTONE cap-1-refusal-caught-machine-survives: PASS -- shape=string OCLJCAP=done/2049/not_enough_memory running=true lastError=<null>
g-string-r2-C-L exit=0 CLASS=CLEAN APACITY| shape=string native=luajit jit=on jitearly=- tier=192KB scale=1.8 kernelMemory=164247 held=2048 why=not_enough_memory t_first5=0.0002 t_last5=0.0006 batches=205 last/first=3.00 freeKB_at_end/totalKB=0/192 arms=+360 refusals=+1 trace_flushes=+82 fill_ms=4489 queued=true running=true lastError=<null>
    g-string-r2-C-L CAP-IDLE| ticks=400 arms=+20 collects=+20 bailouts=+0 refusals=+0 trace_flushes=+0 trace_flush_bytes=+0 park_resets=+0 traces_live 57 -> 66 armed=0 state=0 stepmul=200 threshold=822200 gctotal=418510 ccap=0 cused=418510 parked=false wallstats=present running=true
    g-string-r2-C-L CAP-LIVE| used=411532 kernelMemory=164247 user=247285 count(3 collects)=411548/411484/411484 total=518142 traces_live=66
    g-string-r2-C-L CAP-GC| collects=+360 bailouts=+0 overdrafts=+2801 od_peak=12850 od_state=0 park_resets=+0 od_limit=32768 kslice=16384 gc_low=405373 armby=0 window=n/a lends=+n/a win=n/a refused=n/a end: armed=0 state=0 stepmul=200 threshold=810600 gctotal=423677 ccap=0 cused=423677 parked=false
    g-string-r2-C-L CAP-X| batch=10 junk=24 OCLJCAPX=205/2040/0/0 traces(start/abort) 328/173 -> 1109/329 class=CLEAN site=-
    g-string-r2-C-L SMOKE| MILESTONE km-1-kernel-init-compiles-nothing: PASS -- traces live at the kernelMemory baseline = 0; kernelMemory=164247
    g-string-r2-C-L SMOKE| MILESTONE cap-1-refusal-caught-machine-survives: PASS -- shape=string OCLJCAP=done/2048/not_enough_memory running=true lastError=<null>
g-string-r2-W-L exit=0 CLASS=CLEAN APACITY| shape=string native=luajit jit=on jitearly=- tier=192KB scale=1.8 kernelMemory=164247 held=2048 why=not_enough_memory t_first5=0.0003 t_last5=0.0002 batches=205 last/first=0.67 freeKB_at_end/totalKB=0/192 arms=+417 refusals=+1 trace_flushes=+85 fill_ms=4486 queued=true running=true lastError=<null>
    g-string-r2-W-L CAP-IDLE| ticks=400 arms=+24 collects=+24 bailouts=+0 refusals=+0 trace_flushes=+0 trace_flush_bytes=+0 park_resets=+0 traces_live 62 -> 70 armed=0 state=0 stepmul=200 threshold=838400 gctotal=427954 ccap=0 cused=427954 parked=false wallstats=present running=true
    g-string-r2-W-L CAP-LIVE| used=419712 kernelMemory=164247 user=255465 count(3 collects)=419728/419664/419664 total=518142 traces_live=70
    g-string-r2-W-L CAP-GC| collects=+417 bailouts=+0 overdrafts=+3639 od_peak=15370 od_state=0 park_resets=+0 od_limit=32768 kslice=16384 gc_low=405837 armby=0 window=4096 lends=+0 win=0 refused=16384 end: armed=0 state=0 stepmul=200 threshold=811600 gctotal=406121 ccap=0 cused=406121 parked=false
    g-string-r2-W-L CAP-X| batch=10 junk=24 OCLJCAPX=205/2040/0/0 traces(start/abort) 382/226 -> 1164/387 class=CLEAN site=-
    g-string-r2-W-L SMOKE| MILESTONE km-1-kernel-init-compiles-nothing: PASS -- traces live at the kernelMemory baseline = 0; kernelMemory=164247
    g-string-r2-W-L SMOKE| MILESTONE cap-1-refusal-caught-machine-survives: PASS -- shape=string OCLJCAP=done/2048/not_enough_memory running=true lastError=<null>
g-string-r3-S exit=0 CLASS=CLEAN APACITY| shape=string native=stock jit=on jitearly=- tier=192KB scale=1.8 kernelMemory=174605 held=610 why=not_enough_memory t_first5=0.0002 t_last5=0.0003 batches=62 last/first=1.50 freeKB_at_end/totalKB=7/192 arms=+n/a refusals=+n/a trace_flushes=+n/a fill_ms=2242 queued=true running=true lastError=<null>
    g-string-r3-S CAP-IDLE| ticks=400 arms=+n/a collects=+n/a bailouts=+n/a refusals=+n/a trace_flushes=+n/a trace_flush_bytes=+n/a park_resets=+n/a traces_live -1 -> -1 armed=n/a state=n/a stepmul=n/a threshold=n/a gctotal=n/a ccap=n/a cused=n/a parked=false wallstats=n/a running=true
    g-string-r3-S CAP-LIVE| used=431559 kernelMemory=174605 user=256954 count(3 collects)=433954/433954/433954 total=528500 traces_live=-1
    g-string-r3-S CAP-GC| collects=+n/a bailouts=+n/a overdrafts=+n/a od_peak=n/a od_state=n/a park_resets=+n/a od_limit=n/a kslice=n/a gc_low=n/a armby=n/a window=n/a lends=+n/a win=n/a refused=n/a end: armed=n/a state=n/a stepmul=n/a threshold=n/a gctotal=n/a ccap=n/a cused=n/a parked=false
    g-string-r3-S CAP-X| batch=10 junk=24 OCLJCAPX=62/610/0/0 traces(start/abort) n/a -> n/a class=CLEAN site=-
    g-string-r3-S SMOKE| MILESTONE km-1-kernel-init-compiles-nothing: SKIP -- kernel=stock: OpenComputers' own kernel has no site 13 (not counted)
    g-string-r3-S SMOKE| MILESTONE cap-1-refusal-caught-machine-survives: PASS -- shape=string OCLJCAP=done/610/not_enough_memory running=true lastError=<null>
g-string-r3-C-O exit=1 CLASS=STALL APACITY| shape=string native=additive jit=off jitearly=off tier=192KB scale=1.8 kernelMemory=164923 held=? why=? t_first5=0.0001 t_last5=0.0019 batches=253 last/first=19.00 freeKB_at_end/totalKB=-1/-1 arms=+358 refusals=+5 trace_flushes=+0 fill_ms=250109 queued=true running=true lastError=<null>
    g-string-r3-C-O CAP-IDLE| ticks=400 arms=+0 collects=+0 bailouts=+0 refusals=+0 trace_flushes=+0 trace_flush_bytes=+0 park_resets=+0 traces_live 0 -> 0 armed=0 state=0 stepmul=200 threshold=706800 gctotal=432152 ccap=518818 cused=432152 parked=false wallstats=present running=true
    g-string-r3-C-O CAP-LIVE| used=353830 kernelMemory=164923 user=188907 count(3 collects)=353782/353782/353782 total=518818 traces_live=0
    g-string-r3-C-O CAP-GC| collects=+358 bailouts=+0 overdrafts=+13816 od_peak=32868 od_state=0 park_resets=+0 od_limit=32768 kslice=16384 gc_low=363663 armby=1 window=n/a lends=+n/a win=n/a refused=n/a end: armed=0 state=0 stepmul=200 threshold=727200 gctotal=386443 ccap=518818 cused=386443 parked=false
    g-string-r3-C-O CAP-X| batch=10 junk=24 OCLJCAPX=253/2520/2/1 traces(start/abort) 0/0 -> 0/0 class=STALL site=event.timer
    g-string-r3-C-O SMOKE| MILESTONE km-1-kernel-init-compiles-nothing: PASS -- traces live at the kernelMemory baseline = 0; kernelMemory=164923
    g-string-r3-C-O SMOKE| MILESTONE cap-1-refusal-caught-machine-survives: FAIL -- shape=string OCLJCAP=filling/2530 running=true lastError=<null>   <- stuck at filling/2530 with the machine up, the refusal path never reached (cap 8000 ticks)
    g-string-r3-C-O     SMOKE| MILESTONE cap-1-refusal-caught-machine-survives: FAIL -- shape=string OCLJCAP=filling/2530 running=true lastError=<null>   <- stuck at filling/2530 with the machine up, the refusal path never reached (cap 8000 ticks)
g-string-r3-W-O exit=0 CLASS=CLEAN APACITY| shape=string native=additive jit=off jitearly=off tier=192KB scale=1.8 kernelMemory=164923 held=2489 why=not_enough_memory t_first5=0.0001 t_last5=0.0039 batches=249 last/first=39.00 freeKB_at_end/totalKB=0/192 arms=+485 refusals=+2 trace_flushes=+0 fill_ms=5227 queued=true running=true lastError=<null>
    g-string-r3-W-O CAP-IDLE| ticks=400 arms=+4 collects=+4 bailouts=+0 refusals=+0 trace_flushes=+0 trace_flush_bytes=+0 park_resets=+0 traces_live 0 -> 0 armed=0 state=0 stepmul=200 threshold=706400 gctotal=360600 ccap=518818 cused=360600 parked=false wallstats=present running=true
    g-string-r3-W-O CAP-LIVE| used=353622 kernelMemory=164923 user=188699 count(3 collects)=353638/353574/353574 total=518818 traces_live=0
    g-string-r3-W-O CAP-GC| collects=+485 bailouts=+0 overdrafts=+11408 od_peak=33060 od_state=0 park_resets=+0 od_limit=32768 kslice=16384 gc_low=366371 armby=0 window=4096 lends=+102 win=0 refused=52 end: armed=0 state=0 stepmul=200 threshold=732800 gctotal=381227 ccap=518818 cused=381227 parked=false
    g-string-r3-W-O CAP-X| batch=10 junk=24 OCLJCAPX=249/2480/1/0 traces(start/abort) 0/0 -> 0/0 class=CLEAN site=-
    g-string-r3-W-O SMOKE| MILESTONE km-1-kernel-init-compiles-nothing: PASS -- traces live at the kernelMemory baseline = 0; kernelMemory=164923
    g-string-r3-W-O SMOKE| MILESTONE cap-1-refusal-caught-machine-survives: PASS -- shape=string OCLJCAP=done/2489/not_enough_memory running=true lastError=<null>
g-string-r3-W-D exit=0 CLASS=CLEAN APACITY| shape=string native=additive jit=on jitearly=- tier=192KB scale=1.8 kernelMemory=164923 held=2048 why=not_enough_memory t_first5=0.0002 t_last5=0.0002 batches=205 last/first=1.00 freeKB_at_end/totalKB=0/192 arms=+364 refusals=+1 trace_flushes=+77 fill_ms=4732 queued=true running=true lastError=<null>
    g-string-r3-W-D CAP-IDLE| ticks=400 arms=+20 collects=+20 bailouts=+0 refusals=+0 trace_flushes=+0 trace_flush_bytes=+0 park_resets=+0 traces_live 55 -> 67 armed=0 state=0 stepmul=200 threshold=832600 gctotal=444298 ccap=518818 cused=444298 parked=false wallstats=present running=true
    g-string-r3-W-D CAP-LIVE| used=414940 kernelMemory=164923 user=250017 count(3 collects)=414892/414892/414892 total=518818 traces_live=67
    g-string-r3-W-D CAP-GC| collects=+364 bailouts=+0 overdrafts=+3114 od_peak=12522 od_state=0 park_resets=+0 od_limit=32768 kslice=16384 gc_low=406033 armby=0 window=4096 lends=+0 win=0 refused=16384 end: armed=0 state=0 stepmul=200 threshold=815800 gctotal=415329 ccap=518818 cused=415329 parked=false
    g-string-r3-W-D CAP-X| batch=10 junk=24 OCLJCAPX=205/2040/0/0 traces(start/abort) 337/178 -> 1090/328 class=CLEAN site=-
    g-string-r3-W-D SMOKE| MILESTONE km-1-kernel-init-compiles-nothing: PASS -- traces live at the kernelMemory baseline = 0; kernelMemory=164923
    g-string-r3-W-D SMOKE| MILESTONE cap-1-refusal-caught-machine-survives: PASS -- shape=string OCLJCAP=done/2048/not_enough_memory running=true lastError=<null>
g-string-r3-C-L exit=0 CLASS=CLEAN APACITY| shape=string native=luajit jit=on jitearly=- tier=192KB scale=1.8 kernelMemory=164247 held=2048 why=not_enough_memory t_first5=0.0003 t_last5=0.0003 batches=205 last/first=1.00 freeKB_at_end/totalKB=0/192 arms=+385 refusals=+1 trace_flushes=+85 fill_ms=4496 queued=true running=true lastError=<null>
    g-string-r3-C-L CAP-IDLE| ticks=400 arms=+21 collects=+21 bailouts=+0 refusals=+0 trace_flushes=+0 trace_flush_bytes=+0 park_resets=+0 traces_live 52 -> 64 armed=0 state=0 stepmul=200 threshold=824800 gctotal=435178 ccap=0 cused=435178 parked=false wallstats=present running=true
    g-string-r3-C-L CAP-LIVE| used=412832 kernelMemory=164247 user=248585 count(3 collects)=412848/412784/412784 total=518142 traces_live=64
    g-string-r3-C-L CAP-GC| collects=+385 bailouts=+0 overdrafts=+3777 od_peak=14050 od_state=0 park_resets=+0 od_limit=32768 kslice=16384 gc_low=409173 armby=0 window=n/a lends=+n/a win=n/a refused=n/a end: armed=0 state=0 stepmul=200 threshold=818200 gctotal=423965 ccap=0 cused=423965 parked=false
    g-string-r3-C-L CAP-X| batch=10 junk=24 OCLJCAPX=205/2040/0/0 traces(start/abort) 360/211 -> 1185/359 class=CLEAN site=-
    g-string-r3-C-L SMOKE| MILESTONE km-1-kernel-init-compiles-nothing: PASS -- traces live at the kernelMemory baseline = 0; kernelMemory=164247
    g-string-r3-C-L SMOKE| MILESTONE cap-1-refusal-caught-machine-survives: PASS -- shape=string OCLJCAP=done/2048/not_enough_memory running=true lastError=<null>
g-string-r3-W-L exit=0 CLASS=CLEAN APACITY| shape=string native=luajit jit=on jitearly=- tier=192KB scale=1.8 kernelMemory=164247 held=2049 why=not_enough_memory t_first5=0.0005 t_last5=0.0006 batches=205 last/first=1.20 freeKB_at_end/totalKB=0/192 arms=+357 refusals=+1 trace_flushes=+76 fill_ms=4488 queued=true running=true lastError=<null>
    g-string-r3-W-L CAP-IDLE| ticks=400 arms=+20 collects=+20 bailouts=+0 refusals=+0 trace_flushes=+0 trace_flush_bytes=+0 park_resets=+0 traces_live 52 -> 64 armed=0 state=0 stepmul=200 threshold=819200 gctotal=423742 ccap=0 cused=423742 parked=false wallstats=present running=true
    g-string-r3-W-L CAP-LIVE| used=410028 kernelMemory=164247 user=245781 count(3 collects)=410044/409980/409980 total=518142 traces_live=64
    g-string-r3-W-L CAP-GC| collects=+357 bailouts=+0 overdrafts=+2912 od_peak=20478 od_state=0 park_resets=+0 od_limit=32768 kslice=16384 gc_low=405133 armby=0 window=4096 lends=+3 win=0 refused=52 end: armed=0 state=0 stepmul=200 threshold=810000 gctotal=430245 ccap=0 cused=430245 parked=false
    g-string-r3-W-L CAP-X| batch=10 junk=24 OCLJCAPX=205/2040/0/0 traces(start/abort) 360/204 -> 1094/360 class=CLEAN site=-
    g-string-r3-W-L SMOKE| MILESTONE km-1-kernel-init-compiles-nothing: PASS -- traces live at the kernelMemory baseline = 0; kernelMemory=164247
    g-string-r3-W-L SMOKE| MILESTONE cap-1-refusal-caught-machine-survives: PASS -- shape=string OCLJCAP=done/2049/not_enough_memory running=true lastError=<null>
g-string-r4-S exit=1 CLASS=STALL APACITY| shape=string native=stock jit=on jitearly=- tier=192KB scale=1.8 kernelMemory=174605 held=? why=? t_first5=0.0002 t_last5=0.0013 batches=85 last/first=6.50 freeKB_at_end/totalKB=-1/-1 arms=+n/a refusals=+n/a trace_flushes=+n/a fill_ms=250104 queued=true running=true lastError=<null>
    g-string-r4-S CAP-IDLE| ticks=400 arms=+n/a collects=+n/a bailouts=+n/a refusals=+n/a trace_flushes=+n/a trace_flush_bytes=+n/a park_resets=+n/a traces_live -1 -> -1 armed=n/a state=n/a stepmul=n/a threshold=n/a gctotal=n/a ccap=n/a cused=n/a parked=false wallstats=n/a running=true
    g-string-r4-S CAP-LIVE| used=431625 kernelMemory=174605 user=257020 count(3 collects)=434020/434020/434020 total=528500 traces_live=-1
    g-string-r4-S CAP-GC| collects=+n/a bailouts=+n/a overdrafts=+n/a od_peak=n/a od_state=n/a park_resets=+n/a od_limit=n/a kslice=n/a gc_low=n/a armby=n/a window=n/a lends=+n/a win=n/a refused=n/a end: armed=n/a state=n/a stepmul=n/a threshold=n/a gctotal=n/a ccap=n/a cused=n/a parked=false
    g-string-r4-S CAP-X| batch=10 junk=24 OCLJCAPX=86/850/6/2 traces(start/abort) n/a -> n/a class=STALL site=closure
    g-string-r4-S SMOKE| MILESTONE km-1-kernel-init-compiles-nothing: SKIP -- kernel=stock: OpenComputers' own kernel has no site 13 (not counted)
    g-string-r4-S SMOKE| MILESTONE cap-1-refusal-caught-machine-survives: FAIL -- shape=string OCLJCAP=filling/850 running=true lastError=<null>   <- stuck at filling/850 with the machine up, the refusal path never reached (cap 8000 ticks)
    g-string-r4-S     SMOKE| MILESTONE cap-1-refusal-caught-machine-survives: FAIL -- shape=string OCLJCAP=filling/850 running=true lastError=<null>   <- stuck at filling/850 with the machine up, the refusal path never reached (cap 8000 ticks)
g-string-r4-C-O exit=1 CLASS=DOWN APACITY| shape=string native=additive jit=off jitearly=off tier=192KB scale=1.8 kernelMemory=164923 held=? why=? t_first5=0.0001 t_last5=0.0006 batches=247 last/first=6.00 freeKB_at_end/totalKB=-1/-1 arms=+352 refusals=+4 trace_flushes=+0 fill_ms=3897 queued=true running=false lastError=not enough memory
    g-string-r4-C-O CAP-IDLE| ticks=400 arms=+0 collects=+0 bailouts=+0 refusals=+0 trace_flushes=+0 trace_flush_bytes=+0 park_resets=+0 traces_live 0 -> 0 armed=0 state=0 stepmul=200 threshold=705800 gctotal=425508 ccap=518818 cused=425508 parked=false wallstats=present running=true
    g-string-r4-C-O CAP-LIVE| used=353410 kernelMemory=164923 user=188487 count(3 collects)=353426/353362/353362 total=518818 traces_live=0
    g-string-r4-C-O CAP-GC| collects=+351 bailouts=+0 overdrafts=+11102 od_peak=32860 od_state=1 park_resets=+0 od_limit=32768 kslice=16384 gc_low=550778 armby=1 window=n/a lends=+n/a win=n/a refused=n/a end: armed=1 state=0 stepmul=0 threshold=1095800 gctotal=547994 ccap=2147483647 cused=547994 parked=true
    g-string-r4-C-O CAP-X| batch=10 junk=24 OCLJCAPX=247/2470/1/0 traces(start/abort) 0/0 -> n/a class=DOWN site=-
    g-string-r4-C-O SMOKE| MILESTONE km-1-kernel-init-compiles-nothing: PASS -- traces live at the kernelMemory baseline = 0; kernelMemory=164923
    g-string-r4-C-O SMOKE| MILESTONE cap-1-refusal-caught-machine-survives: FAIL -- shape=string OCLJCAP=filling/2470 running=false lastError=not enough memory   <- a refusal took the MACHINE down: raised where no handler of the program caught it (OpenOS's dispatcher, the kernel, or the probe's own allocations between batches)
    g-string-r4-C-O     SMOKE| MILESTONE cap-1-refusal-caught-machine-survives: FAIL -- shape=string OCLJCAP=filling/2470 running=false lastError=not enough memory   <- a refusal took the MACHINE down: raised where no handler of the program caught it (OpenOS's dispatcher, the kernel, or the probe's own allocations between batches)
g-string-r4-W-O exit=0 CLASS=CLEAN APACITY| shape=string native=additive jit=off jitearly=off tier=192KB scale=1.8 kernelMemory=164923 held=2217 why=not_enough_memory t_first5=0.0001 t_last5=0.0036 batches=222 last/first=36.00 freeKB_at_end/totalKB=0/192 arms=+339 refusals=+1 trace_flushes=+0 fill_ms=4991 queued=true running=true lastError=<null>
    g-string-r4-W-O CAP-IDLE| ticks=400 arms=+0 collects=+0 bailouts=+0 refusals=+0 trace_flushes=+0 trace_flush_bytes=+0 park_resets=+0 traces_live 0 -> 0 armed=0 state=0 stepmul=200 threshold=706200 gctotal=353420 ccap=518818 cused=353420 parked=false wallstats=present running=true
    g-string-r4-W-O CAP-LIVE| used=353554 kernelMemory=164923 user=188631 count(3 collects)=353506/353506/353506 total=518818 traces_live=0
    g-string-r4-W-O CAP-GC| collects=+339 bailouts=+0 overdrafts=+4228 od_peak=16792 od_state=0 park_resets=+0 od_limit=32768 kslice=16384 gc_low=366303 armby=0 window=4096 lends=+172 win=0 refused=52 end: armed=0 state=0 stepmul=200 threshold=732600 gctotal=395895 ccap=518818 cused=395895 parked=false
    g-string-r4-W-O CAP-X| batch=10 junk=24 OCLJCAPX=222/2210/0/0 traces(start/abort) 0/0 -> 0/0 class=CLEAN site=-
    g-string-r4-W-O SMOKE| MILESTONE km-1-kernel-init-compiles-nothing: PASS -- traces live at the kernelMemory baseline = 0; kernelMemory=164923
    g-string-r4-W-O SMOKE| MILESTONE cap-1-refusal-caught-machine-survives: PASS -- shape=string OCLJCAP=done/2217/not_enough_memory running=true lastError=<null>
g-string-r4-W-D exit=0 CLASS=CLEAN APACITY| shape=string native=additive jit=on jitearly=- tier=192KB scale=1.8 kernelMemory=164923 held=2048 why=not_enough_memory t_first5=0.0006 t_last5=0.0018 batches=205 last/first=3.00 freeKB_at_end/totalKB=0/192 arms=+368 refusals=+1 trace_flushes=+79 fill_ms=4488 queued=true running=true lastError=<null>
    g-string-r4-W-D CAP-IDLE| ticks=400 arms=+20 collects=+20 bailouts=+0 refusals=+0 trace_flushes=+0 trace_flush_bytes=+0 park_resets=+0 traces_live 53 -> 68 armed=0 state=0 stepmul=200 threshold=835400 gctotal=425790 ccap=518818 cused=425790 parked=false wallstats=present running=true
    g-string-r4-W-D CAP-LIVE| used=418180 kernelMemory=164923 user=253257 count(3 collects)=418196/418132/418132 total=518818 traces_live=68
    g-string-r4-W-D CAP-GC| collects=+368 bailouts=+0 overdrafts=+2416 od_peak=14930 od_state=0 park_resets=+0 od_limit=32768 kslice=16384 gc_low=405245 armby=0 window=4096 lends=+0 win=0 refused=16384 end: armed=0 state=0 stepmul=200 threshold=810400 gctotal=405529 ccap=518818 cused=405529 parked=false
    g-string-r4-W-D CAP-X| batch=10 junk=24 OCLJCAPX=205/2040/0/0 traces(start/abort) 320/168 -> 1067/308 class=CLEAN site=-
    g-string-r4-W-D SMOKE| MILESTONE km-1-kernel-init-compiles-nothing: PASS -- traces live at the kernelMemory baseline = 0; kernelMemory=164923
    g-string-r4-W-D SMOKE| MILESTONE cap-1-refusal-caught-machine-survives: PASS -- shape=string OCLJCAP=done/2048/not_enough_memory running=true lastError=<null>
g-string-r4-C-L exit=0 CLASS=CLEAN APACITY| shape=string native=luajit jit=on jitearly=- tier=192KB scale=1.8 kernelMemory=164247 held=2048 why=not_enough_memory t_first5=0.0002 t_last5=0.0015 batches=205 last/first=7.50 freeKB_at_end/totalKB=0/192 arms=+323 refusals=+1 trace_flushes=+76 fill_ms=4481 queued=true running=true lastError=<null>
    g-string-r4-C-L CAP-IDLE| ticks=400 arms=+20 collects=+20 bailouts=+0 refusals=+0 trace_flushes=+0 trace_flush_bytes=+0 park_resets=+0 traces_live 48 -> 65 armed=0 state=0 stepmul=200 threshold=815000 gctotal=437018 ccap=0 cused=437018 parked=false wallstats=present running=true
    g-string-r4-C-L CAP-LIVE| used=407936 kernelMemory=164247 user=243689 count(3 collects)=407952/407888/407888 total=518142 traces_live=65
    g-string-r4-C-L CAP-GC| collects=+323 bailouts=+0 overdrafts=+2305 od_peak=12982 od_state=0 park_resets=+0 od_limit=32768 kslice=16384 gc_low=406929 armby=0 window=n/a lends=+n/a win=n/a refused=n/a end: armed=0 state=0 stepmul=200 threshold=815000 gctotal=429129 ccap=0 cused=429129 parked=false
    g-string-r4-C-L CAP-X| batch=10 junk=24 OCLJCAPX=205/2040/0/0 traces(start/abort) 315/159 -> 1052/320 class=CLEAN site=-
    g-string-r4-C-L SMOKE| MILESTONE km-1-kernel-init-compiles-nothing: PASS -- traces live at the kernelMemory baseline = 0; kernelMemory=164247
    g-string-r4-C-L SMOKE| MILESTONE cap-1-refusal-caught-machine-survives: PASS -- shape=string OCLJCAP=done/2048/not_enough_memory running=true lastError=<null>
g-string-r4-W-L exit=0 CLASS=CLEAN APACITY| shape=string native=luajit jit=on jitearly=- tier=192KB scale=1.8 kernelMemory=164247 held=2049 why=not_enough_memory t_first5=0.0001 t_last5=0.0012 batches=205 last/first=12.00 freeKB_at_end/totalKB=0/192 arms=+410 refusals=+1 trace_flushes=+83 fill_ms=4485 queued=true running=true lastError=<null>
    g-string-r4-W-L CAP-IDLE| ticks=400 arms=+20 collects=+20 bailouts=+0 refusals=+0 trace_flushes=+0 trace_flush_bytes=+0 park_resets=+0 traces_live 51 -> 64 armed=0 state=0 stepmul=200 threshold=816800 gctotal=431178 ccap=0 cused=431178 parked=false wallstats=present running=true
    g-string-r4-W-L CAP-LIVE| used=408832 kernelMemory=164247 user=244585 count(3 collects)=408848/408784/408784 total=518142 traces_live=64
    g-string-r4-W-L CAP-GC| collects=+410 bailouts=+0 overdrafts=+2519 od_peak=20478 od_state=0 park_resets=+0 od_limit=32768 kslice=16384 gc_low=405597 armby=0 window=4096 lends=+3 win=0 refused=52 end: armed=0 state=0 stepmul=200 threshold=812000 gctotal=420161 ccap=0 cused=420161 parked=false
    g-string-r4-W-L CAP-X| batch=10 junk=24 OCLJCAPX=205/2040/0/0 traces(start/abort) 332/181 -> 1081/338 class=CLEAN site=-
    g-string-r4-W-L SMOKE| MILESTONE km-1-kernel-init-compiles-nothing: PASS -- traces live at the kernelMemory baseline = 0; kernelMemory=164247
    g-string-r4-W-L SMOKE| MILESTONE cap-1-refusal-caught-machine-survives: PASS -- shape=string OCLJCAP=done/2049/not_enough_memory running=true lastError=<null>
g-string-r5-S exit=0 CLASS=CLEAN APACITY| shape=string native=stock jit=on jitearly=- tier=192KB scale=1.8 kernelMemory=174605 held=580 why=not_enough_memory t_first5=0.0001 t_last5=0.0006 batches=58 last/first=6.00 freeKB_at_end/totalKB=8/192 arms=+n/a refusals=+n/a trace_flushes=+n/a fill_ms=2242 queued=true running=true lastError=<null>
    g-string-r5-S CAP-IDLE| ticks=400 arms=+n/a collects=+n/a bailouts=+n/a refusals=+n/a trace_flushes=+n/a trace_flush_bytes=+n/a park_resets=+n/a traces_live -1 -> -1 armed=n/a state=n/a stepmul=n/a threshold=n/a gctotal=n/a ccap=n/a cused=n/a parked=false wallstats=n/a running=true
    g-string-r5-S CAP-LIVE| used=431625 kernelMemory=174605 user=257020 count(3 collects)=434020/434020/434020 total=528500 traces_live=-1
    g-string-r5-S CAP-GC| collects=+n/a bailouts=+n/a overdrafts=+n/a od_peak=n/a od_state=n/a park_resets=+n/a od_limit=n/a kslice=n/a gc_low=n/a armby=n/a window=n/a lends=+n/a win=n/a refused=n/a end: armed=n/a state=n/a stepmul=n/a threshold=n/a gctotal=n/a ccap=n/a cused=n/a parked=false
    g-string-r5-S CAP-X| batch=10 junk=24 OCLJCAPX=58/570/0/0 traces(start/abort) n/a -> n/a class=CLEAN site=-
    g-string-r5-S SMOKE| MILESTONE km-1-kernel-init-compiles-nothing: SKIP -- kernel=stock: OpenComputers' own kernel has no site 13 (not counted)
    g-string-r5-S SMOKE| MILESTONE cap-1-refusal-caught-machine-survives: PASS -- shape=string OCLJCAP=done/580/not_enough_memory running=true lastError=<null>
g-string-r5-C-O exit=0 CLASS=CLEAN APACITY| shape=string native=additive jit=off jitearly=off tier=192KB scale=1.8 kernelMemory=164923 held=2533 why=not_enough_memory t_first5=0.0001 t_last5=0.0017 batches=254 last/first=17.00 freeKB_at_end/totalKB=0/192 arms=+389 refusals=+5 trace_flushes=+0 fill_ms=5220 queued=true running=true lastError=<null>
    g-string-r5-C-O CAP-IDLE| ticks=400 arms=+7 collects=+7 bailouts=+0 refusals=+0 trace_flushes=+0 trace_flush_bytes=+0 park_resets=+0 traces_live 0 -> 0 armed=0 state=0 stepmul=200 threshold=706000 gctotal=427768 ccap=518818 cused=427768 parked=false wallstats=present running=true
    g-string-r5-C-O CAP-LIVE| used=353478 kernelMemory=164923 user=188555 count(3 collects)=353494/353430/353430 total=518818 traces_live=0
    g-string-r5-C-O CAP-GC| collects=+389 bailouts=+0 overdrafts=+14011 od_peak=32900 od_state=0 park_resets=+0 od_limit=32768 kslice=16384 gc_low=363619 armby=1 window=n/a lends=+n/a win=n/a refused=n/a end: armed=0 state=0 stepmul=200 threshold=727200 gctotal=379675 ccap=518818 cused=379675 parked=false
    g-string-r5-C-O CAP-X| batch=10 junk=24 OCLJCAPX=254/2530/3/0 traces(start/abort) 0/0 -> 0/0 class=CLEAN site=-
    g-string-r5-C-O SMOKE| MILESTONE km-1-kernel-init-compiles-nothing: PASS -- traces live at the kernelMemory baseline = 0; kernelMemory=164923
    g-string-r5-C-O SMOKE| MILESTONE cap-1-refusal-caught-machine-survives: PASS -- shape=string OCLJCAP=done/2533/not_enough_memory running=true lastError=<null>
g-string-r5-W-O exit=0 CLASS=CLEAN APACITY| shape=string native=additive jit=off jitearly=off tier=192KB scale=1.8 kernelMemory=164923 held=2218 why=not_enough_memory t_first5=0.0003 t_last5=0.0040 batches=222 last/first=13.33 freeKB_at_end/totalKB=0/192 arms=+321 refusals=+1 trace_flushes=+0 fill_ms=4976 queued=true running=true lastError=<null>
    g-string-r5-W-O CAP-IDLE| ticks=400 arms=+1 collects=+1 bailouts=+0 refusals=+0 trace_flushes=+0 trace_flush_bytes=+0 park_resets=+0 traces_live 0 -> 0 armed=0 state=0 stepmul=200 threshold=706000 gctotal=353344 ccap=518818 cused=353344 parked=false wallstats=present running=true
    g-string-r5-W-O CAP-LIVE| used=353478 kernelMemory=164923 user=188555 count(3 collects)=353430/353430/353430 total=518818 traces_live=0
    g-string-r5-W-O CAP-GC| collects=+321 bailouts=+0 overdrafts=+4238 od_peak=16716 od_state=0 park_resets=+0 od_limit=32768 kslice=16384 gc_low=366227 armby=0 window=4096 lends=+108 win=0 refused=52 end: armed=0 state=0 stepmul=200 threshold=732400 gctotal=395819 ccap=518818 cused=395819 parked=false
    g-string-r5-W-O CAP-X| batch=10 junk=24 OCLJCAPX=222/2210/0/0 traces(start/abort) 0/0 -> 0/0 class=CLEAN site=-
    g-string-r5-W-O SMOKE| MILESTONE km-1-kernel-init-compiles-nothing: PASS -- traces live at the kernelMemory baseline = 0; kernelMemory=164923
    g-string-r5-W-O SMOKE| MILESTONE cap-1-refusal-caught-machine-survives: PASS -- shape=string OCLJCAP=done/2218/not_enough_memory running=true lastError=<null>
g-string-r5-W-D exit=0 CLASS=CLEAN APACITY| shape=string native=additive jit=on jitearly=- tier=192KB scale=1.8 kernelMemory=164923 held=2048 why=not_enough_memory t_first5=0.0001 t_last5=0.0004 batches=205 last/first=4.00 freeKB_at_end/totalKB=0/192 arms=+371 refusals=+1 trace_flushes=+77 fill_ms=4476 queued=true running=true lastError=<null>
    g-string-r5-W-D CAP-IDLE| ticks=400 arms=+20 collects=+20 bailouts=+0 refusals=+0 trace_flushes=+0 trace_flush_bytes=+0 park_resets=+0 traces_live 51 -> 72 armed=0 state=0 stepmul=200 threshold=830800 gctotal=444094 ccap=518818 cused=444094 parked=false wallstats=present running=true
    g-string-r5-W-D CAP-LIVE| used=414400 kernelMemory=164923 user=249477 count(3 collects)=414416/414352/414352 total=518818 traces_live=72
    g-string-r5-W-D CAP-GC| collects=+371 bailouts=+0 overdrafts=+2636 od_peak=11346 od_state=0 park_resets=+0 od_limit=32768 kslice=16384 gc_low=404821 armby=0 window=4096 lends=+0 win=0 refused=16384 end: armed=0 state=0 stepmul=200 threshold=809600 gctotal=427677 ccap=518818 cused=427677 parked=false
    g-string-r5-W-D CAP-X| batch=10 junk=24 OCLJCAPX=205/2040/0/0 traces(start/abort) 369/208 -> 1145/386 class=CLEAN site=-
    g-string-r5-W-D SMOKE| MILESTONE km-1-kernel-init-compiles-nothing: PASS -- traces live at the kernelMemory baseline = 0; kernelMemory=164923
    g-string-r5-W-D SMOKE| MILESTONE cap-1-refusal-caught-machine-survives: PASS -- shape=string OCLJCAP=done/2048/not_enough_memory running=true lastError=<null>
g-string-r5-C-L exit=0 CLASS=CLEAN APACITY| shape=string native=luajit jit=on jitearly=- tier=192KB scale=1.8 kernelMemory=164247 held=2048 why=not_enough_memory t_first5=0.0002 t_last5=0.0001 batches=205 last/first=0.50 freeKB_at_end/totalKB=0/192 arms=+393 refusals=+1 trace_flushes=+87 fill_ms=4478 queued=true running=true lastError=<null>
    g-string-r5-C-L CAP-IDLE| ticks=400 arms=+20 collects=+20 bailouts=+0 refusals=+0 trace_flushes=+0 trace_flush_bytes=+0 park_resets=+0 traces_live 56 -> 71 armed=0 state=0 stepmul=200 threshold=829200 gctotal=414922 ccap=0 cused=414922 parked=false wallstats=present running=true
    g-string-r5-C-L CAP-LIVE| used=415056 kernelMemory=164247 user=250809 count(3 collects)=415008/415008/415008 total=518142 traces_live=71
    g-string-r5-C-L CAP-GC| collects=+393 bailouts=+0 overdrafts=+3270 od_peak=15530 od_state=0 park_resets=+0 od_limit=32768 kslice=16384 gc_low=410137 armby=0 window=n/a lends=+n/a win=n/a refused=n/a end: armed=0 state=0 stepmul=200 threshold=820000 gctotal=431273 ccap=0 cused=431273 parked=false
    g-string-r5-C-L CAP-X| batch=10 junk=24 OCLJCAPX=205/2040/0/0 traces(start/abort) 318/157 -> 1181/342 class=CLEAN site=-
    g-string-r5-C-L SMOKE| MILESTONE km-1-kernel-init-compiles-nothing: PASS -- traces live at the kernelMemory baseline = 0; kernelMemory=164247
    g-string-r5-C-L SMOKE| MILESTONE cap-1-refusal-caught-machine-survives: PASS -- shape=string OCLJCAP=done/2048/not_enough_memory running=true lastError=<null>
g-string-r5-W-L exit=0 CLASS=CLEAN APACITY| shape=string native=luajit jit=on jitearly=- tier=192KB scale=1.8 kernelMemory=164247 held=2048 why=not_enough_memory t_first5=0.0001 t_last5=0.0003 batches=205 last/first=3.00 freeKB_at_end/totalKB=0/192 arms=+409 refusals=+1 trace_flushes=+84 fill_ms=4488 queued=true running=true lastError=<null>
    g-string-r5-W-L CAP-IDLE| ticks=400 arms=+20 collects=+20 bailouts=+0 refusals=+0 trace_flushes=+0 trace_flush_bytes=+0 park_resets=+0 traces_live 49 -> 60 armed=0 state=0 stepmul=200 threshold=821000 gctotal=433934 ccap=0 cused=433934 parked=false wallstats=present running=true
    g-string-r5-W-L CAP-LIVE| used=410956 kernelMemory=164247 user=246709 count(3 collects)=410972/410908/410908 total=518142 traces_live=60
    g-string-r5-W-L CAP-GC| collects=+409 bailouts=+0 overdrafts=+2976 od_peak=16190 od_state=0 park_resets=+0 od_limit=32768 kslice=16384 gc_low=405425 armby=0 window=4096 lends=+0 win=0 refused=16384 end: armed=0 state=0 stepmul=200 threshold=810800 gctotal=420217 ccap=0 cused=420217 parked=false
    g-string-r5-W-L CAP-X| batch=10 junk=24 OCLJCAPX=205/2040/0/0 traces(start/abort) 368/217 -> 1192/385 class=CLEAN site=-
    g-string-r5-W-L SMOKE| MILESTONE km-1-kernel-init-compiles-nothing: PASS -- traces live at the kernelMemory baseline = 0; kernelMemory=164247
    g-string-r5-W-L SMOKE| MILESTONE cap-1-refusal-caught-machine-survives: PASS -- shape=string OCLJCAP=done/2048/not_enough_memory running=true lastError=<null>
g-string-r6-S exit=0 CLASS=CLEAN APACITY| shape=string native=stock jit=on jitearly=- tier=192KB scale=1.8 kernelMemory=174605 held=833 why=not_enough_memory t_first5=0.0002 t_last5=0.0011 batches=84 last/first=5.50 freeKB_at_end/totalKB=0/192 arms=+n/a refusals=+n/a trace_flushes=+n/a fill_ms=2736 queued=true running=true lastError=<null>
    g-string-r6-S CAP-IDLE| ticks=400 arms=+n/a collects=+n/a bailouts=+n/a refusals=+n/a trace_flushes=+n/a trace_flush_bytes=+n/a park_resets=+n/a traces_live -1 -> -1 armed=n/a state=n/a stepmul=n/a threshold=n/a gctotal=n/a ccap=n/a cused=n/a parked=false wallstats=n/a running=true
    g-string-r6-S CAP-LIVE| used=431625 kernelMemory=174605 user=257020 count(3 collects)=434020/434020/434020 total=528500 traces_live=-1
    g-string-r6-S CAP-GC| collects=+n/a bailouts=+n/a overdrafts=+n/a od_peak=n/a od_state=n/a park_resets=+n/a od_limit=n/a kslice=n/a gc_low=n/a armby=n/a window=n/a lends=+n/a win=n/a refused=n/a end: armed=n/a state=n/a stepmul=n/a threshold=n/a gctotal=n/a ccap=n/a cused=n/a parked=false
    g-string-r6-S CAP-X| batch=10 junk=24 OCLJCAPX=84/830/3/0 traces(start/abort) n/a -> n/a class=CLEAN site=-
    g-string-r6-S SMOKE| MILESTONE km-1-kernel-init-compiles-nothing: SKIP -- kernel=stock: OpenComputers' own kernel has no site 13 (not counted)
    g-string-r6-S SMOKE| MILESTONE cap-1-refusal-caught-machine-survives: PASS -- shape=string OCLJCAP=done/833/not_enough_memory running=true lastError=<null>
g-string-r6-C-O exit=1 CLASS=STALL APACITY| shape=string native=additive jit=off jitearly=off tier=192KB scale=1.8 kernelMemory=164923 held=? why=? t_first5=0.0001 t_last5=0.0014 batches=221 last/first=14.00 freeKB_at_end/totalKB=-1/-1 arms=+605 refusals=+2 trace_flushes=+0 fill_ms=250046 queued=true running=true lastError=<null>
    g-string-r6-C-O CAP-IDLE| ticks=400 arms=+0 collects=+0 bailouts=+0 refusals=+0 trace_flushes=+0 trace_flush_bytes=+0 park_resets=+0 traces_live 0 -> 0 armed=0 state=0 stepmul=200 threshold=706200 gctotal=426580 ccap=518818 cused=426580 parked=false wallstats=present running=true
    g-string-r6-C-O CAP-LIVE| used=353554 kernelMemory=164923 user=188631 count(3 collects)=353570/353506/353506 total=518818 traces_live=0
    g-string-r6-C-O CAP-GC| collects=+605 bailouts=+0 overdrafts=+5056 od_peak=29980 od_state=0 park_resets=+0 od_limit=32768 kslice=16384 gc_low=366991 armby=0 window=n/a lends=+n/a win=n/a refused=n/a end: armed=0 state=0 stepmul=200 threshold=734000 gctotal=390467 ccap=518818 cused=390467 parked=false
    g-string-r6-C-O CAP-X| batch=10 junk=24 OCLJCAPX=221/2200/0/1 traces(start/abort) 0/0 -> 0/0 class=STALL site=event.timer
    g-string-r6-C-O SMOKE| MILESTONE km-1-kernel-init-compiles-nothing: PASS -- traces live at the kernelMemory baseline = 0; kernelMemory=164923
    g-string-r6-C-O SMOKE| MILESTONE cap-1-refusal-caught-machine-survives: FAIL -- shape=string OCLJCAP=filling/2210 running=true lastError=<null>   <- stuck at filling/2210 with the machine up, the refusal path never reached (cap 8000 ticks)
    g-string-r6-C-O     SMOKE| MILESTONE cap-1-refusal-caught-machine-survives: FAIL -- shape=string OCLJCAP=filling/2210 running=true lastError=<null>   <- stuck at filling/2210 with the machine up, the refusal path never reached (cap 8000 ticks)
g-string-r6-W-O exit=0 CLASS=CLEAN APACITY| shape=string native=additive jit=off jitearly=off tier=192KB scale=1.8 kernelMemory=164923 held=2216 why=not_enough_memory t_first5=0.0002 t_last5=0.0038 batches=222 last/first=19.00 freeKB_at_end/totalKB=0/192 arms=+338 refusals=+1 trace_flushes=+0 fill_ms=4996 queued=true running=true lastError=<null>
    g-string-r6-W-O CAP-IDLE| ticks=400 arms=+1 collects=+1 bailouts=+0 refusals=+0 trace_flushes=+0 trace_flush_bytes=+0 park_resets=+0 traces_live 0 -> 0 armed=0 state=0 stepmul=200 threshold=706400 gctotal=375332 ccap=518818 cused=375332 parked=false wallstats=present running=true
    g-string-r6-W-O CAP-LIVE| used=353618 kernelMemory=164923 user=188695 count(3 collects)=353634/353570/353570 total=518818 traces_live=0
    g-string-r6-W-O CAP-GC| collects=+338 bailouts=+0 overdrafts=+4225 od_peak=16856 od_state=0 park_resets=+0 od_limit=32768 kslice=16384 gc_low=366431 armby=0 window=4096 lends=+203 win=0 refused=52 end: armed=0 state=0 stepmul=200 threshold=732800 gctotal=381855 ccap=518818 cused=381855 parked=false
    g-string-r6-W-O CAP-X| batch=10 junk=24 OCLJCAPX=222/2210/0/0 traces(start/abort) 0/0 -> 0/0 class=CLEAN site=-
    g-string-r6-W-O SMOKE| MILESTONE km-1-kernel-init-compiles-nothing: PASS -- traces live at the kernelMemory baseline = 0; kernelMemory=164923
    g-string-r6-W-O SMOKE| MILESTONE cap-1-refusal-caught-machine-survives: PASS -- shape=string OCLJCAP=done/2216/not_enough_memory running=true lastError=<null>
g-string-r6-W-D exit=0 CLASS=CLEAN APACITY| shape=string native=additive jit=on jitearly=- tier=192KB scale=1.8 kernelMemory=164923 held=2048 why=not_enough_memory t_first5=0.0003 t_last5=0.0002 batches=205 last/first=0.67 freeKB_at_end/totalKB=0/192 arms=+385 refusals=+1 trace_flushes=+81 fill_ms=4491 queued=true running=true lastError=<null>
    g-string-r6-W-D CAP-IDLE| ticks=400 arms=+20 collects=+20 bailouts=+0 refusals=+0 trace_flushes=+0 trace_flush_bytes=+0 park_resets=+0 traces_live 32 -> 60 armed=0 state=0 stepmul=200 threshold=821800 gctotal=418986 ccap=518818 cused=418986 parked=false wallstats=present running=true
    g-string-r6-W-D CAP-LIVE| used=411376 kernelMemory=164923 user=246453 count(3 collects)=411392/411328/411328 total=518818 traces_live=60
    g-string-r6-W-D CAP-GC| collects=+385 bailouts=+0 overdrafts=+3316 od_peak=13530 od_state=0 park_resets=+0 od_limit=32768 kslice=16384 gc_low=411569 armby=0 window=4096 lends=+0 win=0 refused=16384 end: armed=0 state=0 stepmul=200 threshold=823000 gctotal=418993 ccap=518818 cused=418993 parked=false
    g-string-r6-W-D CAP-X| batch=10 junk=24 OCLJCAPX=205/2040/0/0 traces(start/abort) 366/208 -> 1099/336 class=CLEAN site=-
    g-string-r6-W-D SMOKE| MILESTONE km-1-kernel-init-compiles-nothing: PASS -- traces live at the kernelMemory baseline = 0; kernelMemory=164923
    g-string-r6-W-D SMOKE| MILESTONE cap-1-refusal-caught-machine-survives: PASS -- shape=string OCLJCAP=done/2048/not_enough_memory running=true lastError=<null>
g-string-r7-S exit=0 CLASS=CLEAN APACITY| shape=string native=stock jit=on jitearly=- tier=192KB scale=1.8 kernelMemory=174605 held=1024 why=not_enough_memory t_first5=0.0002 t_last5=0.0002 batches=103 last/first=1.00 freeKB_at_end/totalKB=3/192 arms=+n/a refusals=+n/a trace_flushes=+n/a fill_ms=2987 queued=true running=true lastError=<null>
    g-string-r7-S CAP-IDLE| ticks=400 arms=+n/a collects=+n/a bailouts=+n/a refusals=+n/a trace_flushes=+n/a trace_flush_bytes=+n/a park_resets=+n/a traces_live -1 -> -1 armed=n/a state=n/a stepmul=n/a threshold=n/a gctotal=n/a ccap=n/a cused=n/a parked=false wallstats=n/a running=true
    g-string-r7-S CAP-LIVE| used=431559 kernelMemory=174605 user=256954 count(3 collects)=433954/433954/433954 total=528500 traces_live=-1
    g-string-r7-S CAP-GC| collects=+n/a bailouts=+n/a overdrafts=+n/a od_peak=n/a od_state=n/a park_resets=+n/a od_limit=n/a kslice=n/a gc_low=n/a armby=n/a window=n/a lends=+n/a win=n/a refused=n/a end: armed=n/a state=n/a stepmul=n/a threshold=n/a gctotal=n/a ccap=n/a cused=n/a parked=false
    g-string-r7-S CAP-X| batch=10 junk=24 OCLJCAPX=103/1020/0/0 traces(start/abort) n/a -> n/a class=CLEAN site=-
    g-string-r7-S SMOKE| MILESTONE km-1-kernel-init-compiles-nothing: SKIP -- kernel=stock: OpenComputers' own kernel has no site 13 (not counted)
    g-string-r7-S SMOKE| MILESTONE cap-1-refusal-caught-machine-survives: PASS -- shape=string OCLJCAP=done/1024/not_enough_memory running=true lastError=<null>
g-string-r7-C-O exit=0 CLASS=CLEAN APACITY| shape=string native=additive jit=off jitearly=off tier=192KB scale=1.8 kernelMemory=164923 held=2483 why=not_enough_memory t_first5=0.0001 t_last5=0.0026 batches=249 last/first=26.00 freeKB_at_end/totalKB=0/192 arms=+404 refusals=+3 trace_flushes=+0 fill_ms=5229 queued=true running=true lastError=<null>
    g-string-r7-C-O CAP-IDLE| ticks=400 arms=+3 collects=+3 bailouts=+0 refusals=+0 trace_flushes=+0 trace_flush_bytes=+0 park_resets=+0 traces_live 0 -> 0 armed=0 state=0 stepmul=200 threshold=706600 gctotal=354260 ccap=518818 cused=354260 parked=false wallstats=present running=true
    g-string-r7-C-O CAP-LIVE| used=353762 kernelMemory=164923 user=188839 count(3 collects)=353714/353714/353714 total=518818 traces_live=0
    g-string-r7-C-O CAP-GC| collects=+404 bailouts=+0 overdrafts=+11304 od_peak=33076 od_state=0 park_resets=+0 od_limit=32768 kslice=16384 gc_low=366511 armby=0 window=n/a lends=+n/a win=n/a refused=n/a end: armed=0 state=0 stepmul=200 threshold=733000 gctotal=388103 ccap=518818 cused=388103 parked=false
    g-string-r7-C-O CAP-X| batch=10 junk=24 OCLJCAPX=249/2480/2/0 traces(start/abort) 0/0 -> 0/0 class=CLEAN site=-
    g-string-r7-C-O SMOKE| MILESTONE km-1-kernel-init-compiles-nothing: PASS -- traces live at the kernelMemory baseline = 0; kernelMemory=164923
    g-string-r7-C-O SMOKE| MILESTONE cap-1-refusal-caught-machine-survives: PASS -- shape=string OCLJCAP=done/2483/not_enough_memory running=true lastError=<null>
g-string-r7-W-O exit=0 CLASS=CLEAN APACITY| shape=string native=additive jit=off jitearly=off tier=192KB scale=1.8 kernelMemory=164923 held=2218 why=not_enough_memory t_first5=0.0001 t_last5=0.0032 batches=222 last/first=32.00 freeKB_at_end/totalKB=0/192 arms=+321 refusals=+1 trace_flushes=+0 fill_ms=4978 queued=true running=true lastError=<null>
    g-string-r7-W-O CAP-IDLE| ticks=400 arms=+0 collects=+0 bailouts=+0 refusals=+0 trace_flushes=+0 trace_flush_bytes=+0 park_resets=+0 traces_live 0 -> 0 armed=0 state=0 stepmul=200 threshold=706000 gctotal=425576 ccap=518818 cused=425576 parked=false wallstats=present running=true
    g-string-r7-W-O CAP-LIVE| used=353478 kernelMemory=164923 user=188555 count(3 collects)=353494/353430/353430 total=518818 traces_live=0
    g-string-r7-W-O CAP-GC| collects=+321 bailouts=+0 overdrafts=+4236 od_peak=16716 od_state=0 park_resets=+0 od_limit=32768 kslice=16384 gc_low=366291 armby=0 window=4096 lends=+108 win=0 refused=52 end: armed=0 state=0 stepmul=200 threshold=732400 gctotal=389083 ccap=518818 cused=389083 parked=false
    g-string-r7-W-O CAP-X| batch=10 junk=24 OCLJCAPX=222/2210/0/0 traces(start/abort) 0/0 -> 0/0 class=CLEAN site=-
    g-string-r7-W-O SMOKE| MILESTONE km-1-kernel-init-compiles-nothing: PASS -- traces live at the kernelMemory baseline = 0; kernelMemory=164923
    g-string-r7-W-O SMOKE| MILESTONE cap-1-refusal-caught-machine-survives: PASS -- shape=string OCLJCAP=done/2218/not_enough_memory running=true lastError=<null>
g-string-r7-W-D exit=0 CLASS=CLEAN APACITY| shape=string native=additive jit=on jitearly=- tier=192KB scale=1.8 kernelMemory=164923 held=2049 why=not_enough_memory t_first5=0.0002 t_last5=0.0006 batches=205 last/first=3.00 freeKB_at_end/totalKB=0/192 arms=+353 refusals=+1 trace_flushes=+80 fill_ms=4484 queued=true running=true lastError=<null>
    g-string-r7-W-D CAP-IDLE| ticks=400 arms=+20 collects=+20 bailouts=+0 refusals=+0 trace_flushes=+0 trace_flush_bytes=+0 park_resets=+0 traces_live 52 -> 62 armed=0 state=0 stepmul=200 threshold=821200 gctotal=410914 ccap=518818 cused=410914 parked=false wallstats=present running=true
    g-string-r7-W-D CAP-LIVE| used=411048 kernelMemory=164923 user=246125 count(3 collects)=411000/411000/411000 total=518818 traces_live=62
    g-string-r7-W-D CAP-GC| collects=+353 bailouts=+0 overdrafts=+2567 od_peak=20266 od_state=0 park_resets=+0 od_limit=32768 kslice=16384 gc_low=407597 armby=0 window=4096 lends=+3 win=0 refused=52 end: armed=0 state=0 stepmul=200 threshold=815000 gctotal=426205 ccap=518818 cused=426205 parked=false
    g-string-r7-W-D CAP-X| batch=10 junk=24 OCLJCAPX=205/2040/0/0 traces(start/abort) 355/198 -> 1174/370 class=CLEAN site=-
    g-string-r7-W-D SMOKE| MILESTONE km-1-kernel-init-compiles-nothing: PASS -- traces live at the kernelMemory baseline = 0; kernelMemory=164923
    g-string-r7-W-D SMOKE| MILESTONE cap-1-refusal-caught-machine-survives: PASS -- shape=string OCLJCAP=done/2049/not_enough_memory running=true lastError=<null>
g-string-r8-S exit=0 CLASS=CLEAN APACITY| shape=string native=stock jit=on jitearly=- tier=192KB scale=1.8 kernelMemory=174605 held=1024 why=not_enough_memory t_first5=0.0002 t_last5=0.0004 batches=103 last/first=2.00 freeKB_at_end/totalKB=3/192 arms=+n/a refusals=+n/a trace_flushes=+n/a fill_ms=2988 queued=true running=true lastError=<null>
    g-string-r8-S CAP-IDLE| ticks=400 arms=+n/a collects=+n/a bailouts=+n/a refusals=+n/a trace_flushes=+n/a trace_flush_bytes=+n/a park_resets=+n/a traces_live -1 -> -1 armed=n/a state=n/a stepmul=n/a threshold=n/a gctotal=n/a ccap=n/a cused=n/a parked=false wallstats=n/a running=true
    g-string-r8-S CAP-LIVE| used=431625 kernelMemory=174605 user=257020 count(3 collects)=434020/434020/434020 total=528500 traces_live=-1
    g-string-r8-S CAP-GC| collects=+n/a bailouts=+n/a overdrafts=+n/a od_peak=n/a od_state=n/a park_resets=+n/a od_limit=n/a kslice=n/a gc_low=n/a armby=n/a window=n/a lends=+n/a win=n/a refused=n/a end: armed=n/a state=n/a stepmul=n/a threshold=n/a gctotal=n/a ccap=n/a cused=n/a parked=false
    g-string-r8-S CAP-X| batch=10 junk=24 OCLJCAPX=103/1020/0/0 traces(start/abort) n/a -> n/a class=CLEAN site=-
    g-string-r8-S SMOKE| MILESTONE km-1-kernel-init-compiles-nothing: SKIP -- kernel=stock: OpenComputers' own kernel has no site 13 (not counted)
    g-string-r8-S SMOKE| MILESTONE cap-1-refusal-caught-machine-survives: PASS -- shape=string OCLJCAP=done/1024/not_enough_memory running=true lastError=<null>
g-string-r8-C-O exit=1 CLASS=DOWN APACITY| shape=string native=additive jit=off jitearly=off tier=192KB scale=1.8 kernelMemory=164923 held=? why=? t_first5=0.0001 t_last5=0.0012 batches=247 last/first=12.00 freeKB_at_end/totalKB=-1/-1 arms=+343 refusals=+4 trace_flushes=+0 fill_ms=3921 queued=true running=false lastError=not enough memory
    g-string-r8-C-O CAP-IDLE| ticks=400 arms=+0 collects=+0 bailouts=+0 refusals=+0 trace_flushes=+0 trace_flush_bytes=+0 park_resets=+0 traces_live 0 -> 0 armed=0 state=0 stepmul=200 threshold=705800 gctotal=426436 ccap=518818 cused=426436 parked=false wallstats=present running=true
    g-string-r8-C-O CAP-LIVE| used=353410 kernelMemory=164923 user=188487 count(3 collects)=353426/353362/353362 total=518818 traces_live=0
    g-string-r8-C-O CAP-GC| collects=+342 bailouts=+0 overdrafts=+11133 od_peak=32860 od_state=1 park_resets=+0 od_limit=32768 kslice=16384 gc_low=550778 armby=1 window=n/a lends=+n/a win=n/a refused=n/a end: armed=1 state=0 stepmul=0 threshold=1095800 gctotal=547994 ccap=2147483647 cused=547994 parked=true
    g-string-r8-C-O CAP-X| batch=10 junk=24 OCLJCAPX=247/2470/1/0 traces(start/abort) 0/0 -> n/a class=DOWN site=-
    g-string-r8-C-O SMOKE| MILESTONE km-1-kernel-init-compiles-nothing: PASS -- traces live at the kernelMemory baseline = 0; kernelMemory=164923
    g-string-r8-C-O SMOKE| MILESTONE cap-1-refusal-caught-machine-survives: FAIL -- shape=string OCLJCAP=filling/2470 running=false lastError=not enough memory   <- a refusal took the MACHINE down: raised where no handler of the program caught it (OpenOS's dispatcher, the kernel, or the probe's own allocations between batches)
    g-string-r8-C-O     SMOKE| MILESTONE cap-1-refusal-caught-machine-survives: FAIL -- shape=string OCLJCAP=filling/2470 running=false lastError=not enough memory   <- a refusal took the MACHINE down: raised where no handler of the program caught it (OpenOS's dispatcher, the kernel, or the probe's own allocations between batches)
g-string-r8-W-O exit=0 CLASS=CLEAN APACITY| shape=string native=additive jit=off jitearly=off tier=192KB scale=1.8 kernelMemory=164923 held=2219 why=not_enough_memory t_first5=0.0001 t_last5=0.0037 batches=222 last/first=37.00 freeKB_at_end/totalKB=0/192 arms=+275 refusals=+1 trace_flushes=+0 fill_ms=4730 queued=true running=true lastError=<null>
    g-string-r8-W-O CAP-IDLE| ticks=400 arms=+0 collects=+0 bailouts=+0 refusals=+0 trace_flushes=+0 trace_flush_bytes=+0 park_resets=+0 traces_live 0 -> 0 armed=0 state=0 stepmul=200 threshold=705800 gctotal=426436 ccap=518818 cused=426436 parked=false wallstats=present running=true
    g-string-r8-W-O CAP-LIVE| used=353410 kernelMemory=164923 user=188487 count(3 collects)=353426/353362/353362 total=518818 traces_live=0
    g-string-r8-W-O CAP-GC| collects=+275 bailouts=+0 overdrafts=+4131 od_peak=16648 od_state=0 park_resets=+0 od_limit=32768 kslice=16384 gc_low=366223 armby=0 window=4096 lends=+34 win=0 refused=52 end: armed=0 state=0 stepmul=200 threshold=732400 gctotal=366507 ccap=518818 cused=366507 parked=false
    g-string-r8-W-O CAP-X| batch=10 junk=24 OCLJCAPX=222/2210/0/0 traces(start/abort) 0/0 -> 0/0 class=CLEAN site=-
    g-string-r8-W-O SMOKE| MILESTONE km-1-kernel-init-compiles-nothing: PASS -- traces live at the kernelMemory baseline = 0; kernelMemory=164923
    g-string-r8-W-O SMOKE| MILESTONE cap-1-refusal-caught-machine-survives: PASS -- shape=string OCLJCAP=done/2219/not_enough_memory running=true lastError=<null>
g-string-r8-W-D exit=0 CLASS=CLEAN APACITY| shape=string native=additive jit=on jitearly=- tier=192KB scale=1.8 kernelMemory=164923 held=2049 why=not_enough_memory t_first5=0.0002 t_last5=0.0009 batches=205 last/first=4.50 freeKB_at_end/totalKB=0/192 arms=+370 refusals=+1 trace_flushes=+79 fill_ms=4482 queued=true running=true lastError=<null>
    g-string-r8-W-D CAP-IDLE| ticks=400 arms=+20 collects=+20 bailouts=+0 refusals=+0 trace_flushes=+0 trace_flush_bytes=+0 park_resets=+0 traces_live 65 -> 70 armed=0 state=0 stepmul=200 threshold=833200 gctotal=417606 ccap=518818 cused=417606 parked=false wallstats=present running=true
    g-string-r8-W-D CAP-LIVE| used=417108 kernelMemory=164923 user=252185 count(3 collects)=417060/417060/417060 total=518818 traces_live=70
    g-string-r8-W-D CAP-GC| collects=+370 bailouts=+0 overdrafts=+2594 od_peak=20426 od_state=0 park_resets=+0 od_limit=32768 kslice=16384 gc_low=407217 armby=0 window=4096 lends=+3 win=0 refused=52 end: armed=0 state=0 stepmul=200 threshold=814200 gctotal=424873 ccap=518818 cused=424873 parked=false
    g-string-r8-W-D CAP-X| batch=10 junk=24 OCLJCAPX=205/2040/0/0 traces(start/abort) 340/192 -> 1129/372 class=CLEAN site=-
    g-string-r8-W-D SMOKE| MILESTONE km-1-kernel-init-compiles-nothing: PASS -- traces live at the kernelMemory baseline = 0; kernelMemory=164923
    g-string-r8-W-D SMOKE| MILESTONE cap-1-refusal-caught-machine-survives: PASS -- shape=string OCLJCAP=done/2049/not_enough_memory running=true lastError=<null>
g-string-r9-S exit=1 CLASS=STALL APACITY| shape=string native=stock jit=on jitearly=- tier=192KB scale=1.8 kernelMemory=174605 held=? why=? t_first5=0.0002 t_last5=0.0015 batches=84 last/first=7.50 freeKB_at_end/totalKB=-1/-1 arms=+n/a refusals=+n/a trace_flushes=+n/a fill_ms=250178 queued=true running=true lastError=<null>
    g-string-r9-S CAP-IDLE| ticks=400 arms=+n/a collects=+n/a bailouts=+n/a refusals=+n/a trace_flushes=+n/a trace_flush_bytes=+n/a park_resets=+n/a traces_live -1 -> -1 armed=n/a state=n/a stepmul=n/a threshold=n/a gctotal=n/a ccap=n/a cused=n/a parked=false wallstats=n/a running=true
    g-string-r9-S CAP-LIVE| used=431625 kernelMemory=174605 user=257020 count(3 collects)=434020/434020/434020 total=528500 traces_live=-1
    g-string-r9-S CAP-GC| collects=+n/a bailouts=+n/a overdrafts=+n/a od_peak=n/a od_state=n/a park_resets=+n/a od_limit=n/a kslice=n/a gc_low=n/a armby=n/a window=n/a lends=+n/a win=n/a refused=n/a end: armed=n/a state=n/a stepmul=n/a threshold=n/a gctotal=n/a ccap=n/a cused=n/a parked=false
    g-string-r9-S CAP-X| batch=10 junk=24 OCLJCAPX=85/840/5/1 traces(start/abort) n/a -> n/a class=STALL site=closure
    g-string-r9-S SMOKE| MILESTONE km-1-kernel-init-compiles-nothing: SKIP -- kernel=stock: OpenComputers' own kernel has no site 13 (not counted)
    g-string-r9-S SMOKE| MILESTONE cap-1-refusal-caught-machine-survives: FAIL -- shape=string OCLJCAP=filling/840 running=true lastError=<null>   <- stuck at filling/840 with the machine up, the refusal path never reached (cap 8000 ticks)
    g-string-r9-S     SMOKE| MILESTONE cap-1-refusal-caught-machine-survives: FAIL -- shape=string OCLJCAP=filling/840 running=true lastError=<null>   <- stuck at filling/840 with the machine up, the refusal path never reached (cap 8000 ticks)
g-string-r9-C-O exit=1 CLASS=DOWN APACITY| shape=string native=additive jit=off jitearly=off tier=192KB scale=1.8 kernelMemory=164923 held=? why=? t_first5=0.0001 t_last5=0.0014 batches=247 last/first=14.00 freeKB_at_end/totalKB=-1/-1 arms=+355 refusals=+4 trace_flushes=+0 fill_ms=3893 queued=true running=false lastError=not enough memory
    g-string-r9-C-O CAP-IDLE| ticks=400 arms=+0 collects=+0 bailouts=+0 refusals=+0 trace_flushes=+0 trace_flush_bytes=+0 park_resets=+0 traces_live 0 -> 0 armed=0 state=0 stepmul=200 threshold=706400 gctotal=432008 ccap=518818 cused=432008 parked=false wallstats=present running=true
    g-string-r9-C-O CAP-LIVE| used=353686 kernelMemory=164923 user=188763 count(3 collects)=353638/353638/353638 total=518818 traces_live=0
    g-string-r9-C-O CAP-GC| collects=+354 bailouts=+0 overdrafts=+11040 od_peak=33136 od_state=1 park_resets=+0 od_limit=32768 kslice=16384 gc_low=551054 armby=1 window=n/a lends=+n/a win=n/a refused=n/a end: armed=1 state=0 stepmul=0 threshold=1096000 gctotal=548118 ccap=2147483647 cused=548118 parked=true
    g-string-r9-C-O CAP-X| batch=10 junk=24 OCLJCAPX=247/2470/1/0 traces(start/abort) 0/0 -> n/a class=DOWN site=-
    g-string-r9-C-O SMOKE| MILESTONE km-1-kernel-init-compiles-nothing: PASS -- traces live at the kernelMemory baseline = 0; kernelMemory=164923
    g-string-r9-C-O SMOKE| MILESTONE cap-1-refusal-caught-machine-survives: FAIL -- shape=string OCLJCAP=filling/2470 running=false lastError=not enough memory   <- a refusal took the MACHINE down: raised where no handler of the program caught it (OpenOS's dispatcher, the kernel, or the probe's own allocations between batches)
    g-string-r9-C-O     SMOKE| MILESTONE cap-1-refusal-caught-machine-survives: FAIL -- shape=string OCLJCAP=filling/2470 running=false lastError=not enough memory   <- a refusal took the MACHINE down: raised where no handler of the program caught it (OpenOS's dispatcher, the kernel, or the probe's own allocations between batches)
g-string-r9-W-O exit=0 CLASS=CLEAN APACITY| shape=string native=additive jit=off jitearly=off tier=192KB scale=1.8 kernelMemory=164923 held=2489 why=not_enough_memory t_first5=0.0001 t_last5=0.0030 batches=249 last/first=30.00 freeKB_at_end/totalKB=0/192 arms=+480 refusals=+2 trace_flushes=+0 fill_ms=5224 queued=true running=true lastError=<null>
    g-string-r9-W-O CAP-IDLE| ticks=400 arms=+0 collects=+0 bailouts=+0 refusals=+0 trace_flushes=+0 trace_flush_bytes=+0 park_resets=+0 traces_live 0 -> 0 armed=0 state=0 stepmul=200 threshold=706400 gctotal=426248 ccap=518818 cused=426248 parked=false wallstats=present running=true
    g-string-r9-W-O CAP-LIVE| used=353622 kernelMemory=164923 user=188699 count(3 collects)=353638/353574/353574 total=518818 traces_live=0
    g-string-r9-W-O CAP-GC| collects=+480 bailouts=+0 overdrafts=+11423 od_peak=33060 od_state=0 park_resets=+0 od_limit=32768 kslice=16384 gc_low=366435 armby=0 window=4096 lends=+104 win=0 refused=52 end: armed=0 state=0 stepmul=200 threshold=732800 gctotal=374491 ccap=518818 cused=374491 parked=false
    g-string-r9-W-O CAP-X| batch=10 junk=24 OCLJCAPX=249/2480/1/0 traces(start/abort) 0/0 -> 0/0 class=CLEAN site=-
    g-string-r9-W-O SMOKE| MILESTONE km-1-kernel-init-compiles-nothing: PASS -- traces live at the kernelMemory baseline = 0; kernelMemory=164923
    g-string-r9-W-O SMOKE| MILESTONE cap-1-refusal-caught-machine-survives: PASS -- shape=string OCLJCAP=done/2489/not_enough_memory running=true lastError=<null>
g-string-r9-W-D exit=0 CLASS=CLEAN APACITY| shape=string native=additive jit=on jitearly=- tier=192KB scale=1.8 kernelMemory=164923 held=2048 why=not_enough_memory t_first5=0.0001 t_last5=0.0029 batches=205 last/first=29.00 freeKB_at_end/totalKB=0/192 arms=+358 refusals=+1 trace_flushes=+79 fill_ms=4486 queued=true running=true lastError=<null>
    g-string-r9-W-D CAP-IDLE| ticks=400 arms=+20 collects=+20 bailouts=+0 refusals=+0 trace_flushes=+0 trace_flush_bytes=+0 park_resets=+0 traces_live 54 -> 68 armed=0 state=0 stepmul=200 threshold=830400 gctotal=435614 ccap=518818 cused=435614 parked=false wallstats=present running=true
    g-string-r9-W-D CAP-LIVE| used=414184 kernelMemory=164923 user=249261 count(3 collects)=414136/414136/414136 total=518818 traces_live=68
    g-string-r9-W-D CAP-GC| collects=+358 bailouts=+0 overdrafts=+2748 od_peak=12506 od_state=0 park_resets=+0 od_limit=32768 kslice=16384 gc_low=408717 armby=0 window=4096 lends=+0 win=0 refused=16384 end: armed=0 state=0 stepmul=200 threshold=817400 gctotal=424141 ccap=518818 cused=424141 parked=false
    g-string-r9-W-D CAP-X| batch=10 junk=24 OCLJCAPX=205/2040/0/0 traces(start/abort) 353/194 -> 1078/320 class=CLEAN site=-
    g-string-r9-W-D SMOKE| MILESTONE km-1-kernel-init-compiles-nothing: PASS -- traces live at the kernelMemory baseline = 0; kernelMemory=164923
    g-string-r9-W-D SMOKE| MILESTONE cap-1-refusal-caught-machine-survives: PASS -- shape=string OCLJCAP=done/2048/not_enough_memory running=true lastError=<null>
g-string-r10-S exit=0 CLASS=CLEAN APACITY| shape=string native=stock jit=on jitearly=- tier=192KB scale=1.8 kernelMemory=174605 held=1024 why=not_enough_memory t_first5=0.0001 t_last5=0.0004 batches=103 last/first=4.00 freeKB_at_end/totalKB=3/192 arms=+n/a refusals=+n/a trace_flushes=+n/a fill_ms=2989 queued=true running=true lastError=<null>
    g-string-r10-S CAP-IDLE| ticks=400 arms=+n/a collects=+n/a bailouts=+n/a refusals=+n/a trace_flushes=+n/a trace_flush_bytes=+n/a park_resets=+n/a traces_live -1 -> -1 armed=n/a state=n/a stepmul=n/a threshold=n/a gctotal=n/a ccap=n/a cused=n/a parked=false wallstats=n/a running=true
    g-string-r10-S CAP-LIVE| used=431559 kernelMemory=174605 user=256954 count(3 collects)=433954/433954/433954 total=528500 traces_live=-1
    g-string-r10-S CAP-GC| collects=+n/a bailouts=+n/a overdrafts=+n/a od_peak=n/a od_state=n/a park_resets=+n/a od_limit=n/a kslice=n/a gc_low=n/a armby=n/a window=n/a lends=+n/a win=n/a refused=n/a end: armed=n/a state=n/a stepmul=n/a threshold=n/a gctotal=n/a ccap=n/a cused=n/a parked=false
    g-string-r10-S CAP-X| batch=10 junk=24 OCLJCAPX=103/1020/0/0 traces(start/abort) n/a -> n/a class=CLEAN site=-
    g-string-r10-S SMOKE| MILESTONE km-1-kernel-init-compiles-nothing: SKIP -- kernel=stock: OpenComputers' own kernel has no site 13 (not counted)
    g-string-r10-S SMOKE| MILESTONE cap-1-refusal-caught-machine-survives: PASS -- shape=string OCLJCAP=done/1024/not_enough_memory running=true lastError=<null>
g-string-r10-C-O exit=0 CLASS=CLEAN APACITY| shape=string native=additive jit=off jitearly=off tier=192KB scale=1.8 kernelMemory=164923 held=2537 why=not_enough_memory t_first5=0.0001 t_last5=0.0027 batches=254 last/first=27.00 freeKB_at_end/totalKB=0/192 arms=+380 refusals=+5 trace_flushes=+0 fill_ms=5478 queued=true running=true lastError=<null>
    g-string-r10-C-O CAP-IDLE| ticks=400 arms=+1 collects=+1 bailouts=+0 refusals=+0 trace_flushes=+0 trace_flush_bytes=+0 park_resets=+0 traces_live 0 -> 0 armed=0 state=0 stepmul=200 threshold=706000 gctotal=368456 ccap=518818 cused=368456 parked=false wallstats=present running=true
    g-string-r10-C-O CAP-LIVE| used=353478 kernelMemory=164923 user=188555 count(3 collects)=353494/353430/353430 total=518818 traces_live=0
    g-string-r10-C-O CAP-GC| collects=+380 bailouts=+0 overdrafts=+14124 od_peak=32836 od_state=0 park_resets=+0 od_limit=32768 kslice=16384 gc_low=363411 armby=1 window=n/a lends=+n/a win=n/a refused=n/a end: armed=0 state=0 stepmul=200 threshold=726800 gctotal=385571 ccap=518818 cused=385571 parked=false
    g-string-r10-C-O CAP-X| batch=10 junk=24 OCLJCAPX=254/2530/3/0 traces(start/abort) 0/0 -> 0/0 class=CLEAN site=-
    g-string-r10-C-O SMOKE| MILESTONE km-1-kernel-init-compiles-nothing: PASS -- traces live at the kernelMemory baseline = 0; kernelMemory=164923
    g-string-r10-C-O SMOKE| MILESTONE cap-1-refusal-caught-machine-survives: PASS -- shape=string OCLJCAP=done/2537/not_enough_memory running=true lastError=<null>
g-string-r10-W-O exit=0 CLASS=CLEAN APACITY| shape=string native=additive jit=off jitearly=off tier=192KB scale=1.8 kernelMemory=164923 held=2218 why=not_enough_memory t_first5=0.0001 t_last5=0.0046 batches=222 last/first=46.00 freeKB_at_end/totalKB=0/192 arms=+319 refusals=+1 trace_flushes=+0 fill_ms=4987 queued=true running=true lastError=<null>
    g-string-r10-W-O CAP-IDLE| ticks=400 arms=+0 collects=+0 bailouts=+0 refusals=+0 trace_flushes=+0 trace_flush_bytes=+0 park_resets=+0 traces_live 0 -> 0 armed=0 state=0 stepmul=200 threshold=706000 gctotal=353344 ccap=518818 cused=353344 parked=false wallstats=present running=true
    g-string-r10-W-O CAP-LIVE| used=353478 kernelMemory=164923 user=188555 count(3 collects)=353430/353430/353430 total=518818 traces_live=0
    g-string-r10-W-O CAP-GC| collects=+319 bailouts=+0 overdrafts=+4236 od_peak=16716 od_state=0 park_resets=+0 od_limit=32768 kslice=16384 gc_low=366227 armby=0 window=4096 lends=+108 win=0 refused=52 end: armed=0 state=0 stepmul=200 threshold=732400 gctotal=396451 ccap=518818 cused=396451 parked=false
    g-string-r10-W-O CAP-X| batch=10 junk=24 OCLJCAPX=222/2210/0/0 traces(start/abort) 0/0 -> 0/0 class=CLEAN site=-
    g-string-r10-W-O SMOKE| MILESTONE km-1-kernel-init-compiles-nothing: PASS -- traces live at the kernelMemory baseline = 0; kernelMemory=164923
    g-string-r10-W-O SMOKE| MILESTONE cap-1-refusal-caught-machine-survives: PASS -- shape=string OCLJCAP=done/2218/not_enough_memory running=true lastError=<null>
g-string-r10-W-D exit=0 CLASS=CLEAN APACITY| shape=string native=additive jit=on jitearly=- tier=192KB scale=1.8 kernelMemory=164923 held=2048 why=not_enough_memory t_first5=0.0003 t_last5=0.0002 batches=205 last/first=0.67 freeKB_at_end/totalKB=0/192 arms=+372 refusals=+1 trace_flushes=+83 fill_ms=4489 queued=true running=true lastError=<null>
    g-string-r10-W-D CAP-IDLE| ticks=400 arms=+20 collects=+20 bailouts=+0 refusals=+0 trace_flushes=+0 trace_flush_bytes=+0 park_resets=+0 traces_live 46 -> 64 armed=0 state=0 stepmul=200 threshold=821600 gctotal=430650 ccap=518818 cused=430650 parked=false wallstats=present running=true
    g-string-r10-W-D CAP-LIVE| used=411000 kernelMemory=164923 user=246077 count(3 collects)=411016/410952/410952 total=518818 traces_live=64
    g-string-r10-W-D CAP-GC| collects=+372 bailouts=+0 overdrafts=+2795 od_peak=12162 od_state=0 park_resets=+0 od_limit=32768 kslice=16384 gc_low=404777 armby=0 window=4096 lends=+0 win=0 refused=16384 end: armed=0 state=0 stepmul=200 threshold=809400 gctotal=427001 ccap=518818 cused=427001 parked=false
    g-string-r10-W-D CAP-X| batch=10 junk=24 OCLJCAPX=205/2040/0/0 traces(start/abort) 343/192 -> 1117/351 class=CLEAN site=-
    g-string-r10-W-D SMOKE| MILESTONE km-1-kernel-init-compiles-nothing: PASS -- traces live at the kernelMemory baseline = 0; kernelMemory=164923
    g-string-r10-W-D SMOKE| MILESTONE cap-1-refusal-caught-machine-survives: PASS -- shape=string OCLJCAP=done/2048/not_enough_memory running=true lastError=<null>
g-string-r1-C-D exit=0 CLASS=CLEAN APACITY| shape=string native=additive jit=on jitearly=- tier=192KB scale=1.8 kernelMemory=164923 held=2048 why=not_enough_memory t_first5=0.0002 t_last5=0.0014 batches=205 last/first=7.00 freeKB_at_end/totalKB=0/192 arms=+352 refusals=+1 trace_flushes=+82 fill_ms=4486 queued=true running=true lastError=<null>
    g-string-r1-C-D CAP-IDLE| ticks=400 arms=+20 collects=+20 bailouts=+0 refusals=+0 trace_flushes=+0 trace_flush_bytes=+0 park_resets=+0 traces_live 60 -> 74 armed=0 state=0 stepmul=200 threshold=837600 gctotal=426850 ccap=518818 cused=426850 parked=false wallstats=present running=true
    g-string-r1-C-D CAP-LIVE| used=419240 kernelMemory=164923 user=254317 count(3 collects)=419256/419192/419192 total=518818 traces_live=74
    g-string-r1-C-D CAP-GC| collects=+352 bailouts=+0 overdrafts=+1909 od_peak=12418 od_state=0 park_resets=+0 od_limit=32768 kslice=16384 gc_low=406869 armby=0 window=n/a lends=+n/a win=n/a refused=n/a end: armed=0 state=0 stepmul=200 threshold=813600 gctotal=430901 ccap=518818 cused=430901 parked=false
    g-string-r1-C-D CAP-X| batch=10 junk=24 OCLJCAPX=205/2040/0/0 traces(start/abort) 350/186 -> 1142/355 class=CLEAN site=-
    g-string-r1-C-D SMOKE| MILESTONE km-1-kernel-init-compiles-nothing: PASS -- traces live at the kernelMemory baseline = 0; kernelMemory=164923
    g-string-r1-C-D SMOKE| MILESTONE cap-1-refusal-caught-machine-survives: PASS -- shape=string OCLJCAP=done/2048/not_enough_memory running=true lastError=<null>
g-string-r2-C-D exit=0 CLASS=CLEAN APACITY| shape=string native=additive jit=on jitearly=- tier=192KB scale=1.8 kernelMemory=164923 held=2048 why=not_enough_memory t_first5=0.0001 t_last5=0.0002 batches=205 last/first=2.00 freeKB_at_end/totalKB=0/192 arms=+351 refusals=+1 trace_flushes=+80 fill_ms=4491 queued=true running=true lastError=<null>
    g-string-r2-C-D CAP-IDLE| ticks=400 arms=+20 collects=+20 bailouts=+0 refusals=+0 trace_flushes=+0 trace_flush_bytes=+0 park_resets=+0 traces_live 49 -> 63 armed=0 state=0 stepmul=200 threshold=825200 gctotal=434826 ccap=518818 cused=434826 parked=false wallstats=present running=true
    g-string-r2-C-D CAP-LIVE| used=413112 kernelMemory=164923 user=248189 count(3 collects)=413128/413064/413064 total=518818 traces_live=63
    g-string-r2-C-D CAP-GC| collects=+351 bailouts=+0 overdrafts=+3585 od_peak=15242 od_state=0 park_resets=+0 od_limit=32768 kslice=16384 gc_low=408901 armby=0 window=n/a lends=+n/a win=n/a refused=n/a end: armed=0 state=0 stepmul=200 threshold=817800 gctotal=423693 ccap=518818 cused=423693 parked=false
    g-string-r2-C-D CAP-X| batch=10 junk=24 OCLJCAPX=205/2040/0/0 traces(start/abort) 369/221 -> 1134/376 class=CLEAN site=-
    g-string-r2-C-D SMOKE| MILESTONE km-1-kernel-init-compiles-nothing: PASS -- traces live at the kernelMemory baseline = 0; kernelMemory=164923
    g-string-r2-C-D SMOKE| MILESTONE cap-1-refusal-caught-machine-survives: PASS -- shape=string OCLJCAP=done/2048/not_enough_memory running=true lastError=<null>
g-string-r3-C-D exit=0 CLASS=CLEAN APACITY| shape=string native=additive jit=on jitearly=- tier=192KB scale=1.8 kernelMemory=164923 held=2048 why=not_enough_memory t_first5=0.0001 t_last5=0.0002 batches=205 last/first=2.00 freeKB_at_end/totalKB=0/192 arms=+380 refusals=+1 trace_flushes=+82 fill_ms=4474 queued=true running=true lastError=<null>
    g-string-r3-C-D CAP-IDLE| ticks=400 arms=+20 collects=+20 bailouts=+0 refusals=+0 trace_flushes=+0 trace_flush_bytes=+0 park_resets=+0 traces_live 50 -> 60 armed=0 state=0 stepmul=200 threshold=830400 gctotal=442166 ccap=518818 cused=442166 parked=false wallstats=present running=true
    g-string-r3-C-D CAP-LIVE| used=413888 kernelMemory=164923 user=248965 count(3 collects)=413840/413840/413840 total=518818 traces_live=60
    g-string-r3-C-D CAP-GC| collects=+380 bailouts=+0 overdrafts=+3552 od_peak=13358 od_state=0 park_resets=+0 od_limit=32768 kslice=16384 gc_low=407345 armby=0 window=n/a lends=+n/a win=n/a refused=n/a end: armed=0 state=0 stepmul=200 threshold=814800 gctotal=430961 ccap=518818 cused=430961 parked=false
    g-string-r3-C-D CAP-X| batch=10 junk=24 OCLJCAPX=205/2040/0/0 traces(start/abort) 342/188 -> 1126/368 class=CLEAN site=-
    g-string-r3-C-D SMOKE| MILESTONE km-1-kernel-init-compiles-nothing: PASS -- traces live at the kernelMemory baseline = 0; kernelMemory=164923
    g-string-r3-C-D SMOKE| MILESTONE cap-1-refusal-caught-machine-survives: PASS -- shape=string OCLJCAP=done/2048/not_enough_memory running=true lastError=<null>
g-string-r4-C-D exit=0 CLASS=CLEAN APACITY| shape=string native=additive jit=on jitearly=- tier=192KB scale=1.8 kernelMemory=164923 held=2048 why=not_enough_memory t_first5=0.0002 t_last5=0.0010 batches=205 last/first=5.00 freeKB_at_end/totalKB=0/192 arms=+353 refusals=+1 trace_flushes=+78 fill_ms=4484 queued=true running=true lastError=<null>
    g-string-r4-C-D CAP-IDLE| ticks=400 arms=+20 collects=+20 bailouts=+0 refusals=+0 trace_flushes=+0 trace_flush_bytes=+0 park_resets=+0 traces_live 53 -> 63 armed=0 state=0 stepmul=200 threshold=818200 gctotal=431894 ccap=518818 cused=431894 parked=false wallstats=present running=true
    g-string-r4-C-D CAP-LIVE| used=409548 kernelMemory=164923 user=244625 count(3 collects)=409564/409500/409500 total=518818 traces_live=63
    g-string-r4-C-D CAP-GC| collects=+353 bailouts=+0 overdrafts=+2521 od_peak=12906 od_state=0 park_resets=+0 od_limit=32768 kslice=16384 gc_low=407557 armby=0 window=n/a lends=+n/a win=n/a refused=n/a end: armed=0 state=0 stepmul=200 threshold=815000 gctotal=422981 ccap=518818 cused=422981 parked=false
    g-string-r4-C-D CAP-X| batch=10 junk=24 OCLJCAPX=205/2040/0/0 traces(start/abort) 346/189 -> 1128/341 class=CLEAN site=-
    g-string-r4-C-D SMOKE| MILESTONE km-1-kernel-init-compiles-nothing: PASS -- traces live at the kernelMemory baseline = 0; kernelMemory=164923
    g-string-r4-C-D SMOKE| MILESTONE cap-1-refusal-caught-machine-survives: PASS -- shape=string OCLJCAP=done/2048/not_enough_memory running=true lastError=<null>
g-string-r5-C-D exit=0 CLASS=CLEAN APACITY| shape=string native=additive jit=on jitearly=- tier=192KB scale=1.8 kernelMemory=164923 held=2048 why=not_enough_memory t_first5=0.0004 t_last5=0.0003 batches=205 last/first=0.75 freeKB_at_end/totalKB=0/192 arms=+363 refusals=+1 trace_flushes=+81 fill_ms=4492 queued=true running=true lastError=<null>
    g-string-r5-C-D CAP-IDLE| ticks=400 arms=+20 collects=+20 bailouts=+0 refusals=+0 trace_flushes=+0 trace_flush_bytes=+0 park_resets=+0 traces_live 51 -> 65 armed=0 state=0 stepmul=200 threshold=823000 gctotal=418966 ccap=518818 cused=418966 parked=false wallstats=present running=true
    g-string-r5-C-D CAP-LIVE| used=411988 kernelMemory=164923 user=247065 count(3 collects)=412004/411940/411940 total=518818 traces_live=65
    g-string-r5-C-D CAP-GC| collects=+363 bailouts=+0 overdrafts=+3032 od_peak=12734 od_state=0 park_resets=+0 od_limit=32768 kslice=16384 gc_low=410293 armby=0 window=n/a lends=+n/a win=n/a refused=n/a end: armed=0 state=0 stepmul=200 threshold=820400 gctotal=429565 ccap=518818 cused=429565 parked=false
    g-string-r5-C-D CAP-X| batch=10 junk=24 OCLJCAPX=205/2040/0/0 traces(start/abort) 331/180 -> 1093/332 class=CLEAN site=-
    g-string-r5-C-D SMOKE| MILESTONE km-1-kernel-init-compiles-nothing: PASS -- traces live at the kernelMemory baseline = 0; kernelMemory=164923
    g-string-r5-C-D SMOKE| MILESTONE cap-1-refusal-caught-machine-survives: PASS -- shape=string OCLJCAP=done/2048/not_enough_memory running=true lastError=<null>
g-string-r6-C-D exit=0 CLASS=CLEAN APACITY| shape=string native=additive jit=on jitearly=- tier=192KB scale=1.8 kernelMemory=164923 held=2048 why=not_enough_memory t_first5=0.0002 t_last5=0.0001 batches=205 last/first=0.50 freeKB_at_end/totalKB=0/192 arms=+384 refusals=+1 trace_flushes=+83 fill_ms=4485 queued=true running=true lastError=<null>
    g-string-r6-C-D CAP-IDLE| ticks=400 arms=+25 collects=+25 bailouts=+0 refusals=+0 trace_flushes=+0 trace_flush_bytes=+0 park_resets=+0 traces_live 74 -> 85 armed=0 state=0 stepmul=200 threshold=863000 gctotal=454354 ccap=518818 cused=454354 parked=false wallstats=present running=true
    g-string-r6-C-D CAP-LIVE| used=430628 kernelMemory=164923 user=265705 count(3 collects)=430644/430580/430580 total=518818 traces_live=85
    g-string-r6-C-D CAP-GC| collects=+384 bailouts=+0 overdrafts=+2911 od_peak=12174 od_state=0 park_resets=+0 od_limit=32768 kslice=16384 gc_low=406593 armby=0 window=n/a lends=+n/a win=n/a refused=n/a end: armed=0 state=0 stepmul=200 threshold=813000 gctotal=421385 ccap=518818 cused=421385 parked=false
    g-string-r6-C-D CAP-X| batch=10 junk=24 OCLJCAPX=205/2040/0/0 traces(start/abort) 366/195 -> 1195/368 class=CLEAN site=-
    g-string-r6-C-D SMOKE| MILESTONE km-1-kernel-init-compiles-nothing: PASS -- traces live at the kernelMemory baseline = 0; kernelMemory=164923
    g-string-r6-C-D SMOKE| MILESTONE cap-1-refusal-caught-machine-survives: PASS -- shape=string OCLJCAP=done/2048/not_enough_memory running=true lastError=<null>
g-string-r7-C-D exit=0 CLASS=CLEAN APACITY| shape=string native=additive jit=on jitearly=- tier=192KB scale=1.8 kernelMemory=164923 held=2048 why=not_enough_memory t_first5=0.0001 t_last5=0.0001 batches=205 last/first=1.00 freeKB_at_end/totalKB=0/192 arms=+377 refusals=+1 trace_flushes=+82 fill_ms=4485 queued=true running=true lastError=<null>
    g-string-r7-C-D CAP-IDLE| ticks=400 arms=+20 collects=+20 bailouts=+0 refusals=+0 trace_flushes=+0 trace_flush_bytes=+0 park_resets=+0 traces_live 44 -> 62 armed=0 state=0 stepmul=200 threshold=820200 gctotal=419002 ccap=518818 cused=419002 parked=false wallstats=present running=true
    g-string-r7-C-D CAP-LIVE| used=410084 kernelMemory=164923 user=245161 count(3 collects)=410036/410036/410036 total=518818 traces_live=62
    g-string-r7-C-D CAP-GC| collects=+377 bailouts=+0 overdrafts=+3590 od_peak=13622 od_state=0 park_resets=+0 od_limit=32768 kslice=16384 gc_low=413005 armby=0 window=n/a lends=+n/a win=n/a refused=n/a end: armed=0 state=0 stepmul=200 threshold=826000 gctotal=421061 ccap=518818 cused=421061 parked=false
    g-string-r7-C-D CAP-X| batch=10 junk=24 OCLJCAPX=205/2040/0/0 traces(start/abort) 346/196 -> 1098/313 class=CLEAN site=-
    g-string-r7-C-D SMOKE| MILESTONE km-1-kernel-init-compiles-nothing: PASS -- traces live at the kernelMemory baseline = 0; kernelMemory=164923
    g-string-r7-C-D SMOKE| MILESTONE cap-1-refusal-caught-machine-survives: PASS -- shape=string OCLJCAP=done/2048/not_enough_memory running=true lastError=<null>
g-string-r8-C-D exit=0 CLASS=CLEAN APACITY| shape=string native=additive jit=on jitearly=- tier=192KB scale=1.8 kernelMemory=164923 held=2048 why=not_enough_memory t_first5=0.0002 t_last5=0.0001 batches=205 last/first=0.50 freeKB_at_end/totalKB=0/192 arms=+399 refusals=+1 trace_flushes=+79 fill_ms=4733 queued=true running=true lastError=<null>
    g-string-r8-C-D CAP-IDLE| ticks=400 arms=+21 collects=+21 bailouts=+0 refusals=+0 trace_flushes=+0 trace_flush_bytes=+0 park_resets=+0 traces_live 50 -> 64 armed=0 state=0 stepmul=200 threshold=835800 gctotal=440122 ccap=518818 cused=440122 parked=false wallstats=present running=true
    g-string-r8-C-D CAP-LIVE| used=418408 kernelMemory=164923 user=253485 count(3 collects)=418424/418360/418360 total=518818 traces_live=64
    g-string-r8-C-D CAP-GC| collects=+399 bailouts=+0 overdrafts=+2833 od_peak=11850 od_state=0 park_resets=+0 od_limit=32768 kslice=16384 gc_low=405877 armby=0 window=n/a lends=+n/a win=n/a refused=n/a end: armed=0 state=0 stepmul=200 threshold=811800 gctotal=441673 ccap=518818 cused=441673 parked=false
    g-string-r8-C-D CAP-X| batch=10 junk=24 OCLJCAPX=205/2040/0/0 traces(start/abort) 363/210 -> 1140/375 class=CLEAN site=-
    g-string-r8-C-D SMOKE| MILESTONE km-1-kernel-init-compiles-nothing: PASS -- traces live at the kernelMemory baseline = 0; kernelMemory=164923
    g-string-r8-C-D SMOKE| MILESTONE cap-1-refusal-caught-machine-survives: PASS -- shape=string OCLJCAP=done/2048/not_enough_memory running=true lastError=<null>
g-string-r9-C-D exit=0 CLASS=CLEAN APACITY| shape=string native=additive jit=on jitearly=- tier=192KB scale=1.8 kernelMemory=164923 held=2048 why=not_enough_memory t_first5=0.0002 t_last5=0.0002 batches=205 last/first=1.00 freeKB_at_end/totalKB=0/192 arms=+379 refusals=+1 trace_flushes=+81 fill_ms=4483 queued=true running=true lastError=<null>
    g-string-r9-C-D CAP-IDLE| ticks=400 arms=+20 collects=+20 bailouts=+0 refusals=+0 trace_flushes=+0 trace_flush_bytes=+0 park_resets=+0 traces_live 41 -> 60 armed=0 state=0 stepmul=200 threshold=826600 gctotal=435506 ccap=518818 cused=435506 parked=false wallstats=present running=true
    g-string-r9-C-D CAP-LIVE| used=413792 kernelMemory=164923 user=248869 count(3 collects)=413808/413744/413744 total=518818 traces_live=60
    g-string-r9-C-D CAP-GC| collects=+379 bailouts=+0 overdrafts=+3443 od_peak=13198 od_state=0 park_resets=+0 od_limit=32768 kslice=16384 gc_low=412317 armby=0 window=n/a lends=+n/a win=n/a refused=n/a end: armed=0 state=0 stepmul=200 threshold=825200 gctotal=428109 ccap=518818 cused=428109 parked=false
    g-string-r9-C-D CAP-X| batch=10 junk=24 OCLJCAPX=205/2040/0/0 traces(start/abort) 363/211 -> 1076/327 class=CLEAN site=-
    g-string-r9-C-D SMOKE| MILESTONE km-1-kernel-init-compiles-nothing: PASS -- traces live at the kernelMemory baseline = 0; kernelMemory=164923
    g-string-r9-C-D SMOKE| MILESTONE cap-1-refusal-caught-machine-survives: PASS -- shape=string OCLJCAP=done/2048/not_enough_memory running=true lastError=<null>
g-string-r10-C-D exit=0 CLASS=CLEAN APACITY| shape=string native=additive jit=on jitearly=- tier=192KB scale=1.8 kernelMemory=164923 held=2048 why=not_enough_memory t_first5=0.0002 t_last5=0.0017 batches=205 last/first=8.50 freeKB_at_end/totalKB=0/192 arms=+370 refusals=+1 trace_flushes=+77 fill_ms=4489 queued=true running=true lastError=<null>
    g-string-r10-C-D CAP-IDLE| ticks=400 arms=+20 collects=+20 bailouts=+0 refusals=+0 trace_flushes=+0 trace_flush_bytes=+0 park_resets=+0 traces_live 59 -> 67 armed=0 state=0 stepmul=200 threshold=824400 gctotal=416674 ccap=518818 cused=416674 parked=false wallstats=present running=true
    g-string-r10-C-D CAP-LIVE| used=412404 kernelMemory=164923 user=247481 count(3 collects)=412356/412356/412356 total=518818 traces_live=67
    g-string-r10-C-D CAP-GC| collects=+370 bailouts=+0 overdrafts=+1992 od_peak=12046 od_state=0 park_resets=+0 od_limit=32768 kslice=16384 gc_low=403405 armby=0 window=n/a lends=+n/a win=n/a refused=n/a end: armed=0 state=0 stepmul=200 threshold=806800 gctotal=418197 ccap=518818 cused=418197 parked=false
    g-string-r10-C-D CAP-X| batch=10 junk=24 OCLJCAPX=205/2040/0/0 traces(start/abort) 335/189 -> 1092/325 class=CLEAN site=-
    g-string-r10-C-D SMOKE| MILESTONE km-1-kernel-init-compiles-nothing: PASS -- traces live at the kernelMemory baseline = 0; kernelMemory=164923
    g-string-r10-C-D SMOKE| MILESTONE cap-1-refusal-caught-machine-survives: PASS -- shape=string OCLJCAP=done/2048/not_enough_memory running=true lastError=<null>
