one-record-r1-S exit=0 CLASS=CLEAN APACITY| shape=record native=stock jit=on jitearly=- tier=192KB scale=1.8 kernelMemory=174605 held=259 why=not_enough_memory t_first5=0.0017 t_last5=0.0017 batches=3 last/first=1.00 freeKB_at_end/totalKB=0/192 arms=+n/a refusals=+n/a trace_flushes=+n/a fill_ms=1503 queued=true running=true lastError=<null>
    one-record-r1-S CAP-IDLE| ticks=400 arms=+n/a collects=+n/a bailouts=+n/a refusals=+n/a trace_flushes=+n/a trace_flush_bytes=+n/a park_resets=+n/a traces_live -1 -> -1 armed=n/a state=n/a stepmul=n/a threshold=n/a gctotal=n/a ccap=n/a cused=n/a parked=false wallstats=n/a running=true
    one-record-r1-S CAP-LIVE| used=431732 kernelMemory=174605 user=257127 count(3 collects)=434127/434127/434127 total=528500 traces_live=-1
    one-record-r1-S CAP-GC| collects=+n/a bailouts=+n/a overdrafts=+n/a od_peak=n/a od_state=n/a park_resets=+n/a od_limit=n/a kslice=n/a gc_low=n/a armby=n/a window=n/a lends=+n/a win=n/a refused=n/a end: armed=n/a state=n/a stepmul=n/a threshold=n/a gctotal=n/a ccap=n/a cused=n/a parked=false
    one-record-r1-S CAP-X| batch=100 junk=24 OCLJCAPX=3/200/0/0 traces(start/abort) n/a -> n/a class=CLEAN site=-
    one-record-r1-S SMOKE| MILESTONE km-1-kernel-init-compiles-nothing: SKIP -- kernel=stock: OpenComputers' own kernel has no site 13 (not counted)
    one-record-r1-S SMOKE| MILESTONE cap-1-refusal-caught-machine-survives: PASS -- shape=record OCLJCAP=done/259/not_enough_memory running=true lastError=<null>
one-record-r1-D-W exit=0 CLASS=CLEAN APACITY| shape=record native=additive jit=on jitearly=- tier=192KB scale=1.8 kernelMemory=164923 held=546 why=not_enough_memory t_first5=0.0018 t_last5=0.0037 batches=6 last/first=2.06 freeKB_at_end/totalKB=0/192 arms=+48 refusals=+1 trace_flushes=+5 fill_ms=1500 queued=true running=true lastError=<null>
    one-record-r1-D-W CAP-IDLE| ticks=400 arms=+20 collects=+20 bailouts=+0 refusals=+0 trace_flushes=+0 trace_flush_bytes=+0 park_resets=+0 traces_live 52 -> 64 armed=0 state=0 stepmul=200 threshold=821600 gctotal=418248 ccap=518818 cused=418248 parked=false wallstats=present running=true
    one-record-r1-D-W CAP-LIVE| used=411270 kernelMemory=164923 user=246347 count(3 collects)=411286/411222/411222 total=518818 traces_live=64
    one-record-r1-D-W CAP-GC| collects=+48 bailouts=+0 overdrafts=+432 od_peak=16460 od_state=0 park_resets=+0 od_limit=32768 kslice=16384 gc_low=395585 armby=0 window=4096 lends=+3 win=0 refused=88 end: armed=0 state=0 stepmul=200 threshold=793400 gctotal=420201 ccap=518818 cused=420201 parked=false
    one-record-r1-D-W CAP-X| batch=100 junk=24 OCLJCAPX=6/500/0/0 traces(start/abort) 362/213 -> 435/224 class=CLEAN site=-
    one-record-r1-D-W SMOKE| MILESTONE km-1-kernel-init-compiles-nothing: PASS -- traces live at the kernelMemory baseline = 0; kernelMemory=164923
    one-record-r1-D-W SMOKE| MILESTONE cap-1-refusal-caught-machine-survives: PASS -- shape=record OCLJCAP=done/546/not_enough_memory running=true lastError=<null>
one-record-r1-O-W exit=0 CLASS=CLEAN APACITY| shape=record native=additive jit=off jitearly=off tier=192KB scale=1.8 kernelMemory=164923 held=603 why=not_enough_memory t_first5=0.0015 t_last5=0.0052 batches=7 last/first=3.47 freeKB_at_end/totalKB=0/192 arms=+57 refusals=+1 trace_flushes=+0 fill_ms=1502 queued=true running=true lastError=<null>
    one-record-r1-O-W CAP-IDLE| ticks=400 arms=+0 collects=+0 bailouts=+0 refusals=+0 trace_flushes=+0 trace_flush_bytes=+0 park_resets=+0 traces_live 0 -> 0 armed=0 state=0 stepmul=200 threshold=706800 gctotal=426502 ccap=518818 cused=426502 parked=false wallstats=present running=true
    one-record-r1-O-W CAP-LIVE| used=353876 kernelMemory=164923 user=188953 count(3 collects)=353892/353828/353828 total=518818 traces_live=0
    one-record-r1-O-W CAP-GC| collects=+57 bailouts=+0 overdrafts=+568 od_peak=16526 od_state=0 park_resets=+0 od_limit=32768 kslice=16384 gc_low=349907 armby=1 window=4096 lends=+8 win=0 refused=40 end: armed=0 state=0 stepmul=200 threshold=699800 gctotal=357955 ccap=518818 cused=357955 parked=false
    one-record-r1-O-W CAP-X| batch=100 junk=24 OCLJCAPX=7/600/0/0 traces(start/abort) 0/0 -> 0/0 class=CLEAN site=-
    one-record-r1-O-W SMOKE| MILESTONE km-1-kernel-init-compiles-nothing: PASS -- traces live at the kernelMemory baseline = 0; kernelMemory=164923
    one-record-r1-O-W SMOKE| MILESTONE cap-1-refusal-caught-machine-survives: PASS -- shape=record OCLJCAP=done/603/not_enough_memory running=true lastError=<null>
one-record-r1-L-W exit=0 CLASS=CLEAN APACITY| shape=record native=luajit jit=on jitearly=- tier=192KB scale=1.8 kernelMemory=164247 held=548 why=not_enough_memory t_first5=0.0017 t_last5=0.0042 batches=6 last/first=2.47 freeKB_at_end/totalKB=0/192 arms=+50 refusals=+1 trace_flushes=+5 fill_ms=1499 queued=true running=true lastError=<null>
    one-record-r1-L-W CAP-IDLE| ticks=400 arms=+20 collects=+20 bailouts=+0 refusals=+0 trace_flushes=+0 trace_flush_bytes=+0 park_resets=+0 traces_live 54 -> 63 armed=0 state=0 stepmul=200 threshold=827800 gctotal=435780 ccap=0 cused=435780 parked=false wallstats=present running=true
    one-record-r1-L-W CAP-LIVE| used=413994 kernelMemory=164247 user=249747 count(3 collects)=414010/413946/413946 total=518142 traces_live=63
    one-record-r1-L-W CAP-GC| collects=+50 bailouts=+0 overdrafts=+583 od_peak=16460 od_state=0 park_resets=+0 od_limit=32768 kslice=16384 gc_low=384441 armby=0 window=4096 lends=+3 win=0 refused=88 end: armed=0 state=0 stepmul=200 threshold=769000 gctotal=399921 ccap=0 cused=399921 parked=false
    one-record-r1-L-W CAP-X| batch=100 junk=24 OCLJCAPX=6/500/0/0 traces(start/abort) 365/216 -> 428/230 class=CLEAN site=-
    one-record-r1-L-W SMOKE| MILESTONE km-1-kernel-init-compiles-nothing: PASS -- traces live at the kernelMemory baseline = 0; kernelMemory=164247
    one-record-r1-L-W SMOKE| MILESTONE cap-1-refusal-caught-machine-survives: PASS -- shape=record OCLJCAP=done/548/not_enough_memory running=true lastError=<null>
one-array-r1-S exit=0 CLASS=CLEAN APACITY| shape=array native=stock jit=on jitearly=- tier=192KB scale=1.8 kernelMemory=174605 held=283 why=not_enough_memory t_first5=0.0021 t_last5=0.0021 batches=3 last/first=1.00 freeKB_at_end/totalKB=0/192 arms=+n/a refusals=+n/a trace_flushes=+n/a fill_ms=1496 queued=true running=true lastError=<null>
    one-array-r1-S CAP-IDLE| ticks=400 arms=+n/a collects=+n/a bailouts=+n/a refusals=+n/a trace_flushes=+n/a trace_flush_bytes=+n/a park_resets=+n/a traces_live -1 -> -1 armed=n/a state=n/a stepmul=n/a threshold=n/a gctotal=n/a ccap=n/a cused=n/a parked=false wallstats=n/a running=true
    one-array-r1-S CAP-LIVE| used=431661 kernelMemory=174605 user=257056 count(3 collects)=434056/434056/434056 total=528500 traces_live=-1
    one-array-r1-S CAP-GC| collects=+n/a bailouts=+n/a overdrafts=+n/a od_peak=n/a od_state=n/a park_resets=+n/a od_limit=n/a kslice=n/a gc_low=n/a armby=n/a window=n/a lends=+n/a win=n/a refused=n/a end: armed=n/a state=n/a stepmul=n/a threshold=n/a gctotal=n/a ccap=n/a cused=n/a parked=false
    one-array-r1-S CAP-X| batch=100 junk=24 OCLJCAPX=3/200/0/0 traces(start/abort) n/a -> n/a class=CLEAN site=-
    one-array-r1-S SMOKE| MILESTONE km-1-kernel-init-compiles-nothing: SKIP -- kernel=stock: OpenComputers' own kernel has no site 13 (not counted)
    one-array-r1-S SMOKE| MILESTONE cap-1-refusal-caught-machine-survives: PASS -- shape=array OCLJCAP=done/283/not_enough_memory running=true lastError=<null>
one-array-r1-D-W exit=0 CLASS=CLEAN APACITY| shape=array native=additive jit=on jitearly=- tier=192KB scale=1.8 kernelMemory=164923 held=796 why=not_enough_memory t_first5=0.0007 t_last5=0.0020 batches=8 last/first=2.86 freeKB_at_end/totalKB=0/192 arms=+48 refusals=+1 trace_flushes=+5 fill_ms=1492 queued=true running=true lastError=<null>
    one-array-r1-D-W CAP-IDLE| ticks=400 arms=+20 collects=+20 bailouts=+0 refusals=+0 trace_flushes=+0 trace_flush_bytes=+0 park_resets=+0 traces_live 40 -> 57 armed=0 state=0 stepmul=200 threshold=808600 gctotal=405291 ccap=518818 cused=405291 parked=false wallstats=present running=true
    one-array-r1-D-W CAP-LIVE| used=404793 kernelMemory=164923 user=239870 count(3 collects)=404745/404745/404745 total=518818 traces_live=57
    one-array-r1-D-W CAP-GC| collects=+48 bailouts=+0 overdrafts=+174 od_peak=16479 od_state=0 park_resets=+0 od_limit=32768 kslice=16384 gc_low=387133 armby=0 window=4096 lends=+3 win=0 refused=52 end: armed=0 state=0 stepmul=200 threshold=774200 gctotal=416653 ccap=518818 cused=416653 parked=false
    one-array-r1-D-W CAP-X| batch=100 junk=24 OCLJCAPX=8/700/0/0 traces(start/abort) 337/194 -> 413/214 class=CLEAN site=-
    one-array-r1-D-W SMOKE| MILESTONE km-1-kernel-init-compiles-nothing: PASS -- traces live at the kernelMemory baseline = 0; kernelMemory=164923
    one-array-r1-D-W SMOKE| MILESTONE cap-1-refusal-caught-machine-survives: PASS -- shape=array OCLJCAP=done/796/not_enough_memory running=true lastError=<null>
one-array-r1-O-W exit=0 CLASS=CLEAN APACITY| shape=array native=additive jit=off jitearly=off tier=192KB scale=1.8 kernelMemory=164923 held=866 why=not_enough_memory t_first5=0.0008 t_last5=0.0023 batches=9 last/first=2.88 freeKB_at_end/totalKB=0/192 arms=+41 refusals=+1 trace_flushes=+0 fill_ms=1499 queued=true running=true lastError=<null>
    one-array-r1-O-W CAP-IDLE| ticks=400 arms=+1 collects=+1 bailouts=+0 refusals=+0 trace_flushes=+0 trace_flush_bytes=+0 park_resets=+0 traces_live 0 -> 0 armed=0 state=0 stepmul=200 threshold=707800 gctotal=390845 ccap=518818 cused=390845 parked=false wallstats=present running=true
    one-array-r1-O-W CAP-LIVE| used=354395 kernelMemory=164923 user=189472 count(3 collects)=354347/354347/354347 total=518818 traces_live=0
    one-array-r1-O-W CAP-GC| collects=+41 bailouts=+0 overdrafts=+563 od_peak=16485 od_state=0 park_resets=+0 od_limit=32768 kslice=16384 gc_low=350739 armby=1 window=4096 lends=+4 win=0 refused=52 end: armed=0 state=0 stepmul=200 threshold=701400 gctotal=373523 ccap=518818 cused=373523 parked=false
    one-array-r1-O-W CAP-X| batch=100 junk=24 OCLJCAPX=9/800/0/0 traces(start/abort) 0/0 -> 0/0 class=CLEAN site=-
    one-array-r1-O-W SMOKE| MILESTONE km-1-kernel-init-compiles-nothing: PASS -- traces live at the kernelMemory baseline = 0; kernelMemory=164923
    one-array-r1-O-W SMOKE| MILESTONE cap-1-refusal-caught-machine-survives: PASS -- shape=array OCLJCAP=done/866/not_enough_memory running=true lastError=<null>
one-array-r1-L-W exit=0 CLASS=CLEAN APACITY| shape=array native=luajit jit=on jitearly=- tier=192KB scale=1.8 kernelMemory=164247 held=782 why=not_enough_memory t_first5=0.0011 t_last5=0.0030 batches=8 last/first=2.73 freeKB_at_end/totalKB=0/192 arms=+49 refusals=+1 trace_flushes=+6 fill_ms=1497 queued=true running=true lastError=<null>
    one-array-r1-L-W CAP-IDLE| ticks=400 arms=+20 collects=+20 bailouts=+0 refusals=+0 trace_flushes=+0 trace_flush_bytes=+0 park_resets=+0 traces_live 53 -> 67 armed=0 state=0 stepmul=200 threshold=832400 gctotal=445723 ccap=0 cused=445723 parked=false wallstats=present running=true
    one-array-r1-L-W CAP-LIVE| used=416641 kernelMemory=164247 user=252394 count(3 collects)=416657/416593/416593 total=518142 traces_live=67
    one-array-r1-L-W CAP-GC| collects=+49 bailouts=+0 overdrafts=+508 od_peak=16475 od_state=0 park_resets=+0 od_limit=32768 kslice=16384 gc_low=388257 armby=0 window=4096 lends=+3 win=0 refused=52 end: armed=0 state=0 stepmul=200 threshold=776600 gctotal=403737 ccap=0 cused=403737 parked=false
    one-array-r1-L-W CAP-X| batch=100 junk=24 OCLJCAPX=8/700/0/0 traces(start/abort) 371/208 -> 446/221 class=CLEAN site=-
    one-array-r1-L-W SMOKE| MILESTONE km-1-kernel-init-compiles-nothing: PASS -- traces live at the kernelMemory baseline = 0; kernelMemory=164247
    one-array-r1-L-W SMOKE| MILESTONE cap-1-refusal-caught-machine-survives: PASS -- shape=array OCLJCAP=done/782/not_enough_memory running=true lastError=<null>
one-string-r1-S exit=0 CLASS=CLEAN APACITY| shape=string native=stock jit=on jitearly=- tier=192KB scale=1.8 kernelMemory=174605 held=1024 why=not_enough_memory t_first5=0.0017 t_last5=0.0021 batches=11 last/first=1.24 freeKB_at_end/totalKB=3/192 arms=+n/a refusals=+n/a trace_flushes=+n/a fill_ms=1497 queued=true running=true lastError=<null>
    one-string-r1-S CAP-IDLE| ticks=400 arms=+n/a collects=+n/a bailouts=+n/a refusals=+n/a trace_flushes=+n/a trace_flush_bytes=+n/a park_resets=+n/a traces_live -1 -> -1 armed=n/a state=n/a stepmul=n/a threshold=n/a gctotal=n/a ccap=n/a cused=n/a parked=false wallstats=n/a running=true
    one-string-r1-S CAP-LIVE| used=431625 kernelMemory=174605 user=257020 count(3 collects)=434020/434020/434020 total=528500 traces_live=-1
    one-string-r1-S CAP-GC| collects=+n/a bailouts=+n/a overdrafts=+n/a od_peak=n/a od_state=n/a park_resets=+n/a od_limit=n/a kslice=n/a gc_low=n/a armby=n/a window=n/a lends=+n/a win=n/a refused=n/a end: armed=n/a state=n/a stepmul=n/a threshold=n/a gctotal=n/a ccap=n/a cused=n/a parked=false
    one-string-r1-S CAP-X| batch=100 junk=24 OCLJCAPX=11/1000/0/0 traces(start/abort) n/a -> n/a class=CLEAN site=-
    one-string-r1-S SMOKE| MILESTONE km-1-kernel-init-compiles-nothing: SKIP -- kernel=stock: OpenComputers' own kernel has no site 13 (not counted)
    one-string-r1-S SMOKE| MILESTONE cap-1-refusal-caught-machine-survives: PASS -- shape=string OCLJCAP=done/1024/not_enough_memory running=true lastError=<null>
one-string-r1-D-W exit=0 CLASS=CLEAN APACITY| shape=string native=additive jit=on jitearly=- tier=192KB scale=1.8 kernelMemory=164923 held=2048 why=not_enough_memory t_first5=0.0010 t_last5=0.0050 batches=21 last/first=5.00 freeKB_at_end/totalKB=0/192 arms=+89 refusals=+1 trace_flushes=+13 fill_ms=1740 queued=true running=true lastError=<null>
    one-string-r1-D-W CAP-IDLE| ticks=400 arms=+20 collects=+20 bailouts=+0 refusals=+0 trace_flushes=+0 trace_flush_bytes=+0 park_resets=+0 traces_live 52 -> 64 armed=0 state=0 stepmul=200 threshold=820400 gctotal=417602 ccap=518818 cused=417602 parked=false wallstats=present running=true
    one-string-r1-D-W CAP-LIVE| used=410624 kernelMemory=164923 user=245701 count(3 collects)=410640/410576/410576 total=518818 traces_live=64
    one-string-r1-D-W CAP-GC| collects=+89 bailouts=+0 overdrafts=+431 od_peak=8490 od_state=0 park_resets=+0 od_limit=32768 kslice=16384 gc_low=404289 armby=0 window=4096 lends=+0 win=0 refused=16384 end: armed=0 state=0 stepmul=200 threshold=808400 gctotal=418449 ccap=518818 cused=418449 parked=false
    one-string-r1-D-W CAP-X| batch=100 junk=24 OCLJCAPX=21/2000/0/0 traces(start/abort) 366/207 -> 493/235 class=CLEAN site=-
    one-string-r1-D-W SMOKE| MILESTONE km-1-kernel-init-compiles-nothing: PASS -- traces live at the kernelMemory baseline = 0; kernelMemory=164923
    one-string-r1-D-W SMOKE| MILESTONE cap-1-refusal-caught-machine-survives: PASS -- shape=string OCLJCAP=done/2048/not_enough_memory running=true lastError=<null>
one-string-r1-O-W exit=0 CLASS=CLEAN APACITY| shape=string native=additive jit=off jitearly=off tier=192KB scale=1.8 kernelMemory=164923 held=2219 why=not_enough_memory t_first5=0.0006 t_last5=0.0073 batches=23 last/first=12.17 freeKB_at_end/totalKB=0/192 arms=+95 refusals=+1 trace_flushes=+0 fill_ms=1750 queued=true running=true lastError=<null>
    one-string-r1-O-W CAP-IDLE| ticks=400 arms=+1 collects=+1 bailouts=+0 refusals=+0 trace_flushes=+0 trace_flush_bytes=+0 park_resets=+0 traces_live 0 -> 0 armed=0 state=0 stepmul=200 threshold=705800 gctotal=368388 ccap=518818 cused=368388 parked=false wallstats=present running=true
    one-string-r1-O-W CAP-LIVE| used=353410 kernelMemory=164923 user=188487 count(3 collects)=353426/353362/353362 total=518818 traces_live=0
    one-string-r1-O-W CAP-GC| collects=+95 bailouts=+0 overdrafts=+1120 od_peak=16476 od_state=0 park_resets=+0 od_limit=32768 kslice=16384 gc_low=366223 armby=0 window=4096 lends=+8 win=0 refused=52 end: armed=0 state=0 stepmul=200 threshold=732400 gctotal=388383 ccap=518818 cused=388383 parked=false
    one-string-r1-O-W CAP-X| batch=100 junk=24 OCLJCAPX=23/2200/0/0 traces(start/abort) 0/0 -> 0/0 class=CLEAN site=-
    one-string-r1-O-W SMOKE| MILESTONE km-1-kernel-init-compiles-nothing: PASS -- traces live at the kernelMemory baseline = 0; kernelMemory=164923
    one-string-r1-O-W SMOKE| MILESTONE cap-1-refusal-caught-machine-survives: PASS -- shape=string OCLJCAP=done/2219/not_enough_memory running=true lastError=<null>
one-string-r1-L-W exit=0 CLASS=CLEAN APACITY| shape=string native=luajit jit=on jitearly=- tier=192KB scale=1.8 kernelMemory=164247 held=2048 why=not_enough_memory t_first5=0.0007 t_last5=0.0053 batches=21 last/first=7.57 freeKB_at_end/totalKB=0/192 arms=+80 refusals=+1 trace_flushes=+12 fill_ms=1747 queued=true running=true lastError=<null>
    one-string-r1-L-W CAP-IDLE| ticks=400 arms=+20 collects=+20 bailouts=+0 refusals=+0 trace_flushes=+0 trace_flush_bytes=+0 park_resets=+0 traces_live 48 -> 62 armed=0 state=0 stepmul=200 threshold=814200 gctotal=429550 ccap=0 cused=429550 parked=false wallstats=present running=true
    one-string-r1-L-W CAP-LIVE| used=406192 kernelMemory=164247 user=241945 count(3 collects)=406144/406144/406144 total=518142 traces_live=62
    one-string-r1-L-W CAP-GC| collects=+80 bailouts=+0 overdrafts=+334 od_peak=8570 od_state=0 park_resets=+0 od_limit=32768 kslice=16384 gc_low=402037 armby=0 window=4096 lends=+0 win=0 refused=16384 end: armed=0 state=0 stepmul=200 threshold=807600 gctotal=412353 ccap=0 cused=412353 parked=false
    one-string-r1-L-W CAP-X| batch=100 junk=24 OCLJCAPX=21/2000/0/0 traces(start/abort) 331/181 -> 466/214 class=CLEAN site=-
    one-string-r1-L-W SMOKE| MILESTONE km-1-kernel-init-compiles-nothing: PASS -- traces live at the kernelMemory baseline = 0; kernelMemory=164247
    one-string-r1-L-W SMOKE| MILESTONE cap-1-refusal-caught-machine-survives: PASS -- shape=string OCLJCAP=done/2048/not_enough_memory running=true lastError=<null>
one-closure-r1-S exit=0 CLASS=CLEAN APACITY| shape=closure native=stock jit=on jitearly=- tier=192KB scale=1.8 kernelMemory=174605 held=501 why=not_enough_memory t_first5=0.0029 t_last5=0.0036 batches=6 last/first=1.24 freeKB_at_end/totalKB=0/192 arms=+n/a refusals=+n/a trace_flushes=+n/a fill_ms=1496 queued=true running=true lastError=<null>
    one-closure-r1-S CAP-IDLE| ticks=400 arms=+n/a collects=+n/a bailouts=+n/a refusals=+n/a trace_flushes=+n/a trace_flush_bytes=+n/a park_resets=+n/a traces_live -1 -> -1 armed=n/a state=n/a stepmul=n/a threshold=n/a gctotal=n/a ccap=n/a cused=n/a parked=false wallstats=n/a running=true
    one-closure-r1-S CAP-LIVE| used=431905 kernelMemory=174605 user=257300 count(3 collects)=434300/434300/434300 total=528500 traces_live=-1
    one-closure-r1-S CAP-GC| collects=+n/a bailouts=+n/a overdrafts=+n/a od_peak=n/a od_state=n/a park_resets=+n/a od_limit=n/a kslice=n/a gc_low=n/a armby=n/a window=n/a lends=+n/a win=n/a refused=n/a end: armed=n/a state=n/a stepmul=n/a threshold=n/a gctotal=n/a ccap=n/a cused=n/a parked=false
    one-closure-r1-S CAP-X| batch=100 junk=24 OCLJCAPX=6/500/2/0 traces(start/abort) n/a -> n/a class=CLEAN site=-
    one-closure-r1-S SMOKE| MILESTONE km-1-kernel-init-compiles-nothing: SKIP -- kernel=stock: OpenComputers' own kernel has no site 13 (not counted)
    one-closure-r1-S SMOKE| MILESTONE cap-1-refusal-caught-machine-survives: PASS -- shape=closure OCLJCAP=done/501/not_enough_memory running=true lastError=<null>
one-closure-r1-D-W exit=0 CLASS=CLEAN APACITY| shape=closure native=additive jit=on jitearly=- tier=192KB scale=1.8 kernelMemory=164923 held=767 why=not_enough_memory t_first5=0.0011 t_last5=0.0048 batches=8 last/first=4.36 freeKB_at_end/totalKB=0/192 arms=+47 refusals=+1 trace_flushes=+5 fill_ms=1497 queued=true running=true lastError=<null>
    one-closure-r1-D-W CAP-IDLE| ticks=400 arms=+21 collects=+21 bailouts=+0 refusals=+0 trace_flushes=+0 trace_flush_bytes=+0 park_resets=+0 traces_live 49 -> 60 armed=0 state=0 stepmul=200 threshold=824400 gctotal=435032 ccap=518818 cused=435032 parked=false wallstats=present running=true
    one-closure-r1-D-W CAP-LIVE| used=412686 kernelMemory=164923 user=247763 count(3 collects)=412702/412638/412638 total=518818 traces_live=60
    one-closure-r1-D-W CAP-GC| collects=+47 bailouts=+0 overdrafts=+712 od_peak=16536 od_state=0 park_resets=+0 od_limit=32768 kslice=16384 gc_low=388693 armby=0 window=4096 lends=+7 win=0 refused=52 end: armed=0 state=0 stepmul=200 threshold=777200 gctotal=396109 ccap=518818 cused=396109 parked=false
    one-closure-r1-D-W CAP-X| batch=100 junk=24 OCLJCAPX=8/700/0/0 traces(start/abort) 346/188 -> 423/219 class=CLEAN site=-
    one-closure-r1-D-W SMOKE| MILESTONE km-1-kernel-init-compiles-nothing: PASS -- traces live at the kernelMemory baseline = 0; kernelMemory=164923
    one-closure-r1-D-W SMOKE| MILESTONE cap-1-refusal-caught-machine-survives: PASS -- shape=closure OCLJCAP=done/767/not_enough_memory running=true lastError=<null>
one-closure-r1-O-W exit=0 CLASS=CLEAN APACITY| shape=closure native=additive jit=off jitearly=off tier=192KB scale=1.8 kernelMemory=164923 held=835 why=not_enough_memory t_first5=0.0007 t_last5=0.0053 batches=9 last/first=7.57 freeKB_at_end/totalKB=0/192 arms=+44 refusals=+1 trace_flushes=+0 fill_ms=1495 queued=true running=true lastError=<null>
    one-closure-r1-O-W CAP-IDLE| ticks=400 arms=+1 collects=+1 bailouts=+0 refusals=+0 trace_flushes=+0 trace_flush_bytes=+0 park_resets=+0 traces_live 0 -> 0 armed=0 state=0 stepmul=200 threshold=706800 gctotal=376234 ccap=518818 cused=376234 parked=false wallstats=present running=true
    one-closure-r1-O-W CAP-LIVE| used=353888 kernelMemory=164923 user=188965 count(3 collects)=353904/353840/353840 total=518818 traces_live=0
    one-closure-r1-O-W CAP-GC| collects=+44 bailouts=+0 overdrafts=+812 od_peak=16458 od_state=0 park_resets=+0 od_limit=32768 kslice=16384 gc_low=350115 armby=1 window=4096 lends=+2 win=0 refused=52 end: armed=0 state=0 stepmul=200 threshold=700200 gctotal=357531 ccap=518818 cused=357531 parked=false
    one-closure-r1-O-W CAP-X| batch=100 junk=24 OCLJCAPX=9/800/0/0 traces(start/abort) 0/0 -> 0/0 class=CLEAN site=-
    one-closure-r1-O-W SMOKE| MILESTONE km-1-kernel-init-compiles-nothing: PASS -- traces live at the kernelMemory baseline = 0; kernelMemory=164923
    one-closure-r1-O-W SMOKE| MILESTONE cap-1-refusal-caught-machine-survives: PASS -- shape=closure OCLJCAP=done/835/not_enough_memory running=true lastError=<null>
one-closure-r1-L-W exit=0 CLASS=CLEAN APACITY| shape=closure native=luajit jit=on jitearly=- tier=192KB scale=1.8 kernelMemory=164247 held=768 why=not_enough_memory t_first5=0.0009 t_last5=0.0037 batches=8 last/first=4.11 freeKB_at_end/totalKB=0/192 arms=+51 refusals=+1 trace_flushes=+6 fill_ms=1497 queued=true running=true lastError=<null>
    one-closure-r1-L-W CAP-IDLE| ticks=400 arms=+21 collects=+21 bailouts=+0 refusals=+0 trace_flushes=+0 trace_flush_bytes=+0 park_resets=+0 traces_live 51 -> 64 armed=0 state=0 stepmul=200 threshold=837400 gctotal=441484 ccap=0 cused=441484 parked=false wallstats=present running=true
    one-closure-r1-L-W CAP-LIVE| used=419138 kernelMemory=164247 user=254891 count(3 collects)=419154/419090/419090 total=518142 traces_live=64
    one-closure-r1-L-W CAP-GC| collects=+51 bailouts=+0 overdrafts=+855 od_peak=16584 od_state=0 park_resets=+0 od_limit=32768 kslice=16384 gc_low=386677 armby=0 window=4096 lends=+8 win=0 refused=52 end: armed=0 state=0 stepmul=200 threshold=773200 gctotal=387593 ccap=0 cused=387593 parked=false
    one-closure-r1-L-W CAP-X| batch=100 junk=24 OCLJCAPX=8/700/0/0 traces(start/abort) 350/198 -> 440/230 class=CLEAN site=-
    one-closure-r1-L-W SMOKE| MILESTONE km-1-kernel-init-compiles-nothing: PASS -- traces live at the kernelMemory baseline = 0; kernelMemory=164247
    one-closure-r1-L-W SMOKE| MILESTONE cap-1-refusal-caught-machine-survives: PASS -- shape=closure OCLJCAP=done/768/not_enough_memory running=true lastError=<null>
one-record-r2-S exit=0 CLASS=CLEAN APACITY| shape=record native=stock jit=on jitearly=- tier=192KB scale=1.8 kernelMemory=174605 held=259 why=not_enough_memory t_first5=0.0017 t_last5=0.0017 batches=3 last/first=1.00 freeKB_at_end/totalKB=0/192 arms=+n/a refusals=+n/a trace_flushes=+n/a fill_ms=1497 queued=true running=true lastError=<null>
    one-record-r2-S CAP-IDLE| ticks=400 arms=+n/a collects=+n/a bailouts=+n/a refusals=+n/a trace_flushes=+n/a trace_flush_bytes=+n/a park_resets=+n/a traces_live -1 -> -1 armed=n/a state=n/a stepmul=n/a threshold=n/a gctotal=n/a ccap=n/a cused=n/a parked=false wallstats=n/a running=true
    one-record-r2-S CAP-LIVE| used=431798 kernelMemory=174605 user=257193 count(3 collects)=434193/434193/434193 total=528500 traces_live=-1
    one-record-r2-S CAP-GC| collects=+n/a bailouts=+n/a overdrafts=+n/a od_peak=n/a od_state=n/a park_resets=+n/a od_limit=n/a kslice=n/a gc_low=n/a armby=n/a window=n/a lends=+n/a win=n/a refused=n/a end: armed=n/a state=n/a stepmul=n/a threshold=n/a gctotal=n/a ccap=n/a cused=n/a parked=false
    one-record-r2-S CAP-X| batch=100 junk=24 OCLJCAPX=3/200/0/0 traces(start/abort) n/a -> n/a class=CLEAN site=-
    one-record-r2-S SMOKE| MILESTONE km-1-kernel-init-compiles-nothing: SKIP -- kernel=stock: OpenComputers' own kernel has no site 13 (not counted)
    one-record-r2-S SMOKE| MILESTONE cap-1-refusal-caught-machine-survives: PASS -- shape=record OCLJCAP=done/259/not_enough_memory running=true lastError=<null>
one-record-r2-D-W exit=0 CLASS=CLEAN APACITY| shape=record native=additive jit=on jitearly=- tier=192KB scale=1.8 kernelMemory=164923 held=543 why=not_enough_memory t_first5=0.0021 t_last5=0.0038 batches=6 last/first=1.81 freeKB_at_end/totalKB=0/192 arms=+40 refusals=+1 trace_flushes=+5 fill_ms=1499 queued=true running=true lastError=<null>
    one-record-r2-D-W CAP-IDLE| ticks=400 arms=+20 collects=+20 bailouts=+0 refusals=+0 trace_flushes=+0 trace_flush_bytes=+0 park_resets=+0 traces_live 50 -> 64 armed=0 state=0 stepmul=200 threshold=821200 gctotal=418676 ccap=518818 cused=418676 parked=false wallstats=present running=true
    one-record-r2-D-W CAP-LIVE| used=411066 kernelMemory=164923 user=246143 count(3 collects)=411082/411018/411018 total=518818 traces_live=64
    one-record-r2-D-W CAP-GC| collects=+40 bailouts=+0 overdrafts=+516 od_peak=16652 od_state=0 park_resets=+0 od_limit=32768 kslice=16384 gc_low=388737 armby=0 window=4096 lends=+3 win=0 refused=28 end: armed=0 state=0 stepmul=200 threshold=777400 gctotal=419001 ccap=518818 cused=419001 parked=false
    one-record-r2-D-W CAP-X| batch=100 junk=24 OCLJCAPX=6/500/0/0 traces(start/abort) 347/190 -> 423/210 class=CLEAN site=-
    one-record-r2-D-W SMOKE| MILESTONE km-1-kernel-init-compiles-nothing: PASS -- traces live at the kernelMemory baseline = 0; kernelMemory=164923
    one-record-r2-D-W SMOKE| MILESTONE cap-1-refusal-caught-machine-survives: PASS -- shape=record OCLJCAP=done/543/not_enough_memory running=true lastError=<null>
one-record-r2-O-W exit=0 CLASS=CLEAN APACITY| shape=record native=additive jit=off jitearly=off tier=192KB scale=1.8 kernelMemory=164923 held=603 why=not_enough_memory t_first5=0.0019 t_last5=0.0065 batches=7 last/first=3.42 freeKB_at_end/totalKB=0/192 arms=+60 refusals=+1 trace_flushes=+0 fill_ms=1497 queued=true running=true lastError=<null>
    one-record-r2-O-W CAP-IDLE| ticks=400 arms=+0 collects=+0 bailouts=+0 refusals=+0 trace_flushes=+0 trace_flush_bytes=+0 park_resets=+0 traces_live 0 -> 0 armed=0 state=0 stepmul=200 threshold=706800 gctotal=353742 ccap=518818 cused=353742 parked=false wallstats=present running=true
    one-record-r2-O-W CAP-LIVE| used=353876 kernelMemory=164923 user=188953 count(3 collects)=353828/353828/353828 total=518818 traces_live=0
    one-record-r2-O-W CAP-GC| collects=+60 bailouts=+0 overdrafts=+568 od_peak=16526 od_state=0 park_resets=+0 od_limit=32768 kslice=16384 gc_low=349843 armby=0 window=4096 lends=+8 win=0 refused=40 end: armed=0 state=0 stepmul=200 threshold=699600 gctotal=365955 ccap=518818 cused=365955 parked=false
    one-record-r2-O-W CAP-X| batch=100 junk=24 OCLJCAPX=7/600/0/0 traces(start/abort) 0/0 -> 0/0 class=CLEAN site=-
    one-record-r2-O-W SMOKE| MILESTONE km-1-kernel-init-compiles-nothing: PASS -- traces live at the kernelMemory baseline = 0; kernelMemory=164923
    one-record-r2-O-W SMOKE| MILESTONE cap-1-refusal-caught-machine-survives: PASS -- shape=record OCLJCAP=done/603/not_enough_memory running=true lastError=<null>
one-array-r2-S exit=0 CLASS=CLEAN APACITY| shape=array native=stock jit=on jitearly=- tier=192KB scale=1.8 kernelMemory=174605 held=283 why=not_enough_memory t_first5=0.0023 t_last5=0.0023 batches=3 last/first=1.00 freeKB_at_end/totalKB=0/192 arms=+n/a refusals=+n/a trace_flushes=+n/a fill_ms=1493 queued=true running=true lastError=<null>
    one-array-r2-S CAP-IDLE| ticks=400 arms=+n/a collects=+n/a bailouts=+n/a refusals=+n/a trace_flushes=+n/a trace_flush_bytes=+n/a park_resets=+n/a traces_live -1 -> -1 armed=n/a state=n/a stepmul=n/a threshold=n/a gctotal=n/a ccap=n/a cused=n/a parked=false wallstats=n/a running=true
    one-array-r2-S CAP-LIVE| used=431661 kernelMemory=174605 user=257056 count(3 collects)=434056/434056/434056 total=528500 traces_live=-1
    one-array-r2-S CAP-GC| collects=+n/a bailouts=+n/a overdrafts=+n/a od_peak=n/a od_state=n/a park_resets=+n/a od_limit=n/a kslice=n/a gc_low=n/a armby=n/a window=n/a lends=+n/a win=n/a refused=n/a end: armed=n/a state=n/a stepmul=n/a threshold=n/a gctotal=n/a ccap=n/a cused=n/a parked=false
    one-array-r2-S CAP-X| batch=100 junk=24 OCLJCAPX=3/200/0/0 traces(start/abort) n/a -> n/a class=CLEAN site=-
    one-array-r2-S SMOKE| MILESTONE km-1-kernel-init-compiles-nothing: SKIP -- kernel=stock: OpenComputers' own kernel has no site 13 (not counted)
    one-array-r2-S SMOKE| MILESTONE cap-1-refusal-caught-machine-survives: PASS -- shape=array OCLJCAP=done/283/not_enough_memory running=true lastError=<null>
one-array-r2-D-W exit=0 CLASS=CLEAN APACITY| shape=array native=additive jit=on jitearly=- tier=192KB scale=1.8 kernelMemory=164923 held=813 why=not_enough_memory t_first5=0.0009 t_last5=0.0033 batches=9 last/first=3.67 freeKB_at_end/totalKB=0/192 arms=+108 refusals=+1 trace_flushes=+6 fill_ms=1496 queued=true running=true lastError=<null>
    one-array-r2-D-W CAP-IDLE| ticks=400 arms=+20 collects=+20 bailouts=+0 refusals=+0 trace_flushes=+0 trace_flush_bytes=+0 park_resets=+0 traces_live 52 -> 66 armed=0 state=0 stepmul=200 threshold=817400 gctotal=417415 ccap=518818 cused=417415 parked=false wallstats=present running=true
    one-array-r2-D-W CAP-LIVE| used=409173 kernelMemory=164923 user=244250 count(3 collects)=409189/409125/409125 total=518818 traces_live=66
    one-array-r2-D-W CAP-GC| collects=+108 bailouts=+0 overdrafts=+514 od_peak=16795 od_state=0 park_resets=+0 od_limit=32768 kslice=16384 gc_low=389457 armby=0 window=4096 lends=+91 win=0 refused=52 end: armed=0 state=0 stepmul=200 threshold=778800 gctotal=418977 ccap=518818 cused=418977 parked=false
    one-array-r2-D-W CAP-X| batch=100 junk=24 OCLJCAPX=9/800/0/0 traces(start/abort) 310/160 -> 392/176 class=CLEAN site=-
    one-array-r2-D-W SMOKE| MILESTONE km-1-kernel-init-compiles-nothing: PASS -- traces live at the kernelMemory baseline = 0; kernelMemory=164923
    one-array-r2-D-W SMOKE| MILESTONE cap-1-refusal-caught-machine-survives: PASS -- shape=array OCLJCAP=done/813/not_enough_memory running=true lastError=<null>
one-array-r2-O-W exit=0 CLASS=CLEAN APACITY| shape=array native=additive jit=off jitearly=off tier=192KB scale=1.8 kernelMemory=164923 held=870 why=not_enough_memory t_first5=0.0006 t_last5=0.0050 batches=9 last/first=8.33 freeKB_at_end/totalKB=0/192 arms=+40 refusals=+1 trace_flushes=+0 fill_ms=1494 queued=true running=true lastError=<null>
    one-array-r2-O-W CAP-IDLE| ticks=400 arms=+0 collects=+0 bailouts=+0 refusals=+0 trace_flushes=+0 trace_flush_bytes=+0 park_resets=+0 traces_live 0 -> 0 armed=0 state=0 stepmul=200 threshold=706200 gctotal=426589 ccap=518818 cused=426589 parked=false wallstats=present running=true
    one-array-r2-O-W CAP-LIVE| used=353563 kernelMemory=164923 user=188640 count(3 collects)=353579/353515/353515 total=518818 traces_live=0
    one-array-r2-O-W CAP-GC| collects=+40 bailouts=+0 overdrafts=+670 od_peak=16453 od_state=0 park_resets=+0 od_limit=32768 kslice=16384 gc_low=349907 armby=1 window=4096 lends=+2 win=0 refused=52 end: armed=0 state=0 stepmul=200 threshold=699800 gctotal=365323 ccap=518818 cused=365323 parked=false
    one-array-r2-O-W CAP-X| batch=100 junk=24 OCLJCAPX=9/800/0/0 traces(start/abort) 0/0 -> 0/0 class=CLEAN site=-
    one-array-r2-O-W SMOKE| MILESTONE km-1-kernel-init-compiles-nothing: PASS -- traces live at the kernelMemory baseline = 0; kernelMemory=164923
    one-array-r2-O-W SMOKE| MILESTONE cap-1-refusal-caught-machine-survives: PASS -- shape=array OCLJCAP=done/870/not_enough_memory running=true lastError=<null>
one-string-r2-S exit=0 CLASS=CLEAN APACITY| shape=string native=stock jit=on jitearly=- tier=192KB scale=1.8 kernelMemory=174605 held=833 why=not_enough_memory t_first5=0.0016 t_last5=0.0025 batches=9 last/first=1.56 freeKB_at_end/totalKB=0/192 arms=+n/a refusals=+n/a trace_flushes=+n/a fill_ms=1500 queued=true running=true lastError=<null>
    one-string-r2-S CAP-IDLE| ticks=400 arms=+n/a collects=+n/a bailouts=+n/a refusals=+n/a trace_flushes=+n/a trace_flush_bytes=+n/a park_resets=+n/a traces_live -1 -> -1 armed=n/a state=n/a stepmul=n/a threshold=n/a gctotal=n/a ccap=n/a cused=n/a parked=false wallstats=n/a running=true
    one-string-r2-S CAP-LIVE| used=431625 kernelMemory=174605 user=257020 count(3 collects)=434020/434020/434020 total=528500 traces_live=-1
    one-string-r2-S CAP-GC| collects=+n/a bailouts=+n/a overdrafts=+n/a od_peak=n/a od_state=n/a park_resets=+n/a od_limit=n/a kslice=n/a gc_low=n/a armby=n/a window=n/a lends=+n/a win=n/a refused=n/a end: armed=n/a state=n/a stepmul=n/a threshold=n/a gctotal=n/a ccap=n/a cused=n/a parked=false
    one-string-r2-S CAP-X| batch=100 junk=24 OCLJCAPX=9/800/0/0 traces(start/abort) n/a -> n/a class=CLEAN site=-
    one-string-r2-S SMOKE| MILESTONE km-1-kernel-init-compiles-nothing: SKIP -- kernel=stock: OpenComputers' own kernel has no site 13 (not counted)
    one-string-r2-S SMOKE| MILESTONE cap-1-refusal-caught-machine-survives: PASS -- shape=string OCLJCAP=done/833/not_enough_memory running=true lastError=<null>
one-string-r2-D-W exit=0 CLASS=CLEAN APACITY| shape=string native=additive jit=on jitearly=- tier=192KB scale=1.8 kernelMemory=164923 held=2048 why=not_enough_memory t_first5=0.0004 t_last5=0.0019 batches=21 last/first=4.75 freeKB_at_end/totalKB=0/192 arms=+63 refusals=+1 trace_flushes=+12 fill_ms=1749 queued=true running=true lastError=<null>
    one-string-r2-D-W CAP-IDLE| ticks=400 arms=+20 collects=+20 bailouts=+0 refusals=+0 trace_flushes=+0 trace_flush_bytes=+0 park_resets=+0 traces_live 43 -> 58 armed=0 state=0 stepmul=200 threshold=813200 gctotal=406958 ccap=518818 cused=406958 parked=false wallstats=present running=true
    one-string-r2-D-W CAP-LIVE| used=407092 kernelMemory=164923 user=242169 count(3 collects)=407044/407044/407044 total=518818 traces_live=58
    one-string-r2-D-W CAP-GC| collects=+63 bailouts=+0 overdrafts=+713 od_peak=10546 od_state=0 park_resets=+0 od_limit=32768 kslice=16384 gc_low=407037 armby=0 window=4096 lends=+0 win=0 refused=16384 end: armed=0 state=0 stepmul=200 threshold=814000 gctotal=415725 ccap=518818 cused=415725 parked=false
    one-string-r2-D-W CAP-X| batch=100 junk=24 OCLJCAPX=21/2000/0/0 traces(start/abort) 333/191 -> 446/211 class=CLEAN site=-
    one-string-r2-D-W SMOKE| MILESTONE km-1-kernel-init-compiles-nothing: PASS -- traces live at the kernelMemory baseline = 0; kernelMemory=164923
    one-string-r2-D-W SMOKE| MILESTONE cap-1-refusal-caught-machine-survives: PASS -- shape=string OCLJCAP=done/2048/not_enough_memory running=true lastError=<null>
one-string-r2-O-W exit=0 CLASS=CLEAN APACITY| shape=string native=additive jit=off jitearly=off tier=192KB scale=1.8 kernelMemory=164923 held=2212 why=not_enough_memory t_first5=0.0006 t_last5=0.0038 batches=23 last/first=6.33 freeKB_at_end/totalKB=0/192 arms=+94 refusals=+1 trace_flushes=+0 fill_ms=1745 queued=true running=true lastError=<null>
    one-string-r2-O-W CAP-IDLE| ticks=400 arms=+2 collects=+2 bailouts=+0 refusals=+0 trace_flushes=+0 trace_flush_bytes=+0 park_resets=+0 traces_live 0 -> 0 armed=0 state=0 stepmul=200 threshold=706800 gctotal=376176 ccap=518818 cused=376176 parked=false wallstats=present running=true
    one-string-r2-O-W CAP-LIVE| used=353830 kernelMemory=164923 user=188907 count(3 collects)=353846/353782/353782 total=518818 traces_live=0
    one-string-r2-O-W CAP-GC| collects=+94 bailouts=+0 overdrafts=+1089 od_peak=16628 od_state=0 park_resets=+0 od_limit=32768 kslice=16384 gc_low=366643 armby=0 window=4096 lends=+20 win=0 refused=52 end: armed=0 state=0 stepmul=200 threshold=733200 gctotal=397435 ccap=518818 cused=397435 parked=false
    one-string-r2-O-W CAP-X| batch=100 junk=24 OCLJCAPX=23/2200/0/0 traces(start/abort) 0/0 -> 0/0 class=CLEAN site=-
    one-string-r2-O-W SMOKE| MILESTONE km-1-kernel-init-compiles-nothing: PASS -- traces live at the kernelMemory baseline = 0; kernelMemory=164923
    one-string-r2-O-W SMOKE| MILESTONE cap-1-refusal-caught-machine-survives: PASS -- shape=string OCLJCAP=done/2212/not_enough_memory running=true lastError=<null>
one-closure-r2-S exit=0 CLASS=CLEAN APACITY| shape=closure native=stock jit=on jitearly=- tier=192KB scale=1.8 kernelMemory=174605 held=409 why=not_enough_memory t_first5=0.0016 t_last5=0.0016 batches=5 last/first=1.00 freeKB_at_end/totalKB=0/192 arms=+n/a refusals=+n/a trace_flushes=+n/a fill_ms=1496 queued=true running=true lastError=<null>
    one-closure-r2-S CAP-IDLE| ticks=400 arms=+n/a collects=+n/a bailouts=+n/a refusals=+n/a trace_flushes=+n/a trace_flush_bytes=+n/a park_resets=+n/a traces_live -1 -> -1 armed=n/a state=n/a stepmul=n/a threshold=n/a gctotal=n/a ccap=n/a cused=n/a parked=false wallstats=n/a running=true
    one-closure-r2-S CAP-LIVE| used=431839 kernelMemory=174605 user=257234 count(3 collects)=434234/434234/434234 total=528500 traces_live=-1
    one-closure-r2-S CAP-GC| collects=+n/a bailouts=+n/a overdrafts=+n/a od_peak=n/a od_state=n/a park_resets=+n/a od_limit=n/a kslice=n/a gc_low=n/a armby=n/a window=n/a lends=+n/a win=n/a refused=n/a end: armed=n/a state=n/a stepmul=n/a threshold=n/a gctotal=n/a ccap=n/a cused=n/a parked=false
    one-closure-r2-S CAP-X| batch=100 junk=24 OCLJCAPX=5/400/0/0 traces(start/abort) n/a -> n/a class=CLEAN site=-
    one-closure-r2-S SMOKE| MILESTONE km-1-kernel-init-compiles-nothing: SKIP -- kernel=stock: OpenComputers' own kernel has no site 13 (not counted)
    one-closure-r2-S SMOKE| MILESTONE cap-1-refusal-caught-machine-survives: PASS -- shape=closure OCLJCAP=done/409/not_enough_memory running=true lastError=<null>
one-closure-r2-D-W exit=0 CLASS=CLEAN APACITY| shape=closure native=additive jit=on jitearly=- tier=192KB scale=1.8 kernelMemory=164923 held=781 why=not_enough_memory t_first5=0.0005 t_last5=0.0040 batches=8 last/first=8.00 freeKB_at_end/totalKB=0/192 arms=+53 refusals=+1 trace_flushes=+4 fill_ms=1495 queued=true running=true lastError=<null>
    one-closure-r2-D-W CAP-IDLE| ticks=400 arms=+20 collects=+20 bailouts=+0 refusals=+0 trace_flushes=+0 trace_flush_bytes=+0 park_resets=+0 traces_live 46 -> 62 armed=0 state=0 stepmul=200 threshold=812600 gctotal=414388 ccap=518818 cused=414388 parked=false wallstats=present running=true
    one-closure-r2-D-W CAP-LIVE| used=406778 kernelMemory=164923 user=241855 count(3 collects)=406794/406730/406730 total=518818 traces_live=62
    one-closure-r2-D-W CAP-GC| collects=+53 bailouts=+0 overdrafts=+832 od_peak=16556 od_state=0 park_resets=+0 od_limit=32768 kslice=16384 gc_low=387561 armby=0 window=4096 lends=+8 win=0 refused=52 end: armed=0 state=0 stepmul=200 threshold=775000 gctotal=417713 ccap=518818 cused=417713 parked=false
    one-closure-r2-D-W CAP-X| batch=100 junk=24 OCLJCAPX=8/700/0/0 traces(start/abort) 324/178 -> 396/207 class=CLEAN site=-
    one-closure-r2-D-W SMOKE| MILESTONE km-1-kernel-init-compiles-nothing: PASS -- traces live at the kernelMemory baseline = 0; kernelMemory=164923
    one-closure-r2-D-W SMOKE| MILESTONE cap-1-refusal-caught-machine-survives: PASS -- shape=closure OCLJCAP=done/781/not_enough_memory running=true lastError=<null>
one-closure-r2-O-W exit=0 CLASS=CLEAN APACITY| shape=closure native=additive jit=off jitearly=off tier=192KB scale=1.8 kernelMemory=164923 held=836 why=not_enough_memory t_first5=0.0006 t_last5=0.0028 batches=9 last/first=4.67 freeKB_at_end/totalKB=0/192 arms=+45 refusals=+1 trace_flushes=+0 fill_ms=1495 queued=true running=true lastError=<null>
    one-closure-r2-O-W CAP-IDLE| ticks=400 arms=+1 collects=+1 bailouts=+0 refusals=+0 trace_flushes=+0 trace_flush_bytes=+0 park_resets=+0 traces_live 0 -> 0 armed=0 state=0 stepmul=200 threshold=706800 gctotal=390270 ccap=518818 cused=390270 parked=false wallstats=present running=true
    one-closure-r2-O-W CAP-LIVE| used=353820 kernelMemory=164923 user=188897 count(3 collects)=353772/353772/353772 total=518818 traces_live=0
    one-closure-r2-O-W CAP-GC| collects=+45 bailouts=+0 overdrafts=+712 od_peak=16546 od_state=0 park_resets=+0 od_limit=32768 kslice=16384 gc_low=350047 armby=1 window=4096 lends=+7 win=0 refused=52 end: armed=0 state=0 stepmul=200 threshold=700000 gctotal=372199 ccap=518818 cused=372199 parked=false
    one-closure-r2-O-W CAP-X| batch=100 junk=24 OCLJCAPX=9/800/0/0 traces(start/abort) 0/0 -> 0/0 class=CLEAN site=-
    one-closure-r2-O-W SMOKE| MILESTONE km-1-kernel-init-compiles-nothing: PASS -- traces live at the kernelMemory baseline = 0; kernelMemory=164923
    one-closure-r2-O-W SMOKE| MILESTONE cap-1-refusal-caught-machine-survives: PASS -- shape=closure OCLJCAP=done/836/not_enough_memory running=true lastError=<null>
one-record-r3-S exit=0 CLASS=CLEAN APACITY| shape=record native=stock jit=on jitearly=- tier=192KB scale=1.8 kernelMemory=174605 held=259 why=not_enough_memory t_first5=0.0015 t_last5=0.0015 batches=3 last/first=1.00 freeKB_at_end/totalKB=0/192 arms=+n/a refusals=+n/a trace_flushes=+n/a fill_ms=1499 queued=true running=true lastError=<null>
    one-record-r3-S CAP-IDLE| ticks=400 arms=+n/a collects=+n/a bailouts=+n/a refusals=+n/a trace_flushes=+n/a trace_flush_bytes=+n/a park_resets=+n/a traces_live -1 -> -1 armed=n/a state=n/a stepmul=n/a threshold=n/a gctotal=n/a ccap=n/a cused=n/a parked=false wallstats=n/a running=true
    one-record-r3-S CAP-LIVE| used=431798 kernelMemory=174605 user=257193 count(3 collects)=434193/434193/434193 total=528500 traces_live=-1
    one-record-r3-S CAP-GC| collects=+n/a bailouts=+n/a overdrafts=+n/a od_peak=n/a od_state=n/a park_resets=+n/a od_limit=n/a kslice=n/a gc_low=n/a armby=n/a window=n/a lends=+n/a win=n/a refused=n/a end: armed=n/a state=n/a stepmul=n/a threshold=n/a gctotal=n/a ccap=n/a cused=n/a parked=false
    one-record-r3-S CAP-X| batch=100 junk=24 OCLJCAPX=3/200/0/0 traces(start/abort) n/a -> n/a class=CLEAN site=-
    one-record-r3-S SMOKE| MILESTONE km-1-kernel-init-compiles-nothing: SKIP -- kernel=stock: OpenComputers' own kernel has no site 13 (not counted)
    one-record-r3-S SMOKE| MILESTONE cap-1-refusal-caught-machine-survives: PASS -- shape=record OCLJCAP=done/259/not_enough_memory running=true lastError=<null>
one-record-r3-D-W exit=0 CLASS=CLEAN APACITY| shape=record native=additive jit=on jitearly=- tier=192KB scale=1.8 kernelMemory=164923 held=557 why=not_enough_memory t_first5=0.0010 t_last5=0.0024 batches=6 last/first=2.40 freeKB_at_end/totalKB=0/192 arms=+62 refusals=+1 trace_flushes=+5 fill_ms=1494 queued=true running=true lastError=<null>
    one-record-r3-D-W CAP-IDLE| ticks=400 arms=+23 collects=+23 bailouts=+0 refusals=+0 trace_flushes=+0 trace_flush_bytes=+0 park_resets=+0 traces_live 51 -> 63 armed=0 state=0 stepmul=200 threshold=817800 gctotal=424356 ccap=518818 cused=424356 parked=false wallstats=present running=true
    one-record-r3-D-W CAP-LIVE| used=409378 kernelMemory=164923 user=244455 count(3 collects)=409394/409330/409330 total=518818 traces_live=63
    one-record-r3-D-W CAP-GC| collects=+62 bailouts=+0 overdrafts=+369 od_peak=16488 od_state=0 park_resets=+0 od_limit=32768 kslice=16384 gc_low=384049 armby=0 window=4096 lends=+3 win=0 refused=52 end: armed=0 state=0 stepmul=200 threshold=768000 gctotal=420937 ccap=518818 cused=420937 parked=false
    one-record-r3-D-W CAP-X| batch=100 junk=24 OCLJCAPX=6/500/0/0 traces(start/abort) 351/195 -> 418/207 class=CLEAN site=-
    one-record-r3-D-W SMOKE| MILESTONE km-1-kernel-init-compiles-nothing: PASS -- traces live at the kernelMemory baseline = 0; kernelMemory=164923
    one-record-r3-D-W SMOKE| MILESTONE cap-1-refusal-caught-machine-survives: PASS -- shape=record OCLJCAP=done/557/not_enough_memory running=true lastError=<null>
one-record-r3-O-W exit=0 CLASS=CLEAN APACITY| shape=record native=additive jit=off jitearly=off tier=192KB scale=1.8 kernelMemory=164923 held=602 why=not_enough_memory t_first5=0.0008 t_last5=0.0022 batches=7 last/first=2.75 freeKB_at_end/totalKB=0/192 arms=+63 refusals=+1 trace_flushes=+0 fill_ms=1492 queued=true running=true lastError=<null>
    one-record-r3-O-W CAP-IDLE| ticks=400 arms=+4 collects=+4 bailouts=+0 refusals=+0 trace_flushes=+0 trace_flush_bytes=+0 park_resets=+0 traces_live 0 -> 0 armed=0 state=0 stepmul=200 threshold=707200 gctotal=376430 ccap=518818 cused=376430 parked=false wallstats=present running=true
    one-record-r3-O-W CAP-LIVE| used=354084 kernelMemory=164923 user=189161 count(3 collects)=354100/354036/354036 total=518818 traces_live=0
    one-record-r3-O-W CAP-GC| collects=+63 bailouts=+0 overdrafts=+564 od_peak=16682 od_state=0 park_resets=+0 od_limit=32768 kslice=16384 gc_low=350051 armby=0 window=4096 lends=+32 win=0 refused=88 end: armed=0 state=0 stepmul=200 threshold=700200 gctotal=358163 ccap=518818 cused=358163 parked=false
    one-record-r3-O-W CAP-X| batch=100 junk=24 OCLJCAPX=7/600/0/0 traces(start/abort) 0/0 -> 0/0 class=CLEAN site=-
    one-record-r3-O-W SMOKE| MILESTONE km-1-kernel-init-compiles-nothing: PASS -- traces live at the kernelMemory baseline = 0; kernelMemory=164923
    one-record-r3-O-W SMOKE| MILESTONE cap-1-refusal-caught-machine-survives: PASS -- shape=record OCLJCAP=done/602/not_enough_memory running=true lastError=<null>
one-array-r3-S exit=0 CLASS=CLEAN APACITY| shape=array native=stock jit=on jitearly=- tier=192KB scale=1.8 kernelMemory=174605 held=283 why=not_enough_memory t_first5=0.0012 t_last5=0.0012 batches=3 last/first=1.00 freeKB_at_end/totalKB=0/192 arms=+n/a refusals=+n/a trace_flushes=+n/a fill_ms=1498 queued=true running=true lastError=<null>
    one-array-r3-S CAP-IDLE| ticks=400 arms=+n/a collects=+n/a bailouts=+n/a refusals=+n/a trace_flushes=+n/a trace_flush_bytes=+n/a park_resets=+n/a traces_live -1 -> -1 armed=n/a state=n/a stepmul=n/a threshold=n/a gctotal=n/a ccap=n/a cused=n/a parked=false wallstats=n/a running=true
    one-array-r3-S CAP-LIVE| used=431727 kernelMemory=174605 user=257122 count(3 collects)=434122/434122/434122 total=528500 traces_live=-1
    one-array-r3-S CAP-GC| collects=+n/a bailouts=+n/a overdrafts=+n/a od_peak=n/a od_state=n/a park_resets=+n/a od_limit=n/a kslice=n/a gc_low=n/a armby=n/a window=n/a lends=+n/a win=n/a refused=n/a end: armed=n/a state=n/a stepmul=n/a threshold=n/a gctotal=n/a ccap=n/a cused=n/a parked=false
    one-array-r3-S CAP-X| batch=100 junk=24 OCLJCAPX=3/200/0/0 traces(start/abort) n/a -> n/a class=CLEAN site=-
    one-array-r3-S SMOKE| MILESTONE km-1-kernel-init-compiles-nothing: SKIP -- kernel=stock: OpenComputers' own kernel has no site 13 (not counted)
    one-array-r3-S SMOKE| MILESTONE cap-1-refusal-caught-machine-survives: PASS -- shape=array OCLJCAP=done/283/not_enough_memory running=true lastError=<null>
one-array-r3-D-W exit=0 CLASS=CLEAN APACITY| shape=array native=additive jit=on jitearly=- tier=192KB scale=1.8 kernelMemory=164923 held=789 why=not_enough_memory t_first5=0.0005 t_last5=0.0020 batches=8 last/first=4.00 freeKB_at_end/totalKB=0/192 arms=+50 refusals=+1 trace_flushes=+5 fill_ms=1501 queued=true running=true lastError=<null>
    one-array-r3-D-W CAP-IDLE| ticks=400 arms=+86 collects=+86 bailouts=+0 refusals=+0 trace_flushes=+1 trace_flush_bytes=+84724 park_resets=+0 traces_live 107 -> 52 armed=0 state=0 stepmul=200 threshold=813200 gctotal=428763 ccap=518818 cused=428763 parked=false wallstats=present running=true
    one-array-r3-D-W CAP-LIVE| used=407049 kernelMemory=164923 user=242126 count(3 collects)=407065/407001/407001 total=518818 traces_live=52
    one-array-r3-D-W CAP-GC| collects=+50 bailouts=+0 overdrafts=+398 od_peak=16503 od_state=0 park_resets=+0 od_limit=32768 kslice=16384 gc_low=391221 armby=0 window=4096 lends=+4 win=0 refused=52 end: armed=0 state=0 stepmul=200 threshold=782400 gctotal=398637 ccap=518818 cused=398637 parked=false
    one-array-r3-D-W CAP-X| batch=100 junk=24 OCLJCAPX=8/700/0/0 traces(start/abort) 348/181 -> 424/191 class=CLEAN site=-
    one-array-r3-D-W SMOKE| MILESTONE km-1-kernel-init-compiles-nothing: PASS -- traces live at the kernelMemory baseline = 0; kernelMemory=164923
    one-array-r3-D-W SMOKE| MILESTONE cap-1-refusal-caught-machine-survives: PASS -- shape=array OCLJCAP=done/789/not_enough_memory running=true lastError=<null>
one-array-r3-O-W exit=0 CLASS=CLEAN APACITY| shape=array native=additive jit=off jitearly=off tier=192KB scale=1.8 kernelMemory=164923 held=870 why=not_enough_memory t_first5=0.0007 t_last5=0.0031 batches=9 last/first=4.43 freeKB_at_end/totalKB=0/192 arms=+41 refusals=+1 trace_flushes=+0 fill_ms=1494 queued=true running=true lastError=<null>
    one-array-r3-O-W CAP-IDLE| ticks=400 arms=+1 collects=+1 bailouts=+0 refusals=+0 trace_flushes=+0 trace_flush_bytes=+0 park_resets=+0 traces_live 0 -> 0 armed=0 state=0 stepmul=200 threshold=706400 gctotal=390089 ccap=518818 cused=390089 parked=false wallstats=present running=true
    one-array-r3-O-W CAP-LIVE| used=353639 kernelMemory=164923 user=188716 count(3 collects)=353591/353591/353591 total=518818 traces_live=0
    one-array-r3-O-W CAP-GC| collects=+41 bailouts=+0 overdrafts=+565 od_peak=16477 od_state=0 park_resets=+0 od_limit=32768 kslice=16384 gc_low=349983 armby=1 window=4096 lends=+3 win=0 refused=52 end: armed=0 state=0 stepmul=200 threshold=699800 gctotal=372135 ccap=518818 cused=372135 parked=false
    one-array-r3-O-W CAP-X| batch=100 junk=24 OCLJCAPX=9/800/0/0 traces(start/abort) 0/0 -> 0/0 class=CLEAN site=-
    one-array-r3-O-W SMOKE| MILESTONE km-1-kernel-init-compiles-nothing: PASS -- traces live at the kernelMemory baseline = 0; kernelMemory=164923
    one-array-r3-O-W SMOKE| MILESTONE cap-1-refusal-caught-machine-survives: PASS -- shape=array OCLJCAP=done/870/not_enough_memory running=true lastError=<null>
one-string-r3-S exit=0 CLASS=CLEAN APACITY| shape=string native=stock jit=on jitearly=- tier=192KB scale=1.8 kernelMemory=174605 held=1024 why=not_enough_memory t_first5=0.0009 t_last5=0.0012 batches=11 last/first=1.33 freeKB_at_end/totalKB=3/192 arms=+n/a refusals=+n/a trace_flushes=+n/a fill_ms=1495 queued=true running=true lastError=<null>
    one-string-r3-S CAP-IDLE| ticks=400 arms=+n/a collects=+n/a bailouts=+n/a refusals=+n/a trace_flushes=+n/a trace_flush_bytes=+n/a park_resets=+n/a traces_live -1 -> -1 armed=n/a state=n/a stepmul=n/a threshold=n/a gctotal=n/a ccap=n/a cused=n/a parked=false wallstats=n/a running=true
    one-string-r3-S CAP-LIVE| used=431625 kernelMemory=174605 user=257020 count(3 collects)=434020/434020/434020 total=528500 traces_live=-1
    one-string-r3-S CAP-GC| collects=+n/a bailouts=+n/a overdrafts=+n/a od_peak=n/a od_state=n/a park_resets=+n/a od_limit=n/a kslice=n/a gc_low=n/a armby=n/a window=n/a lends=+n/a win=n/a refused=n/a end: armed=n/a state=n/a stepmul=n/a threshold=n/a gctotal=n/a ccap=n/a cused=n/a parked=false
    one-string-r3-S CAP-X| batch=100 junk=24 OCLJCAPX=11/1000/0/0 traces(start/abort) n/a -> n/a class=CLEAN site=-
    one-string-r3-S SMOKE| MILESTONE km-1-kernel-init-compiles-nothing: SKIP -- kernel=stock: OpenComputers' own kernel has no site 13 (not counted)
    one-string-r3-S SMOKE| MILESTONE cap-1-refusal-caught-machine-survives: PASS -- shape=string OCLJCAP=done/1024/not_enough_memory running=true lastError=<null>
one-string-r3-D-W exit=0 CLASS=CLEAN APACITY| shape=string native=additive jit=on jitearly=- tier=192KB scale=1.8 kernelMemory=164923 held=2048 why=not_enough_memory t_first5=0.0008 t_last5=0.0041 batches=21 last/first=5.13 freeKB_at_end/totalKB=0/192 arms=+68 refusals=+1 trace_flushes=+13 fill_ms=1744 queued=true running=true lastError=<null>
    one-string-r3-D-W CAP-IDLE| ticks=400 arms=+20 collects=+20 bailouts=+0 refusals=+0 trace_flushes=+0 trace_flush_bytes=+0 park_resets=+0 traces_live 51 -> 64 armed=0 state=0 stepmul=200 threshold=824800 gctotal=434566 ccap=518818 cused=434566 parked=false wallstats=present running=true
    one-string-r3-D-W CAP-LIVE| used=412852 kernelMemory=164923 user=247929 count(3 collects)=412868/412804/412804 total=518818 traces_live=64
    one-string-r3-D-W CAP-GC| collects=+68 bailouts=+0 overdrafts=+656 od_peak=11906 od_state=0 park_resets=+0 od_limit=32768 kslice=16384 gc_low=405189 armby=0 window=4096 lends=+0 win=0 refused=16384 end: armed=0 state=0 stepmul=200 threshold=811200 gctotal=434501 ccap=518818 cused=434501 parked=false
    one-string-r3-D-W CAP-X| batch=100 junk=24 OCLJCAPX=21/2000/0/0 traces(start/abort) 368/216 -> 495/236 class=CLEAN site=-
    one-string-r3-D-W SMOKE| MILESTONE km-1-kernel-init-compiles-nothing: PASS -- traces live at the kernelMemory baseline = 0; kernelMemory=164923
    one-string-r3-D-W SMOKE| MILESTONE cap-1-refusal-caught-machine-survives: PASS -- shape=string OCLJCAP=done/2048/not_enough_memory running=true lastError=<null>
one-string-r3-O-W exit=0 CLASS=CLEAN APACITY| shape=string native=additive jit=off jitearly=off tier=192KB scale=1.8 kernelMemory=164923 held=2215 why=not_enough_memory t_first5=0.0006 t_last5=0.0038 batches=23 last/first=6.33 freeKB_at_end/totalKB=0/192 arms=+92 refusals=+1 trace_flushes=+0 fill_ms=1746 queued=true running=true lastError=<null>
    one-string-r3-O-W CAP-IDLE| ticks=400 arms=+1 collects=+1 bailouts=+0 refusals=+0 trace_flushes=+0 trace_flush_bytes=+0 park_resets=+0 traces_live 0 -> 0 armed=0 state=0 stepmul=200 threshold=706400 gctotal=376032 ccap=518818 cused=376032 parked=false wallstats=present running=true
    one-string-r3-O-W CAP-LIVE| used=353686 kernelMemory=164923 user=188763 count(3 collects)=353702/353638/353638 total=518818 traces_live=0
    one-string-r3-O-W CAP-GC| collects=+92 bailouts=+0 overdrafts=+1103 od_peak=16484 od_state=0 park_resets=+0 od_limit=32768 kslice=16384 gc_low=366499 armby=0 window=4096 lends=+12 win=0 refused=52 end: armed=0 state=0 stepmul=200 threshold=732800 gctotal=396659 ccap=518818 cused=396659 parked=false
    one-string-r3-O-W CAP-X| batch=100 junk=24 OCLJCAPX=23/2200/0/0 traces(start/abort) 0/0 -> 0/0 class=CLEAN site=-
    one-string-r3-O-W SMOKE| MILESTONE km-1-kernel-init-compiles-nothing: PASS -- traces live at the kernelMemory baseline = 0; kernelMemory=164923
    one-string-r3-O-W SMOKE| MILESTONE cap-1-refusal-caught-machine-survives: PASS -- shape=string OCLJCAP=done/2215/not_enough_memory running=true lastError=<null>
one-closure-r3-S exit=0 CLASS=CLEAN APACITY| shape=closure native=stock jit=on jitearly=- tier=192KB scale=1.8 kernelMemory=174605 held=510 why=not_enough_memory t_first5=0.0030 t_last5=0.0028 batches=6 last/first=0.93 freeKB_at_end/totalKB=0/192 arms=+n/a refusals=+n/a trace_flushes=+n/a fill_ms=1260 queued=true running=true lastError=<null>
    one-closure-r3-S CAP-IDLE| ticks=400 arms=+n/a collects=+n/a bailouts=+n/a refusals=+n/a trace_flushes=+n/a trace_flush_bytes=+n/a park_resets=+n/a traces_live -1 -> -1 armed=n/a state=n/a stepmul=n/a threshold=n/a gctotal=n/a ccap=n/a cused=n/a parked=false wallstats=n/a running=true
    one-closure-r3-S CAP-LIVE| used=431905 kernelMemory=174605 user=257300 count(3 collects)=434300/434300/434300 total=528500 traces_live=-1
    one-closure-r3-S CAP-GC| collects=+n/a bailouts=+n/a overdrafts=+n/a od_peak=n/a od_state=n/a park_resets=+n/a od_limit=n/a kslice=n/a gc_low=n/a armby=n/a window=n/a lends=+n/a win=n/a refused=n/a end: armed=n/a state=n/a stepmul=n/a threshold=n/a gctotal=n/a ccap=n/a cused=n/a parked=false
    one-closure-r3-S CAP-X| batch=100 junk=24 OCLJCAPX=6/500/2/0 traces(start/abort) n/a -> n/a class=CLEAN site=-
    one-closure-r3-S SMOKE| MILESTONE km-1-kernel-init-compiles-nothing: SKIP -- kernel=stock: OpenComputers' own kernel has no site 13 (not counted)
    one-closure-r3-S SMOKE| MILESTONE cap-1-refusal-caught-machine-survives: PASS -- shape=closure OCLJCAP=done/510/not_enough_memory running=true lastError=<null>
one-closure-r3-D-W exit=0 CLASS=CLEAN APACITY| shape=closure native=additive jit=on jitearly=- tier=192KB scale=1.8 kernelMemory=164923 held=765 why=not_enough_memory t_first5=0.0006 t_last5=0.0027 batches=8 last/first=4.50 freeKB_at_end/totalKB=0/192 arms=+48 refusals=+1 trace_flushes=+6 fill_ms=1231 queued=true running=true lastError=<null>
    one-closure-r3-D-W CAP-IDLE| ticks=400 arms=+98 collects=+98 bailouts=+0 refusals=+0 trace_flushes=+0 trace_flush_bytes=+0 park_resets=+0 traces_live 93 -> 99 armed=0 state=0 stepmul=200 threshold=899200 gctotal=465034 ccap=518818 cused=465034 parked=false wallstats=present running=true
    one-closure-r3-D-W CAP-LIVE| used=450056 kernelMemory=164923 user=285133 count(3 collects)=450072/450008/450008 total=518818 traces_live=99
    one-closure-r3-D-W CAP-GC| collects=+48 bailouts=+0 overdrafts=+676 od_peak=16500 od_state=0 park_resets=+0 od_limit=32768 kslice=16384 gc_low=383109 armby=0 window=4096 lends=+6 win=0 refused=52 end: armed=0 state=0 stepmul=200 threshold=766200 gctotal=405893 ccap=518818 cused=405893 parked=false
    one-closure-r3-D-W CAP-X| batch=100 junk=24 OCLJCAPX=8/700/0/0 traces(start/abort) 263/164 -> 346/193 class=CLEAN site=-
    one-closure-r3-D-W SMOKE| MILESTONE km-1-kernel-init-compiles-nothing: PASS -- traces live at the kernelMemory baseline = 0; kernelMemory=164923
    one-closure-r3-D-W SMOKE| MILESTONE cap-1-refusal-caught-machine-survives: PASS -- shape=closure OCLJCAP=done/765/not_enough_memory running=true lastError=<null>
one-closure-r3-O-W exit=0 CLASS=CLEAN APACITY| shape=closure native=additive jit=off jitearly=off tier=192KB scale=1.8 kernelMemory=164923 held=837 why=not_enough_memory t_first5=0.0007 t_last5=0.0027 batches=9 last/first=3.86 freeKB_at_end/totalKB=0/192 arms=+45 refusals=+1 trace_flushes=+0 fill_ms=1228 queued=true running=true lastError=<null>
    one-closure-r3-O-W CAP-IDLE| ticks=400 arms=+1 collects=+1 bailouts=+0 refusals=+0 trace_flushes=+0 trace_flush_bytes=+0 park_resets=+0 traces_live 0 -> 0 armed=0 state=0 stepmul=200 threshold=706200 gctotal=354110 ccap=518818 cused=354110 parked=false wallstats=present running=true
    one-closure-r3-O-W CAP-LIVE| used=353612 kernelMemory=164923 user=188689 count(3 collects)=353564/353564/353564 total=518818 traces_live=0
    one-closure-r3-O-W CAP-GC| collects=+45 bailouts=+0 overdrafts=+713 od_peak=16546 od_state=0 park_resets=+0 od_limit=32768 kslice=16384 gc_low=349775 armby=0 window=4096 lends=+7 win=0 refused=52 end: armed=0 state=0 stepmul=200 threshold=699400 gctotal=365255 ccap=518818 cused=365255 parked=false
    one-closure-r3-O-W CAP-X| batch=100 junk=24 OCLJCAPX=9/800/0/0 traces(start/abort) 0/0 -> 0/0 class=CLEAN site=-
    one-closure-r3-O-W SMOKE| MILESTONE km-1-kernel-init-compiles-nothing: PASS -- traces live at the kernelMemory baseline = 0; kernelMemory=164923
    one-closure-r3-O-W SMOKE| MILESTONE cap-1-refusal-caught-machine-survives: PASS -- shape=closure OCLJCAP=done/837/not_enough_memory running=true lastError=<null>
onehalf-record-r1-S exit=0 CLASS=CLEAN APACITY| shape=record native=stock jit=on jitearly=- tier=256KB scale=1.8 kernelMemory=174605 held=533 why=not_enough_memory t_first5=0.0012 t_last5=0.0018 batches=6 last/first=1.50 freeKB_at_end/totalKB=0/256 arms=+n/a refusals=+n/a trace_flushes=+n/a fill_ms=1226 queued=true running=true lastError=<null>
    onehalf-record-r1-S CAP-IDLE| ticks=400 arms=+n/a collects=+n/a bailouts=+n/a refusals=+n/a trace_flushes=+n/a trace_flush_bytes=+n/a park_resets=+n/a traces_live -1 -> -1 armed=n/a state=n/a stepmul=n/a threshold=n/a gctotal=n/a ccap=n/a cused=n/a parked=false wallstats=n/a running=true
    onehalf-record-r1-S CAP-LIVE| used=431732 kernelMemory=174605 user=257127 count(3 collects)=434127/434127/434127 total=646465 traces_live=-1
    onehalf-record-r1-S CAP-GC| collects=+n/a bailouts=+n/a overdrafts=+n/a od_peak=n/a od_state=n/a park_resets=+n/a od_limit=n/a kslice=n/a gc_low=n/a armby=n/a window=n/a lends=+n/a win=n/a refused=n/a end: armed=n/a state=n/a stepmul=n/a threshold=n/a gctotal=n/a ccap=n/a cused=n/a parked=false
    onehalf-record-r1-S CAP-X| batch=100 junk=24 OCLJCAPX=6/500/0/0 traces(start/abort) n/a -> n/a class=CLEAN site=-
    onehalf-record-r1-S SMOKE| MILESTONE km-1-kernel-init-compiles-nothing: SKIP -- kernel=stock: OpenComputers' own kernel has no site 13 (not counted)
    onehalf-record-r1-S SMOKE| MILESTONE cap-1-refusal-caught-machine-survives: PASS -- shape=record OCLJCAP=done/533/not_enough_memory running=true lastError=<null>
onehalf-record-r1-D-W exit=0 CLASS=CLEAN APACITY| shape=record native=additive jit=on jitearly=- tier=256KB scale=1.8 kernelMemory=164923 held=922 why=not_enough_memory t_first5=0.0006 t_last5=0.0024 batches=10 last/first=4.00 freeKB_at_end/totalKB=0/256 arms=+42 refusals=+1 trace_flushes=+6 fill_ms=1229 queued=true running=true lastError=<null>
    onehalf-record-r1-D-W CAP-IDLE| ticks=400 arms=+7 collects=+7 bailouts=+0 refusals=+0 trace_flushes=+0 trace_flush_bytes=+0 park_resets=+0 traces_live 119 -> 127 armed=0 state=0 stepmul=200 threshold=945000 gctotal=509373 ccap=636783 cused=509373 parked=false wallstats=present running=true
    onehalf-record-r1-D-W CAP-LIVE| used=472923 kernelMemory=164923 user=308000 count(3 collects)=472939/472875/472875 total=636783 traces_live=127
    onehalf-record-r1-D-W CAP-GC| collects=+42 bailouts=+0 overdrafts=+599 od_peak=20735 od_state=0 park_resets=+0 od_limit=39798 kslice=16384 gc_low=379369 armby=2 window=4096 lends=+3 win=0 refused=52 end: armed=0 state=0 stepmul=200 threshold=806000 gctotal=410465 ccap=636783 cused=410465 parked=false
    onehalf-record-r1-D-W CAP-X| batch=100 junk=24 OCLJCAPX=10/900/0/0 traces(start/abort) 302/175 -> 390/192 class=CLEAN site=-
    onehalf-record-r1-D-W SMOKE| MILESTONE km-1-kernel-init-compiles-nothing: PASS -- traces live at the kernelMemory baseline = 0; kernelMemory=164923
    onehalf-record-r1-D-W SMOKE| MILESTONE cap-1-refusal-caught-machine-survives: PASS -- shape=record OCLJCAP=done/922/not_enough_memory running=true lastError=<null>
onehalf-record-r1-O-W exit=0 CLASS=CLEAN APACITY| shape=record native=additive jit=off jitearly=off tier=256KB scale=1.8 kernelMemory=164923 held=967 why=not_enough_memory t_first5=0.0008 t_last5=0.0036 batches=10 last/first=4.50 freeKB_at_end/totalKB=0/256 arms=+42 refusals=+1 trace_flushes=+0 fill_ms=1496 queued=true running=true lastError=<null>
    onehalf-record-r1-O-W CAP-IDLE| ticks=400 arms=+0 collects=+0 bailouts=+0 refusals=+0 trace_flushes=+0 trace_flush_bytes=+0 park_resets=+0 traces_live 0 -> 0 armed=0 state=0 stepmul=200 threshold=707600 gctotal=361250 ccap=636783 cused=361250 parked=false wallstats=present running=true
    onehalf-record-r1-O-W CAP-LIVE| used=354272 kernelMemory=164923 user=189349 count(3 collects)=354288/354224/354224 total=636783 traces_live=0
    onehalf-record-r1-O-W CAP-GC| collects=+42 bailouts=+0 overdrafts=+761 od_peak=20025 od_state=0 park_resets=+0 od_limit=39798 kslice=16384 gc_low=366687 armby=1 window=4096 lends=+4 win=0 refused=52 end: armed=0 state=0 stepmul=200 threshold=733200 gctotal=396211 ccap=636783 cused=396211 parked=false
    onehalf-record-r1-O-W CAP-X| batch=100 junk=24 OCLJCAPX=10/900/0/0 traces(start/abort) 0/0 -> 0/0 class=CLEAN site=-
    onehalf-record-r1-O-W SMOKE| MILESTONE km-1-kernel-init-compiles-nothing: PASS -- traces live at the kernelMemory baseline = 0; kernelMemory=164923
    onehalf-record-r1-O-W SMOKE| MILESTONE cap-1-refusal-caught-machine-survives: PASS -- shape=record OCLJCAP=done/967/not_enough_memory running=true lastError=<null>
onehalf-array-r1-S exit=0 CLASS=CLEAN APACITY| shape=array native=stock jit=on jitearly=- tier=256KB scale=1.8 kernelMemory=174605 held=582 why=not_enough_memory t_first5=0.0012 t_last5=0.0016 batches=6 last/first=1.33 freeKB_at_end/totalKB=0/256 arms=+n/a refusals=+n/a trace_flushes=+n/a fill_ms=1504 queued=true running=true lastError=<null>
    onehalf-array-r1-S CAP-IDLE| ticks=400 arms=+n/a collects=+n/a bailouts=+n/a refusals=+n/a trace_flushes=+n/a trace_flush_bytes=+n/a park_resets=+n/a traces_live -1 -> -1 armed=n/a state=n/a stepmul=n/a threshold=n/a gctotal=n/a ccap=n/a cused=n/a parked=false wallstats=n/a running=true
    onehalf-array-r1-S CAP-LIVE| used=431661 kernelMemory=174605 user=257056 count(3 collects)=434056/434056/434056 total=646465 traces_live=-1
    onehalf-array-r1-S CAP-GC| collects=+n/a bailouts=+n/a overdrafts=+n/a od_peak=n/a od_state=n/a park_resets=+n/a od_limit=n/a kslice=n/a gc_low=n/a armby=n/a window=n/a lends=+n/a win=n/a refused=n/a end: armed=n/a state=n/a stepmul=n/a threshold=n/a gctotal=n/a ccap=n/a cused=n/a parked=false
    onehalf-array-r1-S CAP-X| batch=100 junk=24 OCLJCAPX=6/500/0/0 traces(start/abort) n/a -> n/a class=CLEAN site=-
    onehalf-array-r1-S SMOKE| MILESTONE km-1-kernel-init-compiles-nothing: SKIP -- kernel=stock: OpenComputers' own kernel has no site 13 (not counted)
    onehalf-array-r1-S SMOKE| MILESTONE cap-1-refusal-caught-machine-survives: PASS -- shape=array OCLJCAP=done/582/not_enough_memory running=true lastError=<null>
onehalf-array-r1-D-W exit=0 CLASS=CLEAN APACITY| shape=array native=additive jit=on jitearly=- tier=256KB scale=1.8 kernelMemory=164923 held=1363 why=not_enough_memory t_first5=0.0005 t_last5=0.0017 batches=14 last/first=3.40 freeKB_at_end/totalKB=0/256 arms=+38 refusals=+1 trace_flushes=+7 fill_ms=1495 queued=true running=true lastError=<null>
    onehalf-array-r1-D-W CAP-IDLE| ticks=400 arms=+17 collects=+17 bailouts=+0 refusals=+0 trace_flushes=+0 trace_flush_bytes=+0 park_resets=+0 traces_live 113 -> 121 armed=0 state=0 stepmul=200 threshold=953400 gctotal=536044 ccap=636783 cused=536044 parked=false wallstats=present running=true
    onehalf-array-r1-D-W CAP-LIVE| used=477122 kernelMemory=164923 user=312199 count(3 collects)=477138/477074/477074 total=636783 traces_live=121
    onehalf-array-r1-D-W CAP-GC| collects=+38 bailouts=+0 overdrafts=+551 od_peak=20034 od_state=0 park_resets=+0 od_limit=39798 kslice=16384 gc_low=362061 armby=2 window=4096 lends=+4 win=0 refused=52 end: armed=0 state=0 stepmul=200 threshold=790400 gctotal=401993 ccap=636783 cused=401993 parked=false
    onehalf-array-r1-D-W CAP-X| batch=100 junk=24 OCLJCAPX=14/1300/0/0 traces(start/abort) 272/151 -> 380/169 class=CLEAN site=-
    onehalf-array-r1-D-W SMOKE| MILESTONE km-1-kernel-init-compiles-nothing: PASS -- traces live at the kernelMemory baseline = 0; kernelMemory=164923
    onehalf-array-r1-D-W SMOKE| MILESTONE cap-1-refusal-caught-machine-survives: PASS -- shape=array OCLJCAP=done/1363/not_enough_memory running=true lastError=<null>
onehalf-array-r1-O-W exit=0 CLASS=CLEAN APACITY| shape=array native=additive jit=off jitearly=off tier=256KB scale=1.8 kernelMemory=164923 held=1353 why=not_enough_memory t_first5=0.0006 t_last5=0.0030 batches=14 last/first=5.00 freeKB_at_end/totalKB=0/256 arms=+47 refusals=+1 trace_flushes=+0 fill_ms=1494 queued=true running=true lastError=<null>
    onehalf-array-r1-O-W CAP-IDLE| ticks=400 arms=+0 collects=+0 bailouts=+0 refusals=+0 trace_flushes=+0 trace_flush_bytes=+0 park_resets=+0 traces_live 0 -> 0 armed=0 state=0 stepmul=200 threshold=707200 gctotal=375741 ccap=636783 cused=375741 parked=false wallstats=present running=true
    onehalf-array-r1-O-W CAP-LIVE| used=354027 kernelMemory=164923 user=189104 count(3 collects)=354043/353979/353979 total=636783 traces_live=0
    onehalf-array-r1-O-W CAP-GC| collects=+47 bailouts=+0 overdrafts=+764 od_peak=20084 od_state=0 park_resets=+0 od_limit=39798 kslice=16384 gc_low=366755 armby=1 window=4096 lends=+6 win=0 refused=52 end: armed=0 state=0 stepmul=200 threshold=733400 gctotal=374179 ccap=636783 cused=374179 parked=false
    onehalf-array-r1-O-W CAP-X| batch=100 junk=24 OCLJCAPX=14/1300/0/0 traces(start/abort) 0/0 -> 0/0 class=CLEAN site=-
    onehalf-array-r1-O-W SMOKE| MILESTONE km-1-kernel-init-compiles-nothing: PASS -- traces live at the kernelMemory baseline = 0; kernelMemory=164923
    onehalf-array-r1-O-W SMOKE| MILESTONE cap-1-refusal-caught-machine-survives: PASS -- shape=array OCLJCAP=done/1353/not_enough_memory running=true lastError=<null>
onehalf-string-r1-S exit=0 CLASS=CLEAN APACITY| shape=string native=stock jit=on jitearly=- tier=256KB scale=1.8 kernelMemory=174605 held=2048 why=not_enough_memory t_first5=0.0011 t_last5=0.0009 batches=21 last/first=0.82 freeKB_at_end/totalKB=18/256 arms=+n/a refusals=+n/a trace_flushes=+n/a fill_ms=1743 queued=true running=true lastError=<null>
    onehalf-string-r1-S CAP-IDLE| ticks=400 arms=+n/a collects=+n/a bailouts=+n/a refusals=+n/a trace_flushes=+n/a trace_flush_bytes=+n/a park_resets=+n/a traces_live -1 -> -1 armed=n/a state=n/a stepmul=n/a threshold=n/a gctotal=n/a ccap=n/a cused=n/a parked=false wallstats=n/a running=true
    onehalf-string-r1-S CAP-LIVE| used=431559 kernelMemory=174605 user=256954 count(3 collects)=433954/433954/433954 total=646465 traces_live=-1
    onehalf-string-r1-S CAP-GC| collects=+n/a bailouts=+n/a overdrafts=+n/a od_peak=n/a od_state=n/a park_resets=+n/a od_limit=n/a kslice=n/a gc_low=n/a armby=n/a window=n/a lends=+n/a win=n/a refused=n/a end: armed=n/a state=n/a stepmul=n/a threshold=n/a gctotal=n/a ccap=n/a cused=n/a parked=false
    onehalf-string-r1-S CAP-X| batch=100 junk=24 OCLJCAPX=21/2000/0/0 traces(start/abort) n/a -> n/a class=CLEAN site=-
    onehalf-string-r1-S SMOKE| MILESTONE km-1-kernel-init-compiles-nothing: SKIP -- kernel=stock: OpenComputers' own kernel has no site 13 (not counted)
    onehalf-string-r1-S SMOKE| MILESTONE cap-1-refusal-caught-machine-survives: PASS -- shape=string OCLJCAP=done/2048/not_enough_memory running=true lastError=<null>
onehalf-string-r1-D-W exit=0 CLASS=CLEAN APACITY| shape=string native=additive jit=on jitearly=- tier=256KB scale=1.8 kernelMemory=164923 held=2645 why=not_enough_memory t_first5=0.0007 t_last5=0.0003 batches=27 last/first=0.43 freeKB_at_end/totalKB=21/256 arms=+15 refusals=+1 trace_flushes=+4 fill_ms=1736 queued=true running=true lastError=<null>
    onehalf-string-r1-D-W CAP-IDLE| ticks=400 arms=+3 collects=+3 bailouts=+0 refusals=+0 trace_flushes=+0 trace_flush_bytes=+0 park_resets=+0 traces_live 122 -> 124 armed=0 state=0 stepmul=200 threshold=954000 gctotal=549011 ccap=636783 cused=549011 parked=false wallstats=present running=true
    onehalf-string-r1-D-W CAP-LIVE| used=477425 kernelMemory=164923 user=312502 count(3 collects)=477441/477377/477377 total=636783 traces_live=124
    onehalf-string-r1-D-W CAP-GC| collects=+15 bailouts=+0 overdrafts=+0 od_peak=0 od_state=0 park_resets=+0 od_limit=39798 kslice=16384 gc_low=386764 armby=1 window=4096 lends=+0 win=0 refused=65536 end: armed=0 state=0 stepmul=200 threshold=808600 gctotal=404669 ccap=636783 cused=404669 parked=false
    onehalf-string-r1-D-W CAP-X| batch=100 junk=24 OCLJCAPX=27/2600/0/0 traces(start/abort) 282/158 -> 392/186 class=CLEAN site=-
    onehalf-string-r1-D-W SMOKE| MILESTONE km-1-kernel-init-compiles-nothing: PASS -- traces live at the kernelMemory baseline = 0; kernelMemory=164923
    onehalf-string-r1-D-W SMOKE| MILESTONE cap-1-refusal-caught-machine-survives: PASS -- shape=string OCLJCAP=done/2645/not_enough_memory running=true lastError=<null>
onehalf-string-r1-O-W exit=0 CLASS=CLEAN APACITY| shape=string native=additive jit=off jitearly=off tier=256KB scale=1.8 kernelMemory=164923 held=3694 why=not_enough_memory t_first5=0.0005 t_last5=0.0090 batches=37 last/first=18.00 freeKB_at_end/totalKB=0/256 arms=+117 refusals=+1 trace_flushes=+0 fill_ms=1991 queued=true running=true lastError=<null>
    onehalf-string-r1-O-W CAP-IDLE| ticks=400 arms=+0 collects=+0 bailouts=+0 refusals=+0 trace_flushes=+0 trace_flush_bytes=+0 park_resets=+0 traces_live 0 -> 0 armed=0 state=0 stepmul=200 threshold=706400 gctotal=361276 ccap=636783 cused=361276 parked=false wallstats=present running=true
    onehalf-string-r1-O-W CAP-LIVE| used=353666 kernelMemory=164923 user=188743 count(3 collects)=353682/353618/353618 total=636783 traces_live=0
    onehalf-string-r1-O-W CAP-GC| collects=+117 bailouts=+0 overdrafts=+2022 od_peak=20003 od_state=0 park_resets=+0 od_limit=39798 kslice=16384 gc_low=366479 armby=1 window=4096 lends=+8 win=0 refused=52 end: armed=0 state=0 stepmul=200 threshold=732800 gctotal=447319 ccap=636783 cused=447319 parked=false
    onehalf-string-r1-O-W CAP-X| batch=100 junk=24 OCLJCAPX=37/3600/0/0 traces(start/abort) 0/0 -> 0/0 class=CLEAN site=-
    onehalf-string-r1-O-W SMOKE| MILESTONE km-1-kernel-init-compiles-nothing: PASS -- traces live at the kernelMemory baseline = 0; kernelMemory=164923
    onehalf-string-r1-O-W SMOKE| MILESTONE cap-1-refusal-caught-machine-survives: PASS -- shape=string OCLJCAP=done/3694/not_enough_memory running=true lastError=<null>
onehalf-closure-r1-S exit=0 CLASS=CLEAN APACITY| shape=closure native=stock jit=on jitearly=- tier=256KB scale=1.8 kernelMemory=174605 held=1024 why=not_enough_memory t_first5=0.0007 t_last5=0.0013 batches=11 last/first=1.86 freeKB_at_end/totalKB=1/256 arms=+n/a refusals=+n/a trace_flushes=+n/a fill_ms=1495 queued=true running=true lastError=<null>
    onehalf-closure-r1-S CAP-IDLE| ticks=400 arms=+n/a collects=+n/a bailouts=+n/a refusals=+n/a trace_flushes=+n/a trace_flush_bytes=+n/a park_resets=+n/a traces_live -1 -> -1 armed=n/a state=n/a stepmul=n/a threshold=n/a gctotal=n/a ccap=n/a cused=n/a parked=false wallstats=n/a running=true
    onehalf-closure-r1-S CAP-LIVE| used=431839 kernelMemory=174605 user=257234 count(3 collects)=434234/434234/434234 total=646465 traces_live=-1
    onehalf-closure-r1-S CAP-GC| collects=+n/a bailouts=+n/a overdrafts=+n/a od_peak=n/a od_state=n/a park_resets=+n/a od_limit=n/a kslice=n/a gc_low=n/a armby=n/a window=n/a lends=+n/a win=n/a refused=n/a end: armed=n/a state=n/a stepmul=n/a threshold=n/a gctotal=n/a ccap=n/a cused=n/a parked=false
    onehalf-closure-r1-S CAP-X| batch=100 junk=24 OCLJCAPX=11/1000/0/0 traces(start/abort) n/a -> n/a class=CLEAN site=-
    onehalf-closure-r1-S SMOKE| MILESTONE km-1-kernel-init-compiles-nothing: SKIP -- kernel=stock: OpenComputers' own kernel has no site 13 (not counted)
    onehalf-closure-r1-S SMOKE| MILESTONE cap-1-refusal-caught-machine-survives: PASS -- shape=closure OCLJCAP=done/1024/not_enough_memory running=true lastError=<null>
onehalf-closure-r1-D-W exit=0 CLASS=CLEAN APACITY| shape=closure native=additive jit=on jitearly=- tier=256KB scale=1.8 kernelMemory=164923 held=1323 why=not_enough_memory t_first5=0.0005 t_last5=0.0029 batches=14 last/first=5.80 freeKB_at_end/totalKB=0/256 arms=+58 refusals=+1 trace_flushes=+6 fill_ms=1491 queued=true running=true lastError=<null>
    onehalf-closure-r1-D-W CAP-IDLE| ticks=400 arms=+1 collects=+1 bailouts=+0 refusals=+0 trace_flushes=+0 trace_flush_bytes=+0 park_resets=+0 traces_live 107 -> 114 armed=0 state=0 stepmul=200 threshold=934600 gctotal=531341 ccap=636783 cused=531341 parked=false wallstats=present running=true
    onehalf-closure-r1-D-W CAP-LIVE| used=467755 kernelMemory=164923 user=302832 count(3 collects)=467771/467707/467707 total=636783 traces_live=114
    onehalf-closure-r1-D-W CAP-GC| collects=+58 bailouts=+0 overdrafts=+879 od_peak=20023 od_state=0 park_resets=+0 od_limit=39798 kslice=16384 gc_low=362193 armby=2 window=4096 lends=+6 win=0 refused=52 end: armed=0 state=0 stepmul=200 threshold=776400 gctotal=395653 ccap=636783 cused=395653 parked=false
    onehalf-closure-r1-D-W CAP-X| batch=100 junk=24 OCLJCAPX=14/1300/0/0 traces(start/abort) 258/144 -> 370/188 class=CLEAN site=-
    onehalf-closure-r1-D-W SMOKE| MILESTONE km-1-kernel-init-compiles-nothing: PASS -- traces live at the kernelMemory baseline = 0; kernelMemory=164923
    onehalf-closure-r1-D-W SMOKE| MILESTONE cap-1-refusal-caught-machine-survives: PASS -- shape=closure OCLJCAP=done/1323/not_enough_memory running=true lastError=<null>
onehalf-closure-r1-O-W exit=0 CLASS=CLEAN APACITY| shape=closure native=additive jit=off jitearly=off tier=256KB scale=1.8 kernelMemory=164923 held=1379 why=not_enough_memory t_first5=0.0006 t_last5=0.0034 batches=14 last/first=5.67 freeKB_at_end/totalKB=0/256 arms=+44 refusals=+1 trace_flushes=+0 fill_ms=1491 queued=true running=true lastError=<null>
    onehalf-closure-r1-O-W CAP-IDLE| ticks=400 arms=+0 collects=+0 bailouts=+0 refusals=+0 trace_flushes=+0 trace_flush_bytes=+0 park_resets=+0 traces_live 0 -> 0 armed=0 state=0 stepmul=200 threshold=707400 gctotal=361754 ccap=636783 cused=361754 parked=false wallstats=present running=true
    onehalf-closure-r1-O-W CAP-LIVE| used=354144 kernelMemory=164923 user=189221 count(3 collects)=354160/354096/354096 total=636783 traces_live=0
    onehalf-closure-r1-O-W CAP-GC| collects=+44 bailouts=+0 overdrafts=+936 od_peak=20049 od_state=0 park_resets=+0 od_limit=39798 kslice=16384 gc_low=350371 armby=1 window=4096 lends=+7 win=0 refused=52 end: armed=0 state=0 stepmul=200 threshold=700600 gctotal=379899 ccap=636783 cused=379899 parked=false
    onehalf-closure-r1-O-W CAP-X| batch=100 junk=24 OCLJCAPX=14/1300/0/0 traces(start/abort) 0/0 -> 0/0 class=CLEAN site=-
    onehalf-closure-r1-O-W SMOKE| MILESTONE km-1-kernel-init-compiles-nothing: PASS -- traces live at the kernelMemory baseline = 0; kernelMemory=164923
    onehalf-closure-r1-O-W SMOKE| MILESTONE cap-1-refusal-caught-machine-survives: PASS -- shape=closure OCLJCAP=done/1379/not_enough_memory running=true lastError=<null>
threehalf-record-r1-S exit=0 CLASS=CLEAN APACITY| shape=record native=stock jit=on jitearly=- tier=1024KB scale=1.8 kernelMemory=174605 held=4096 why=not_enough_memory t_first5=0.0011 t_last5=0.0023 batches=41 last/first=2.09 freeKB_at_end/totalKB=29/1024 arms=+n/a refusals=+n/a trace_flushes=+n/a fill_ms=1998 queued=true running=true lastError=<null>
    threehalf-record-r1-S CAP-IDLE| ticks=400 arms=+n/a collects=+n/a bailouts=+n/a refusals=+n/a trace_flushes=+n/a trace_flush_bytes=+n/a park_resets=+n/a traces_live -1 -> -1 armed=n/a state=n/a stepmul=n/a threshold=n/a gctotal=n/a ccap=n/a cused=n/a parked=false wallstats=n/a running=true
    threehalf-record-r1-S CAP-LIVE| used=431731 kernelMemory=174605 user=257126 count(3 collects)=434126/434126/434126 total=2062042 traces_live=-1
    threehalf-record-r1-S CAP-GC| collects=+n/a bailouts=+n/a overdrafts=+n/a od_peak=n/a od_state=n/a park_resets=+n/a od_limit=n/a kslice=n/a gc_low=n/a armby=n/a window=n/a lends=+n/a win=n/a refused=n/a end: armed=n/a state=n/a stepmul=n/a threshold=n/a gctotal=n/a ccap=n/a cused=n/a parked=false
    threehalf-record-r1-S CAP-X| batch=100 junk=24 OCLJCAPX=41/4000/0/0 traces(start/abort) n/a -> n/a class=CLEAN site=-
    threehalf-record-r1-S SMOKE| MILESTONE km-1-kernel-init-compiles-nothing: SKIP -- kernel=stock: OpenComputers' own kernel has no site 13 (not counted)
    threehalf-record-r1-S SMOKE| MILESTONE cap-1-refusal-caught-machine-survives: PASS -- shape=record OCLJCAP=done/4096/not_enough_memory running=true lastError=<null>
threehalf-record-r1-D-W exit=0 CLASS=CLEAN APACITY| shape=record native=additive jit=on jitearly=- tier=1024KB scale=1.8 kernelMemory=164923 held=5666 why=not_enough_memory t_first5=0.0007 t_last5=0.0074 batches=57 last/first=10.57 freeKB_at_end/totalKB=0/1024 arms=+44 refusals=+1 trace_flushes=+9 fill_ms=2242 queued=true running=true lastError=<null>
    threehalf-record-r1-D-W CAP-IDLE| ticks=400 arms=+0 collects=+0 bailouts=+0 refusals=+0 trace_flushes=+0 trace_flush_bytes=+0 park_resets=+0 traces_live 115 -> 121 armed=0 state=0 stepmul=200 threshold=936400 gctotal=496552 ccap=2052360 cused=496552 parked=false wallstats=present running=true
    threehalf-record-r1-D-W CAP-LIVE| used=468666 kernelMemory=164923 user=303743 count(3 collects)=468682/468618/468618 total=2052360 traces_live=121
    threehalf-record-r1-D-W CAP-GC| collects=+44 bailouts=+0 overdrafts=+1758 od_peak=64706 od_state=0 park_resets=+0 od_limit=128272 kslice=16384 gc_low=379653 armby=2 window=4096 lends=+12 win=0 refused=32 end: armed=0 state=0 stepmul=200 threshold=821600 gctotal=447149 ccap=2052360 cused=447149 parked=false
    threehalf-record-r1-D-W CAP-X| batch=100 junk=24 OCLJCAPX=57/5600/0/0 traces(start/abort) 274/153 -> 412/177 class=CLEAN site=-
    threehalf-record-r1-D-W SMOKE| MILESTONE km-1-kernel-init-compiles-nothing: PASS -- traces live at the kernelMemory baseline = 0; kernelMemory=164923
    threehalf-record-r1-D-W SMOKE| MILESTONE cap-1-refusal-caught-machine-survives: PASS -- shape=record OCLJCAP=done/5666/not_enough_memory running=true lastError=<null>
threehalf-record-r1-O-W exit=0 CLASS=CLEAN APACITY| shape=record native=additive jit=off jitearly=off tier=1024KB scale=1.8 kernelMemory=164923 held=5723 why=not_enough_memory t_first5=0.0003 t_last5=0.0114 batches=58 last/first=38.00 freeKB_at_end/totalKB=0/1024 arms=+51 refusals=+1 trace_flushes=+0 fill_ms=2243 queued=true running=true lastError=<null>
    threehalf-record-r1-O-W CAP-IDLE| ticks=400 arms=+0 collects=+0 bailouts=+0 refusals=+0 trace_flushes=+0 trace_flush_bytes=+0 park_resets=+0 traces_live 0 -> 0 armed=0 state=0 stepmul=200 threshold=707200 gctotal=381906 ccap=2052360 cused=381906 parked=false wallstats=present running=true
    threehalf-record-r1-O-W CAP-LIVE| used=354020 kernelMemory=164923 user=189097 count(3 collects)=354036/353972/353972 total=2052360 traces_live=0
    threehalf-record-r1-O-W CAP-GC| collects=+51 bailouts=+0 overdrafts=+2216 od_peak=64232 od_state=0 park_resets=+0 od_limit=128272 kslice=16384 gc_low=366435 armby=1 window=4096 lends=+5 win=0 refused=88 end: armed=0 state=0 stepmul=200 threshold=732800 gctotal=402131 ccap=2052360 cused=402131 parked=false
    threehalf-record-r1-O-W CAP-X| batch=100 junk=24 OCLJCAPX=58/5700/0/0 traces(start/abort) 0/0 -> 0/0 class=CLEAN site=-
    threehalf-record-r1-O-W SMOKE| MILESTONE km-1-kernel-init-compiles-nothing: PASS -- traces live at the kernelMemory baseline = 0; kernelMemory=164923
    threehalf-record-r1-O-W SMOKE| MILESTONE cap-1-refusal-caught-machine-survives: PASS -- shape=record OCLJCAP=done/5723/not_enough_memory running=true lastError=<null>
threehalf-record-r1-L-W exit=0 CLASS=CLEAN APACITY| shape=record native=luajit jit=on jitearly=- tier=1024KB scale=1.8 kernelMemory=164247 held=5666 why=not_enough_memory t_first5=0.0005 t_last5=0.0090 batches=57 last/first=18.00 freeKB_at_end/totalKB=0/1024 arms=+39 refusals=+1 trace_flushes=+9 fill_ms=2250 queued=true running=true lastError=<null>
    threehalf-record-r1-L-W CAP-IDLE| ticks=400 arms=+0 collects=+0 bailouts=+0 refusals=+0 trace_flushes=+0 trace_flush_bytes=+0 park_resets=+0 traces_live 109 -> 121 armed=0 state=0 stepmul=200 threshold=947400 gctotal=516772 ccap=0 cused=516772 parked=false wallstats=present running=true
    threehalf-record-r1-L-W CAP-LIVE| used=474158 kernelMemory=164247 user=309911 count(3 collects)=474110/474110/474110 total=2051684 traces_live=121
    threehalf-record-r1-L-W CAP-GC| collects=+39 bailouts=+0 overdrafts=+1742 od_peak=64754 od_state=0 park_resets=+0 od_limit=128230 kslice=16384 gc_low=379025 armby=2 window=4096 lends=+7 win=0 refused=64 end: armed=0 state=0 stepmul=200 threshold=824400 gctotal=420317 ccap=0 cused=420317 parked=false
    threehalf-record-r1-L-W CAP-X| batch=100 junk=24 OCLJCAPX=57/5600/0/0 traces(start/abort) 252/131 -> 392/156 class=CLEAN site=-
    threehalf-record-r1-L-W SMOKE| MILESTONE km-1-kernel-init-compiles-nothing: PASS -- traces live at the kernelMemory baseline = 0; kernelMemory=164247
    threehalf-record-r1-L-W SMOKE| MILESTONE cap-1-refusal-caught-machine-survives: PASS -- shape=record OCLJCAP=done/5666/not_enough_memory running=true lastError=<null>
threehalf-array-r1-S exit=0 CLASS=CLEAN APACITY| shape=array native=stock jit=on jitearly=- tier=1024KB scale=1.8 kernelMemory=174605 held=4437 why=not_enough_memory t_first5=0.0009 t_last5=0.0020 batches=45 last/first=2.22 freeKB_at_end/totalKB=0/1024 arms=+n/a refusals=+n/a trace_flushes=+n/a fill_ms=1991 queued=true running=true lastError=<null>
    threehalf-array-r1-S CAP-IDLE| ticks=400 arms=+n/a collects=+n/a bailouts=+n/a refusals=+n/a trace_flushes=+n/a trace_flush_bytes=+n/a park_resets=+n/a traces_live -1 -> -1 armed=n/a state=n/a stepmul=n/a threshold=n/a gctotal=n/a ccap=n/a cused=n/a parked=false wallstats=n/a running=true
    threehalf-array-r1-S CAP-LIVE| used=431726 kernelMemory=174605 user=257121 count(3 collects)=434121/434121/434121 total=2062042 traces_live=-1
    threehalf-array-r1-S CAP-GC| collects=+n/a bailouts=+n/a overdrafts=+n/a od_peak=n/a od_state=n/a park_resets=+n/a od_limit=n/a kslice=n/a gc_low=n/a armby=n/a window=n/a lends=+n/a win=n/a refused=n/a end: armed=n/a state=n/a stepmul=n/a threshold=n/a gctotal=n/a ccap=n/a cused=n/a parked=false
    threehalf-array-r1-S CAP-X| batch=100 junk=24 OCLJCAPX=45/4400/0/0 traces(start/abort) n/a -> n/a class=CLEAN site=-
    threehalf-array-r1-S SMOKE| MILESTONE km-1-kernel-init-compiles-nothing: SKIP -- kernel=stock: OpenComputers' own kernel has no site 13 (not counted)
    threehalf-array-r1-S SMOKE| MILESTONE cap-1-refusal-caught-machine-survives: PASS -- shape=array OCLJCAP=done/4437/not_enough_memory running=true lastError=<null>
threehalf-array-r1-D-W exit=0 CLASS=CLEAN APACITY| shape=array native=additive jit=on jitearly=- tier=1024KB scale=1.8 kernelMemory=164923 held=8192 why=not_enough_memory t_first5=0.0004 t_last5=0.0057 batches=82 last/first=14.25 freeKB_at_end/totalKB=0/1024 arms=+47 refusals=+1 trace_flushes=+10 fill_ms=2739 queued=true running=true lastError=<null>
    threehalf-array-r1-D-W CAP-IDLE| ticks=400 arms=+0 collects=+0 bailouts=+0 refusals=+0 trace_flushes=+0 trace_flush_bytes=+0 park_resets=+0 traces_live 115 -> 125 armed=0 state=0 stepmul=200 threshold=945800 gctotal=487661 ccap=2052360 cused=487661 parked=false wallstats=present running=true
    threehalf-array-r1-D-W CAP-LIVE| used=473323 kernelMemory=164923 user=308400 count(3 collects)=473339/473275/473275 total=2052360 traces_live=125
    threehalf-array-r1-D-W CAP-GC| collects=+47 bailouts=+0 overdrafts=+1056 od_peak=38265 od_state=0 park_resets=+0 od_limit=128272 kslice=16384 gc_low=376413 armby=2 window=4096 lends=+0 win=0 refused=65536 end: armed=0 state=0 stepmul=200 threshold=804400 gctotal=431717 ccap=2052360 cused=431717 parked=false
    threehalf-array-r1-D-W CAP-X| batch=100 junk=24 OCLJCAPX=82/8100/0/0 traces(start/abort) 273/148 -> 421/180 class=CLEAN site=-
    threehalf-array-r1-D-W SMOKE| MILESTONE km-1-kernel-init-compiles-nothing: PASS -- traces live at the kernelMemory baseline = 0; kernelMemory=164923
    threehalf-array-r1-D-W SMOKE| MILESTONE cap-1-refusal-caught-machine-survives: PASS -- shape=array OCLJCAP=done/8192/not_enough_memory running=true lastError=<null>
threehalf-array-r1-O-W exit=0 CLASS=CLEAN APACITY| shape=array native=additive jit=off jitearly=off tier=1024KB scale=1.8 kernelMemory=164923 held=8192 why=not_enough_memory t_first5=0.0003 t_last5=0.0047 batches=82 last/first=15.67 freeKB_at_end/totalKB=0/1024 arms=+33 refusals=+1 trace_flushes=+0 fill_ms=2747 queued=true running=true lastError=<null>
    threehalf-array-r1-O-W CAP-IDLE| ticks=400 arms=+0 collects=+0 bailouts=+0 refusals=+0 trace_flushes=+0 trace_flush_bytes=+0 park_resets=+0 traces_live 0 -> 0 armed=0 state=0 stepmul=200 threshold=706400 gctotal=353505 ccap=2052360 cused=353505 parked=false wallstats=present running=true
    threehalf-array-r1-O-W CAP-LIVE| used=353639 kernelMemory=164923 user=188716 count(3 collects)=353591/353591/353591 total=2052360 traces_live=0
    threehalf-array-r1-O-W CAP-GC| collects=+33 bailouts=+0 overdrafts=+775 od_peak=32111 od_state=0 park_resets=+0 od_limit=128272 kslice=16384 gc_low=366367 armby=1 window=4096 lends=+0 win=0 refused=65536 end: armed=0 state=0 stepmul=200 threshold=732600 gctotal=388515 ccap=2052360 cused=388515 parked=false
    threehalf-array-r1-O-W CAP-X| batch=100 junk=24 OCLJCAPX=82/8100/0/0 traces(start/abort) 0/0 -> 0/0 class=CLEAN site=-
    threehalf-array-r1-O-W SMOKE| MILESTONE km-1-kernel-init-compiles-nothing: PASS -- traces live at the kernelMemory baseline = 0; kernelMemory=164923
    threehalf-array-r1-O-W SMOKE| MILESTONE cap-1-refusal-caught-machine-survives: PASS -- shape=array OCLJCAP=done/8192/not_enough_memory running=true lastError=<null>
threehalf-array-r1-L-W exit=0 CLASS=CLEAN APACITY| shape=array native=luajit jit=on jitearly=- tier=1024KB scale=1.8 kernelMemory=164247 held=8192 why=not_enough_memory t_first5=0.0003 t_last5=0.0024 batches=82 last/first=8.00 freeKB_at_end/totalKB=0/1024 arms=+38 refusals=+1 trace_flushes=+8 fill_ms=2732 queued=true running=true lastError=<null>
    threehalf-array-r1-L-W CAP-IDLE| ticks=400 arms=+0 collects=+0 bailouts=+0 refusals=+0 trace_flushes=+0 trace_flush_bytes=+0 park_resets=+0 traces_live 113 -> 121 armed=0 state=0 stepmul=200 threshold=966200 gctotal=512040 ccap=0 cused=512040 parked=false wallstats=present running=true
    threehalf-array-r1-L-W CAP-LIVE| used=483522 kernelMemory=164247 user=319275 count(3 collects)=483538/483474/483474 total=2051684 traces_live=121
    threehalf-array-r1-L-W CAP-GC| collects=+38 bailouts=+0 overdrafts=+574 od_peak=31777 od_state=0 park_resets=+0 od_limit=128230 kslice=16384 gc_low=371261 armby=1 window=4096 lends=+0 win=0 refused=65536 end: armed=0 state=0 stepmul=200 threshold=775800 gctotal=396665 ccap=0 cused=396665 parked=false
    threehalf-array-r1-L-W CAP-X| batch=100 junk=24 OCLJCAPX=82/8100/0/0 traces(start/abort) 282/161 -> 442/209 class=CLEAN site=-
    threehalf-array-r1-L-W SMOKE| MILESTONE km-1-kernel-init-compiles-nothing: PASS -- traces live at the kernelMemory baseline = 0; kernelMemory=164247
    threehalf-array-r1-L-W SMOKE| MILESTONE cap-1-refusal-caught-machine-survives: PASS -- shape=array OCLJCAP=done/8192/not_enough_memory running=true lastError=<null>
threehalf-string-r1-S exit=0 CLASS=CLEAN APACITY| shape=string native=stock jit=on jitearly=- tier=1024KB scale=1.8 kernelMemory=174605 held=13942 why=not_enough_memory t_first5=0.0008 t_last5=0.0076 batches=140 last/first=9.50 freeKB_at_end/totalKB=0/1024 arms=+n/a refusals=+n/a trace_flushes=+n/a fill_ms=3490 queued=true running=true lastError=<null>
    threehalf-string-r1-S CAP-IDLE| ticks=400 arms=+n/a collects=+n/a bailouts=+n/a refusals=+n/a trace_flushes=+n/a trace_flush_bytes=+n/a park_resets=+n/a traces_live -1 -> -1 armed=n/a state=n/a stepmul=n/a threshold=n/a gctotal=n/a ccap=n/a cused=n/a parked=false wallstats=n/a running=true
    threehalf-string-r1-S CAP-LIVE| used=431558 kernelMemory=174605 user=256953 count(3 collects)=433953/433953/433953 total=2062042 traces_live=-1
    threehalf-string-r1-S CAP-GC| collects=+n/a bailouts=+n/a overdrafts=+n/a od_peak=n/a od_state=n/a park_resets=+n/a od_limit=n/a kslice=n/a gc_low=n/a armby=n/a window=n/a lends=+n/a win=n/a refused=n/a end: armed=n/a state=n/a stepmul=n/a threshold=n/a gctotal=n/a ccap=n/a cused=n/a parked=false
    threehalf-string-r1-S CAP-X| batch=100 junk=24 OCLJCAPX=140/13900/0/0 traces(start/abort) n/a -> n/a class=CLEAN site=-
    threehalf-string-r1-S SMOKE| MILESTONE km-1-kernel-init-compiles-nothing: SKIP -- kernel=stock: OpenComputers' own kernel has no site 13 (not counted)
    threehalf-string-r1-S SMOKE| MILESTONE cap-1-refusal-caught-machine-survives: PASS -- shape=string OCLJCAP=done/13942/not_enough_memory running=true lastError=<null>
threehalf-string-r1-D-W exit=0 CLASS=CLEAN APACITY| shape=string native=additive jit=on jitearly=- tier=1024KB scale=1.8 kernelMemory=164923 held=20662 why=not_enough_memory t_first5=0.0004 t_last5=0.0059 batches=207 last/first=14.75 freeKB_at_end/totalKB=0/1024 arms=+147 refusals=+1 trace_flushes=+27 fill_ms=4705 queued=true running=true lastError=<null>
    threehalf-string-r1-D-W CAP-IDLE| ticks=400 arms=+0 collects=+0 bailouts=+0 refusals=+0 trace_flushes=+0 trace_flush_bytes=+0 park_resets=+0 traces_live 112 -> 123 armed=0 state=0 stepmul=200 threshold=936400 gctotal=475618 ccap=2052360 cused=475618 parked=false wallstats=present running=true
    threehalf-string-r1-D-W CAP-LIVE| used=468644 kernelMemory=164923 user=303721 count(3 collects)=468660/468596/468596 total=2052360 traces_live=123
    threehalf-string-r1-D-W CAP-GC| collects=+147 bailouts=+0 overdrafts=+6434 od_peak=64792 od_state=0 park_resets=+0 od_limit=128272 kslice=16384 gc_low=391077 armby=2 window=4096 lends=+51 win=0 refused=32 end: armed=0 state=0 stepmul=200 threshold=806000 gctotal=403317 ccap=2052360 cused=403317 parked=false
    threehalf-string-r1-D-W CAP-X| batch=100 junk=24 OCLJCAPX=207/20600/0/0 traces(start/abort) 291/168 -> 629/241 class=CLEAN site=-
    threehalf-string-r1-D-W SMOKE| MILESTONE km-1-kernel-init-compiles-nothing: PASS -- traces live at the kernelMemory baseline = 0; kernelMemory=164923
    threehalf-string-r1-D-W SMOKE| MILESTONE cap-1-refusal-caught-machine-survives: PASS -- shape=string OCLJCAP=done/20662/not_enough_memory running=true lastError=<null>
threehalf-string-r1-O-W exit=0 CLASS=CLEAN APACITY| shape=string native=additive jit=off jitearly=off tier=1024KB scale=1.8 kernelMemory=164923 held=20925 why=not_enough_memory t_first5=0.0003 t_last5=0.0159 batches=210 last/first=53.00 freeKB_at_end/totalKB=0/1024 arms=+157 refusals=+1 trace_flushes=+0 fill_ms=4714 queued=true running=true lastError=<null>
    threehalf-string-r1-O-W CAP-IDLE| ticks=400 arms=+0 collects=+0 bailouts=+0 refusals=+0 trace_flushes=+0 trace_flush_bytes=+0 park_resets=+0 traces_live 0 -> 0 armed=0 state=0 stepmul=200 threshold=706400 gctotal=388872 ccap=2052360 cused=388872 parked=false wallstats=present running=true
    threehalf-string-r1-O-W CAP-LIVE| used=353622 kernelMemory=164923 user=188699 count(3 collects)=353638/353574/353574 total=2052360 traces_live=0
    threehalf-string-r1-O-W CAP-GC| collects=+157 bailouts=+0 overdrafts=+7398 od_peak=64218 od_state=0 park_resets=+0 od_limit=128272 kslice=16384 gc_low=366439 armby=1 window=4096 lends=+8 win=0 refused=52 end: armed=0 state=0 stepmul=200 threshold=732800 gctotal=402771 ccap=2052360 cused=402771 parked=false
    threehalf-string-r1-O-W CAP-X| batch=100 junk=24 OCLJCAPX=210/20900/0/0 traces(start/abort) 0/0 -> 0/0 class=CLEAN site=-
    threehalf-string-r1-O-W SMOKE| MILESTONE km-1-kernel-init-compiles-nothing: PASS -- traces live at the kernelMemory baseline = 0; kernelMemory=164923
    threehalf-string-r1-O-W SMOKE| MILESTONE cap-1-refusal-caught-machine-survives: PASS -- shape=string OCLJCAP=done/20925/not_enough_memory running=true lastError=<null>
threehalf-string-r1-L-W exit=0 CLASS=CLEAN APACITY| shape=string native=luajit jit=on jitearly=- tier=1024KB scale=1.8 kernelMemory=164247 held=20669 why=not_enough_memory t_first5=0.0004 t_last5=0.0108 batches=207 last/first=27.00 freeKB_at_end/totalKB=0/1024 arms=+152 refusals=+1 trace_flushes=+28 fill_ms=4709 queued=true running=true lastError=<null>
    threehalf-string-r1-L-W CAP-IDLE| ticks=400 arms=+0 collects=+0 bailouts=+0 refusals=+0 trace_flushes=+0 trace_flush_bytes=+0 park_resets=+0 traces_live 121 -> 129 armed=0 state=0 stepmul=200 threshold=956600 gctotal=485694 ccap=0 cused=485694 parked=false wallstats=present running=true
    threehalf-string-r1-L-W CAP-LIVE| used=478720 kernelMemory=164247 user=314473 count(3 collects)=478736/478672/478672 total=2051684 traces_live=129
    threehalf-string-r1-L-W CAP-GC| collects=+152 bailouts=+0 overdrafts=+6551 od_peak=64172 od_state=0 park_resets=+0 od_limit=128230 kslice=16384 gc_low=386221 armby=2 window=4096 lends=+4 win=0 refused=52 end: armed=0 state=0 stepmul=200 threshold=802800 gctotal=438453 ccap=0 cused=438453 parked=false
    threehalf-string-r1-L-W CAP-X| batch=100 junk=24 OCLJCAPX=207/20600/0/0 traces(start/abort) 289/160 -> 581/221 class=CLEAN site=-
    threehalf-string-r1-L-W SMOKE| MILESTONE km-1-kernel-init-compiles-nothing: PASS -- traces live at the kernelMemory baseline = 0; kernelMemory=164247
    threehalf-string-r1-L-W SMOKE| MILESTONE cap-1-refusal-caught-machine-survives: PASS -- shape=string OCLJCAP=done/20669/not_enough_memory running=true lastError=<null>
threehalf-closure-r1-S exit=0 CLASS=CLEAN APACITY| shape=closure native=stock jit=on jitearly=- tier=1024KB scale=1.8 kernelMemory=174605 held=8192 why=not_enough_memory t_first5=0.0006 t_last5=0.0024 batches=82 last/first=4.00 freeKB_at_end/totalKB=22/1024 arms=+n/a refusals=+n/a trace_flushes=+n/a fill_ms=2746 queued=true running=true lastError=<null>
    threehalf-closure-r1-S CAP-IDLE| ticks=400 arms=+n/a collects=+n/a bailouts=+n/a refusals=+n/a trace_flushes=+n/a trace_flush_bytes=+n/a park_resets=+n/a traces_live -1 -> -1 armed=n/a state=n/a stepmul=n/a threshold=n/a gctotal=n/a ccap=n/a cused=n/a parked=false wallstats=n/a running=true
    threehalf-closure-r1-S CAP-LIVE| used=431904 kernelMemory=174605 user=257299 count(3 collects)=434299/434299/434299 total=2062042 traces_live=-1
    threehalf-closure-r1-S CAP-GC| collects=+n/a bailouts=+n/a overdrafts=+n/a od_peak=n/a od_state=n/a park_resets=+n/a od_limit=n/a kslice=n/a gc_low=n/a armby=n/a window=n/a lends=+n/a win=n/a refused=n/a end: armed=n/a state=n/a stepmul=n/a threshold=n/a gctotal=n/a ccap=n/a cused=n/a parked=false
    threehalf-closure-r1-S CAP-X| batch=100 junk=24 OCLJCAPX=82/8100/0/0 traces(start/abort) n/a -> n/a class=CLEAN site=-
    threehalf-closure-r1-S SMOKE| MILESTONE km-1-kernel-init-compiles-nothing: SKIP -- kernel=stock: OpenComputers' own kernel has no site 13 (not counted)
    threehalf-closure-r1-S SMOKE| MILESTONE cap-1-refusal-caught-machine-survives: PASS -- shape=closure OCLJCAP=done/8192/not_enough_memory running=true lastError=<null>
threehalf-closure-r1-D-W exit=0 CLASS=CLEAN APACITY| shape=closure native=additive jit=on jitearly=- tier=1024KB scale=1.8 kernelMemory=164923 held=8017 why=not_enough_memory t_first5=0.0004 t_last5=0.0130 batches=81 last/first=32.50 freeKB_at_end/totalKB=0/1024 arms=+104 refusals=+1 trace_flushes=+12 fill_ms=2735 queued=true running=true lastError=<null>
    threehalf-closure-r1-D-W CAP-IDLE| ticks=400 arms=+0 collects=+0 bailouts=+0 refusals=+0 trace_flushes=+0 trace_flush_bytes=+0 park_resets=+0 traces_live 101 -> 107 armed=0 state=0 stepmul=200 threshold=919200 gctotal=495364 ccap=2052360 cused=495364 parked=false wallstats=present running=true
    threehalf-closure-r1-D-W CAP-LIVE| used=460114 kernelMemory=164923 user=295191 count(3 collects)=460130/460066/460066 total=2052360 traces_live=107
    threehalf-closure-r1-D-W CAP-GC| collects=+104 bailouts=+0 overdrafts=+3703 od_peak=64454 od_state=0 park_resets=+0 od_limit=128272 kslice=16384 gc_low=380537 armby=2 window=4096 lends=+11 win=0 refused=52 end: armed=0 state=0 stepmul=200 threshold=811400 gctotal=442633 ccap=2052360 cused=442633 parked=false
    threehalf-closure-r1-D-W CAP-X| batch=100 junk=24 OCLJCAPX=81/8000/0/0 traces(start/abort) 264/157 -> 427/208 class=CLEAN site=-
    threehalf-closure-r1-D-W SMOKE| MILESTONE km-1-kernel-init-compiles-nothing: PASS -- traces live at the kernelMemory baseline = 0; kernelMemory=164923
    threehalf-closure-r1-D-W SMOKE| MILESTONE cap-1-refusal-caught-machine-survives: PASS -- shape=closure OCLJCAP=done/8017/not_enough_memory running=true lastError=<null>
threehalf-closure-r1-O-W exit=0 CLASS=CLEAN APACITY| shape=closure native=additive jit=off jitearly=off tier=1024KB scale=1.8 kernelMemory=164923 held=8084 why=not_enough_memory t_first5=0.0003 t_last5=0.0136 batches=81 last/first=45.33 freeKB_at_end/totalKB=0/1024 arms=+57 refusals=+1 trace_flushes=+0 fill_ms=2737 queued=true running=true lastError=<null>
    threehalf-closure-r1-O-W CAP-IDLE| ticks=400 arms=+0 collects=+0 bailouts=+0 refusals=+0 trace_flushes=+0 trace_flush_bytes=+0 park_resets=+0 traces_live 0 -> 0 armed=0 state=0 stepmul=200 threshold=706800 gctotal=389706 ccap=2052360 cused=389706 parked=false wallstats=present running=true
    threehalf-closure-r1-O-W CAP-LIVE| used=353824 kernelMemory=164923 user=188901 count(3 collects)=353840/353776/353776 total=2052360 traces_live=0
    threehalf-closure-r1-O-W CAP-GC| collects=+57 bailouts=+0 overdrafts=+3634 od_peak=64328 od_state=0 park_resets=+0 od_limit=128272 kslice=16384 gc_low=366435 armby=1 window=4096 lends=+8 win=0 refused=52 end: armed=0 state=0 stepmul=200 threshold=732800 gctotal=373855 ccap=2052360 cused=373855 parked=false
    threehalf-closure-r1-O-W CAP-X| batch=100 junk=24 OCLJCAPX=81/8000/0/0 traces(start/abort) 0/0 -> 0/0 class=CLEAN site=-
    threehalf-closure-r1-O-W SMOKE| MILESTONE km-1-kernel-init-compiles-nothing: PASS -- traces live at the kernelMemory baseline = 0; kernelMemory=164923
    threehalf-closure-r1-O-W SMOKE| MILESTONE cap-1-refusal-caught-machine-survives: PASS -- shape=closure OCLJCAP=done/8084/not_enough_memory running=true lastError=<null>
threehalf-closure-r1-L-W exit=0 CLASS=CLEAN APACITY| shape=closure native=luajit jit=on jitearly=- tier=1024KB scale=1.8 kernelMemory=164247 held=8025 why=not_enough_memory t_first5=0.0004 t_last5=0.0091 batches=81 last/first=22.75 freeKB_at_end/totalKB=0/1024 arms=+82 refusals=+1 trace_flushes=+12 fill_ms=2736 queued=true running=true lastError=<null>
    threehalf-closure-r1-L-W CAP-IDLE| ticks=400 arms=+0 collects=+0 bailouts=+0 refusals=+0 trace_flushes=+0 trace_flush_bytes=+0 park_resets=+0 traces_live 97 -> 103 armed=0 state=0 stepmul=200 threshold=915000 gctotal=464898 ccap=0 cused=464898 parked=false wallstats=present running=true
    threehalf-closure-r1-L-W CAP-LIVE| used=457924 kernelMemory=164247 user=293677 count(3 collects)=457940/457876/457876 total=2051684 traces_live=103
    threehalf-closure-r1-L-W CAP-GC| collects=+82 bailouts=+0 overdrafts=+3801 od_peak=64174 od_state=0 park_resets=+0 od_limit=128230 kslice=16384 gc_low=380974 armby=1 window=4096 lends=+2 win=0 refused=52 end: armed=0 state=0 stepmul=200 threshold=806800 gctotal=418897 ccap=0 cused=418897 parked=false
    threehalf-closure-r1-L-W CAP-X| batch=100 junk=24 OCLJCAPX=81/8000/0/0 traces(start/abort) 236/133 -> 432/218 class=CLEAN site=-
    threehalf-closure-r1-L-W SMOKE| MILESTONE km-1-kernel-init-compiles-nothing: PASS -- traces live at the kernelMemory baseline = 0; kernelMemory=164247
    threehalf-closure-r1-L-W SMOKE| MILESTONE cap-1-refusal-caught-machine-survives: PASS -- shape=closure OCLJCAP=done/8025/not_enough_memory running=true lastError=<null>
