one-record-r1-D-F exit=0 CLASS=CLEAN APACITY| shape=record native=additive jit=on jitearly=- tier=192KB scale=1.8 kernelMemory=164923 held=553 why=not_enough_memory t_first5=0.0015 t_last5=0.0026 batches=6 last/first=1.73 freeKB_at_end/totalKB=0/192 arms=+45 refusals=+1 trace_flushes=+5 fill_ms=1497 queued=true running=true lastError=<null>
    one-record-r1-D-F CAP-IDLE| ticks=400 arms=+20 collects=+20 bailouts=+0 refusals=+0 trace_flushes=+0 trace_flush_bytes=+0 park_resets=+0 traces_live 48 -> 67 armed=0 state=0 stepmul=200 threshold=828000 gctotal=428821 ccap=518818 cused=428821 parked=false wallstats=present running=true
    one-record-r1-D-F CAP-LIVE| used=414475 kernelMemory=164923 user=249552 count(3 collects)=414491/414427/414427 total=518818 traces_live=67
    one-record-r1-D-F CAP-GC| collects=+45 bailouts=+0 overdrafts=+561 od_peak=18177 od_state=0 park_resets=+0 od_limit=32768 kslice=16384 gc_low=386658 armby=0 window=4096 lends=+3 win=0 refused=28 tier=16384 end: armed=0 state=0 stepmul=200 threshold=773200 gctotal=386942 ccap=518818 cused=386942 parked=false
    one-record-r1-D-F CAP-X| batch=100 junk=24 recover=0 OCLJCAPX=6/500/0/0/0 traces(start/abort) 339/190 -> 413/211 class=CLEAN site=-
    one-record-r1-D-F SMOKE| MILESTONE km-1-kernel-init-compiles-nothing: PASS -- traces live at the kernelMemory baseline = 0; kernelMemory=164923
    one-record-r1-D-F SMOKE| MILESTONE cap-1-refusal-caught-machine-survives: PASS -- shape=record OCLJCAP=done/553/not_enough_memory running=true lastError=<null>
one-record-r1-O-F exit=0 CLASS=CLEAN APACITY| shape=record native=additive jit=off jitearly=off tier=192KB scale=1.8 kernelMemory=164923 held=599 why=not_enough_memory t_first5=0.0007 t_last5=0.0027 batches=6 last/first=3.86 freeKB_at_end/totalKB=0/192 arms=+39 refusals=+1 trace_flushes=+0 fill_ms=1491 queued=true running=true lastError=<null>
    one-record-r1-O-F CAP-IDLE| ticks=400 arms=+0 collects=+0 bailouts=+0 refusals=+0 trace_flushes=+0 trace_flush_bytes=+0 park_resets=+0 traces_live 0 -> 0 armed=0 state=0 stepmul=200 threshold=709000 gctotal=427083 ccap=518818 cused=427083 parked=false wallstats=present running=true
    one-record-r1-O-F CAP-LIVE| used=354985 kernelMemory=164923 user=190062 count(3 collects)=355001/354937/354937 total=518818 traces_live=0
    one-record-r1-O-F CAP-GC| collects=+39 bailouts=+0 overdrafts=+425 od_peak=16483 od_state=0 park_resets=+0 od_limit=32768 kslice=16384 gc_low=350496 armby=1 window=4096 lends=+5 win=0 refused=40 tier=16384 end: armed=0 state=0 stepmul=200 threshold=700800 gctotal=365284 ccap=518818 cused=365284 parked=false
    one-record-r1-O-F CAP-X| batch=100 junk=24 recover=0 OCLJCAPX=6/500/0/0/0 traces(start/abort) 0/0 -> 0/0 class=CLEAN site=-
    one-record-r1-O-F SMOKE| MILESTONE km-1-kernel-init-compiles-nothing: PASS -- traces live at the kernelMemory baseline = 0; kernelMemory=164923
    one-record-r1-O-F SMOKE| MILESTONE cap-1-refusal-caught-machine-survives: PASS -- shape=record OCLJCAP=done/599/not_enough_memory running=true lastError=<null>
one-record-r1-D-E exit=0 CLASS=CLEAN APACITY| shape=record native=additive jit=on jitearly=- tier=192KB scale=1.8 kernelMemory=164923 held=549 why=not_enough_memory t_first5=0.0015 t_last5=0.0029 batches=6 last/first=1.93 freeKB_at_end/totalKB=0/192 arms=+52 refusals=+1 trace_flushes=+5 fill_ms=1494 queued=true running=true lastError=<null>
    one-record-r1-D-E CAP-IDLE| ticks=400 arms=+20 collects=+20 bailouts=+0 refusals=+0 trace_flushes=+0 trace_flush_bytes=+0 park_resets=+0 traces_live 46 -> 61 armed=0 state=0 stepmul=200 threshold=824200 gctotal=429177 ccap=518818 cused=429177 parked=false wallstats=present running=true
    one-record-r1-D-E CAP-LIVE| used=410691 kernelMemory=164923 user=245768 count(3 collects)=410643/410643/410643 total=518818 traces_live=61
    one-record-r1-D-E CAP-GC| collects=+52 bailouts=+0 overdrafts=+582 od_peak=16513 od_state=0 park_resets=+0 od_limit=32768 kslice=16384 gc_low=392946 armby=0 window=4096 lends=+6 win=0 refused=52 tier=n/a end: armed=0 state=0 stepmul=200 threshold=786000 gctotal=407798 ccap=518818 cused=407798 parked=false
    one-record-r1-D-E CAP-X| batch=100 junk=24 recover=0 OCLJCAPX=6/500/0/0/0 traces(start/abort) 337/190 -> 413/204 class=CLEAN site=-
    one-record-r1-D-E SMOKE| MILESTONE km-1-kernel-init-compiles-nothing: PASS -- traces live at the kernelMemory baseline = 0; kernelMemory=164923
    one-record-r1-D-E SMOKE| MILESTONE cap-1-refusal-caught-machine-survives: PASS -- shape=record OCLJCAP=done/549/not_enough_memory running=true lastError=<null>
one-record-r1-O-E exit=0 CLASS=CLEAN APACITY| shape=record native=additive jit=off jitearly=off tier=192KB scale=1.8 kernelMemory=164923 held=601 why=not_enough_memory t_first5=0.0009 t_last5=0.0026 batches=7 last/first=2.89 freeKB_at_end/totalKB=0/192 arms=+77 refusals=+1 trace_flushes=+0 fill_ms=1496 queued=true running=true lastError=<null>
    one-record-r1-O-E CAP-IDLE| ticks=400 arms=+1 collects=+1 bailouts=+0 refusals=+0 trace_flushes=+0 trace_flush_bytes=+0 park_resets=+0 traces_live 0 -> 0 armed=0 state=0 stepmul=200 threshold=707800 gctotal=368707 ccap=518818 cused=368707 parked=false wallstats=present running=true
    one-record-r1-O-E CAP-LIVE| used=354361 kernelMemory=164923 user=189438 count(3 collects)=354377/354313/354313 total=518818 traces_live=0
    one-record-r1-O-E CAP-GC| collects=+77 bailouts=+0 overdrafts=+563 od_peak=16803 od_state=0 park_resets=+0 od_limit=32768 kslice=16384 gc_low=349872 armby=1 window=4096 lends=+92 win=0 refused=88 tier=n/a end: armed=0 state=0 stepmul=200 threshold=699600 gctotal=386764 ccap=518818 cused=386764 parked=false
    one-record-r1-O-E CAP-X| batch=100 junk=24 recover=0 OCLJCAPX=7/600/0/0/0 traces(start/abort) 0/0 -> 0/0 class=CLEAN site=-
    one-record-r1-O-E SMOKE| MILESTONE km-1-kernel-init-compiles-nothing: PASS -- traces live at the kernelMemory baseline = 0; kernelMemory=164923
    one-record-r1-O-E SMOKE| MILESTONE cap-1-refusal-caught-machine-survives: PASS -- shape=record OCLJCAP=done/601/not_enough_memory running=true lastError=<null>
one-record-r1-S-stock exit=0 CLASS=CLEAN APACITY| shape=record native=stock jit=on jitearly=- tier=192KB scale=1.8 kernelMemory=174605 held=256 why=not_enough_memory t_first5=0.0009 t_last5=0.0009 batches=3 last/first=1.00 freeKB_at_end/totalKB=2/192 arms=+n/a refusals=+n/a trace_flushes=+n/a fill_ms=1492 queued=true running=true lastError=<null>
    one-record-r1-S-stock CAP-IDLE| ticks=400 arms=+n/a collects=+n/a bailouts=+n/a refusals=+n/a trace_flushes=+n/a trace_flush_bytes=+n/a park_resets=+n/a traces_live -1 -> -1 armed=n/a state=n/a stepmul=n/a threshold=n/a gctotal=n/a ccap=n/a cused=n/a parked=false wallstats=n/a running=true
    one-record-r1-S-stock CAP-LIVE| used=432792 kernelMemory=174605 user=258187 count(3 collects)=435187/435187/435187 total=528500 traces_live=-1
    one-record-r1-S-stock CAP-GC| collects=+n/a bailouts=+n/a overdrafts=+n/a od_peak=n/a od_state=n/a park_resets=+n/a od_limit=n/a kslice=n/a gc_low=n/a armby=n/a window=n/a lends=+n/a win=n/a refused=n/a tier=n/a end: armed=n/a state=n/a stepmul=n/a threshold=n/a gctotal=n/a ccap=n/a cused=n/a parked=false
    one-record-r1-S-stock CAP-X| batch=100 junk=24 recover=0 OCLJCAPX=3/200/0/0/0 traces(start/abort) n/a -> n/a class=CLEAN site=-
    one-record-r1-S-stock SMOKE| MILESTONE km-1-kernel-init-compiles-nothing: SKIP -- kernel=stock: OpenComputers' own kernel has no site 13 (not counted)
    one-record-r1-S-stock SMOKE| MILESTONE cap-1-refusal-caught-machine-survives: PASS -- shape=record OCLJCAP=done/256/not_enough_memory running=true lastError=<null>
one-record-r1-L-F exit=0 CLASS=CLEAN APACITY| shape=record native=luajit jit=on jitearly=- tier=192KB scale=1.8 kernelMemory=164247 held=550 why=not_enough_memory t_first5=0.0010 t_last5=0.0025 batches=6 last/first=2.50 freeKB_at_end/totalKB=0/192 arms=+51 refusals=+1 trace_flushes=+5 fill_ms=1492 queued=true running=true lastError=<null>
    one-record-r1-L-F CAP-IDLE| ticks=400 arms=+21 collects=+21 bailouts=+0 refusals=+0 trace_flushes=+0 trace_flush_bytes=+0 park_resets=+0 traces_live 57 -> 67 armed=0 state=0 stepmul=200 threshold=843800 gctotal=444293 ccap=0 cused=444293 parked=false wallstats=present running=true
    one-record-r1-L-F CAP-LIVE| used=420751 kernelMemory=164247 user=256504 count(3 collects)=420703/420703/420703 total=518142 traces_live=67
    one-record-r1-L-F CAP-GC| collects=+51 bailouts=+0 overdrafts=+293 od_peak=16473 od_state=0 park_resets=+0 od_limit=32768 kslice=16384 gc_low=385294 armby=0 window=4096 lends=+4 win=0 refused=40 tier=16384 end: armed=0 state=0 stepmul=200 threshold=770600 gctotal=400146 ccap=0 cused=400146 parked=false
    one-record-r1-L-F CAP-X| batch=100 junk=24 recover=0 OCLJCAPX=6/500/0/0/0 traces(start/abort) 365/208 -> 430/222 class=CLEAN site=-
    one-record-r1-L-F SMOKE| MILESTONE km-1-kernel-init-compiles-nothing: PASS -- traces live at the kernelMemory baseline = 0; kernelMemory=164247
    one-record-r1-L-F SMOKE| MILESTONE cap-1-refusal-caught-machine-survives: PASS -- shape=record OCLJCAP=done/550/not_enough_memory running=true lastError=<null>
one-array-r1-D-F exit=0 CLASS=CLEAN APACITY| shape=array native=additive jit=on jitearly=- tier=192KB scale=1.8 kernelMemory=164923 held=793 why=not_enough_memory t_first5=0.0005 t_last5=0.0020 batches=8 last/first=4.00 freeKB_at_end/totalKB=0/192 arms=+46 refusals=+1 trace_flushes=+5 fill_ms=1496 queued=true running=true lastError=<null>
    one-array-r1-D-F CAP-IDLE| ticks=400 arms=+21 collects=+21 bailouts=+0 refusals=+0 trace_flushes=+0 trace_flush_bytes=+0 park_resets=+0 traces_live 58 -> 73 armed=0 state=0 stepmul=200 threshold=834600 gctotal=440076 ccap=518818 cused=440076 parked=false wallstats=present running=true
    one-array-r1-D-F CAP-LIVE| used=417730 kernelMemory=164923 user=252807 count(3 collects)=417746/417682/417682 total=518818 traces_live=73
    one-array-r1-D-F CAP-GC| collects=+46 bailouts=+0 overdrafts=+359 od_peak=17272 od_state=0 park_resets=+0 od_limit=32768 kslice=16384 gc_low=387094 armby=0 window=4096 lends=+4 win=0 refused=64 tier=16384 end: armed=0 state=0 stepmul=200 threshold=774000 gctotal=394514 ccap=518818 cused=394514 parked=false
    one-array-r1-D-F CAP-X| batch=100 junk=24 recover=0 OCLJCAPX=8/700/0/0/0 traces(start/abort) 347/180 -> 431/199 class=CLEAN site=-
    one-array-r1-D-F SMOKE| MILESTONE km-1-kernel-init-compiles-nothing: PASS -- traces live at the kernelMemory baseline = 0; kernelMemory=164923
    one-array-r1-D-F SMOKE| MILESTONE cap-1-refusal-caught-machine-survives: PASS -- shape=array OCLJCAP=done/793/not_enough_memory running=true lastError=<null>
one-array-r1-O-F exit=0 CLASS=CLEAN APACITY| shape=array native=additive jit=off jitearly=off tier=192KB scale=1.8 kernelMemory=164923 held=868 why=not_enough_memory t_first5=0.0007 t_last5=0.0026 batches=9 last/first=3.71 freeKB_at_end/totalKB=0/192 arms=+41 refusals=+1 trace_flushes=+0 fill_ms=1497 queued=true running=true lastError=<null>
    one-array-r1-O-F CAP-IDLE| ticks=400 arms=+4 collects=+4 bailouts=+0 refusals=+0 trace_flushes=+0 trace_flush_bytes=+0 park_resets=+0 traces_live 0 -> 0 armed=0 state=0 stepmul=200 threshold=707000 gctotal=376326 ccap=518818 cused=376326 parked=false wallstats=present running=true
    one-array-r1-O-F CAP-LIVE| used=353980 kernelMemory=164923 user=189057 count(3 collects)=353996/353932/353932 total=518818 traces_live=0
    one-array-r1-O-F CAP-GC| collects=+41 bailouts=+0 overdrafts=+669 od_peak=16522 od_state=0 park_resets=+0 od_limit=32768 kslice=16384 gc_low=349804 armby=1 window=4096 lends=+4 win=0 refused=52 tier=16384 end: armed=0 state=0 stepmul=200 threshold=699600 gctotal=358488 ccap=518818 cused=358488 parked=false
    one-array-r1-O-F CAP-X| batch=100 junk=24 recover=0 OCLJCAPX=9/800/0/0/0 traces(start/abort) 0/0 -> 0/0 class=CLEAN site=-
    one-array-r1-O-F SMOKE| MILESTONE km-1-kernel-init-compiles-nothing: PASS -- traces live at the kernelMemory baseline = 0; kernelMemory=164923
    one-array-r1-O-F SMOKE| MILESTONE cap-1-refusal-caught-machine-survives: PASS -- shape=array OCLJCAP=done/868/not_enough_memory running=true lastError=<null>
one-array-r1-D-E exit=0 CLASS=CLEAN APACITY| shape=array native=additive jit=on jitearly=- tier=192KB scale=1.8 kernelMemory=164923 held=794 why=not_enough_memory t_first5=0.0013 t_last5=0.0026 batches=8 last/first=2.00 freeKB_at_end/totalKB=0/192 arms=+50 refusals=+1 trace_flushes=+5 fill_ms=1498 queued=true running=true lastError=<null>
    one-array-r1-D-E CAP-IDLE| ticks=400 arms=+20 collects=+20 bailouts=+0 refusals=+0 trace_flushes=+0 trace_flush_bytes=+0 park_resets=+0 traces_live 44 -> 60 armed=0 state=0 stepmul=200 threshold=814800 gctotal=432128 ccap=518818 cused=432128 parked=false wallstats=present running=true
    one-array-r1-D-E CAP-LIVE| used=406050 kernelMemory=164923 user=241127 count(3 collects)=406002/406002/406002 total=518818 traces_live=60
    one-array-r1-D-E CAP-GC| collects=+50 bailouts=+0 overdrafts=+329 od_peak=16564 od_state=0 park_resets=+0 od_limit=32768 kslice=16384 gc_low=384622 armby=0 window=4096 lends=+4 win=0 refused=52 tier=n/a end: armed=0 state=0 stepmul=200 threshold=769200 gctotal=406778 ccap=518818 cused=406778 parked=false
    one-array-r1-D-E CAP-X| batch=100 junk=24 recover=0 OCLJCAPX=8/700/0/0/0 traces(start/abort) 344/197 -> 415/209 class=CLEAN site=-
    one-array-r1-D-E SMOKE| MILESTONE km-1-kernel-init-compiles-nothing: PASS -- traces live at the kernelMemory baseline = 0; kernelMemory=164923
    one-array-r1-D-E SMOKE| MILESTONE cap-1-refusal-caught-machine-survives: PASS -- shape=array OCLJCAP=done/794/not_enough_memory running=true lastError=<null>
one-array-r1-O-E exit=0 CLASS=CLEAN APACITY| shape=array native=additive jit=off jitearly=off tier=192KB scale=1.8 kernelMemory=164923 held=868 why=not_enough_memory t_first5=0.0010 t_last5=0.0034 batches=9 last/first=3.40 freeKB_at_end/totalKB=0/192 arms=+40 refusals=+1 trace_flushes=+0 fill_ms=1495 queued=true running=true lastError=<null>
    one-array-r1-O-E CAP-IDLE| ticks=400 arms=+0 collects=+0 bailouts=+0 refusals=+0 trace_flushes=+0 trace_flush_bytes=+0 park_resets=+0 traces_live 0 -> 0 armed=0 state=0 stepmul=200 threshold=707000 gctotal=432814 ccap=518818 cused=432814 parked=false wallstats=present running=true
    one-array-r1-O-E CAP-LIVE| used=353980 kernelMemory=164923 user=189057 count(3 collects)=353932/353932/353932 total=518818 traces_live=0
    one-array-r1-O-E CAP-GC| collects=+40 bailouts=+0 overdrafts=+565 od_peak=16522 od_state=0 park_resets=+0 od_limit=32768 kslice=16384 gc_low=349804 armby=1 window=4096 lends=+4 win=0 refused=52 tier=n/a end: armed=0 state=0 stepmul=200 threshold=699600 gctotal=371960 ccap=518818 cused=371960 parked=false
    one-array-r1-O-E CAP-X| batch=100 junk=24 recover=0 OCLJCAPX=9/800/0/0/0 traces(start/abort) 0/0 -> 0/0 class=CLEAN site=-
    one-array-r1-O-E SMOKE| MILESTONE km-1-kernel-init-compiles-nothing: PASS -- traces live at the kernelMemory baseline = 0; kernelMemory=164923
    one-array-r1-O-E SMOKE| MILESTONE cap-1-refusal-caught-machine-survives: PASS -- shape=array OCLJCAP=done/868/not_enough_memory running=true lastError=<null>
one-array-r1-S-stock exit=0 CLASS=CLEAN APACITY| shape=array native=stock jit=on jitearly=- tier=192KB scale=1.8 kernelMemory=174605 held=280 why=not_enough_memory t_first5=0.0017 t_last5=0.0017 batches=3 last/first=1.00 freeKB_at_end/totalKB=0/192 arms=+n/a refusals=+n/a trace_flushes=+n/a fill_ms=1502 queued=true running=true lastError=<null>
    one-array-r1-S-stock CAP-IDLE| ticks=400 arms=+n/a collects=+n/a bailouts=+n/a refusals=+n/a trace_flushes=+n/a trace_flush_bytes=+n/a park_resets=+n/a traces_live -1 -> -1 armed=n/a state=n/a stepmul=n/a threshold=n/a gctotal=n/a ccap=n/a cused=n/a parked=false wallstats=n/a running=true
    one-array-r1-S-stock CAP-LIVE| used=432721 kernelMemory=174605 user=258116 count(3 collects)=435116/435116/435116 total=528500 traces_live=-1
    one-array-r1-S-stock CAP-GC| collects=+n/a bailouts=+n/a overdrafts=+n/a od_peak=n/a od_state=n/a park_resets=+n/a od_limit=n/a kslice=n/a gc_low=n/a armby=n/a window=n/a lends=+n/a win=n/a refused=n/a tier=n/a end: armed=n/a state=n/a stepmul=n/a threshold=n/a gctotal=n/a ccap=n/a cused=n/a parked=false
    one-array-r1-S-stock CAP-X| batch=100 junk=24 recover=0 OCLJCAPX=3/200/0/0/0 traces(start/abort) n/a -> n/a class=CLEAN site=-
    one-array-r1-S-stock SMOKE| MILESTONE km-1-kernel-init-compiles-nothing: SKIP -- kernel=stock: OpenComputers' own kernel has no site 13 (not counted)
    one-array-r1-S-stock SMOKE| MILESTONE cap-1-refusal-caught-machine-survives: PASS -- shape=array OCLJCAP=done/280/not_enough_memory running=true lastError=<null>
one-array-r1-L-F exit=0 CLASS=CLEAN APACITY| shape=array native=luajit jit=on jitearly=- tier=192KB scale=1.8 kernelMemory=164247 held=781 why=not_enough_memory t_first5=0.0009 t_last5=0.0035 batches=8 last/first=3.89 freeKB_at_end/totalKB=0/192 arms=+42 refusals=+1 trace_flushes=+5 fill_ms=1493 queued=true running=true lastError=<null>
    one-array-r1-L-F CAP-IDLE| ticks=400 arms=+20 collects=+20 bailouts=+0 refusals=+0 trace_flushes=+0 trace_flush_bytes=+0 park_resets=+0 traces_live 43 -> 59 armed=0 state=0 stepmul=200 threshold=815200 gctotal=423136 ccap=0 cused=423136 parked=false wallstats=present running=true
    one-array-r1-L-F CAP-LIVE| used=406818 kernelMemory=164247 user=242571 count(3 collects)=406770/406770/406770 total=518142 traces_live=59
    one-array-r1-L-F CAP-GC| collects=+42 bailouts=+0 overdrafts=+402 od_peak=16476 od_state=0 park_resets=+0 od_limit=32768 kslice=16384 gc_low=389170 armby=0 window=4096 lends=+3 win=0 refused=52 tier=16384 end: armed=0 state=0 stepmul=200 threshold=780600 gctotal=405110 ccap=0 cused=405110 parked=false
    one-array-r1-L-F CAP-X| batch=100 junk=24 recover=0 OCLJCAPX=8/700/0/0/0 traces(start/abort) 336/192 -> 421/217 class=CLEAN site=-
    one-array-r1-L-F SMOKE| MILESTONE km-1-kernel-init-compiles-nothing: PASS -- traces live at the kernelMemory baseline = 0; kernelMemory=164247
    one-array-r1-L-F SMOKE| MILESTONE cap-1-refusal-caught-machine-survives: PASS -- shape=array OCLJCAP=done/781/not_enough_memory running=true lastError=<null>
one-string-r1-D-F exit=0 CLASS=CLEAN APACITY| shape=string native=additive jit=on jitearly=- tier=192KB scale=1.8 kernelMemory=164923 held=2048 why=not_enough_memory t_first5=0.0005 t_last5=0.0017 batches=21 last/first=3.40 freeKB_at_end/totalKB=0/192 arms=+63 refusals=+1 trace_flushes=+12 fill_ms=1744 queued=true running=true lastError=<null>
    one-string-r1-D-F CAP-IDLE| ticks=400 arms=+21 collects=+21 bailouts=+0 refusals=+0 trace_flushes=+0 trace_flush_bytes=+0 park_resets=+0 traces_live 55 -> 68 armed=0 state=0 stepmul=200 threshold=830400 gctotal=430607 ccap=518818 cused=430607 parked=false wallstats=present running=true
    one-string-r1-D-F CAP-LIVE| used=415629 kernelMemory=164923 user=250706 count(3 collects)=415645/415581/415581 total=518818 traces_live=68
    one-string-r1-D-F CAP-GC| collects=+63 bailouts=+0 overdrafts=+581 od_peak=9751 od_state=0 park_resets=+0 od_limit=32768 kslice=16384 gc_low=404318 armby=0 window=4096 lends=+0 win=0 refused=16384 tier=16384 end: armed=0 state=0 stepmul=200 threshold=811000 gctotal=427666 ccap=518818 cused=427666 parked=false
    one-string-r1-D-F CAP-X| batch=100 junk=24 recover=0 OCLJCAPX=21/2000/0/0/0 traces(start/abort) 371/216 -> 493/231 class=CLEAN site=-
    one-string-r1-D-F SMOKE| MILESTONE km-1-kernel-init-compiles-nothing: PASS -- traces live at the kernelMemory baseline = 0; kernelMemory=164923
    one-string-r1-D-F SMOKE| MILESTONE cap-1-refusal-caught-machine-survives: PASS -- shape=string OCLJCAP=done/2048/not_enough_memory running=true lastError=<null>
one-string-r1-O-F exit=0 CLASS=CLEAN APACITY| shape=string native=additive jit=off jitearly=off tier=192KB scale=1.8 kernelMemory=164923 held=2210 why=not_enough_memory t_first5=0.0007 t_last5=0.0063 batches=23 last/first=9.00 freeKB_at_end/totalKB=0/192 arms=+115 refusals=+1 trace_flushes=+0 fill_ms=1746 queued=true running=true lastError=<null>
    one-string-r1-O-F CAP-IDLE| ticks=400 arms=+1 collects=+1 bailouts=+0 refusals=+0 trace_flushes=+0 trace_flush_bytes=+0 park_resets=+0 traces_live 0 -> 0 armed=0 state=0 stepmul=200 threshold=707000 gctotal=368941 ccap=518818 cused=368941 parked=false wallstats=present running=true
    one-string-r1-O-F CAP-LIVE| used=353963 kernelMemory=164923 user=189040 count(3 collects)=353979/353915/353915 total=518818 traces_live=0
    one-string-r1-O-F CAP-GC| collects=+115 bailouts=+0 overdrafts=+1079 od_peak=16761 od_state=0 park_resets=+0 od_limit=32768 kslice=16384 gc_low=366256 armby=0 window=4096 lends=+75 win=0 refused=52 tier=16384 end: armed=0 state=0 stepmul=200 threshold=732400 gctotal=382312 ccap=518818 cused=382312 parked=false
    one-string-r1-O-F CAP-X| batch=100 junk=24 recover=0 OCLJCAPX=23/2200/0/0/0 traces(start/abort) 0/0 -> 0/0 class=CLEAN site=-
    one-string-r1-O-F SMOKE| MILESTONE km-1-kernel-init-compiles-nothing: PASS -- traces live at the kernelMemory baseline = 0; kernelMemory=164923
    one-string-r1-O-F SMOKE| MILESTONE cap-1-refusal-caught-machine-survives: PASS -- shape=string OCLJCAP=done/2210/not_enough_memory running=true lastError=<null>
one-string-r1-D-E exit=0 CLASS=CLEAN APACITY| shape=string native=additive jit=on jitearly=- tier=192KB scale=1.8 kernelMemory=164923 held=2048 why=not_enough_memory t_first5=0.0007 t_last5=0.0066 batches=21 last/first=9.43 freeKB_at_end/totalKB=0/192 arms=+84 refusals=+1 trace_flushes=+13 fill_ms=1744 queued=true running=true lastError=<null>
    one-string-r1-D-E CAP-IDLE| ticks=400 arms=+21 collects=+21 bailouts=+0 refusals=+0 trace_flushes=+0 trace_flush_bytes=+0 park_resets=+0 traces_live 55 -> 68 armed=0 state=0 stepmul=200 threshold=836400 gctotal=440403 ccap=518818 cused=440403 parked=false wallstats=present running=true
    one-string-r1-D-E CAP-LIVE| used=418689 kernelMemory=164923 user=253766 count(3 collects)=418705/418641/418641 total=518818 traces_live=68
    one-string-r1-D-E CAP-GC| collects=+84 bailouts=+0 overdrafts=+693 od_peak=10959 od_state=0 park_resets=+0 od_limit=32768 kslice=16384 gc_low=404562 armby=0 window=4096 lends=+0 win=0 refused=16384 tier=n/a end: armed=0 state=0 stepmul=200 threshold=809200 gctotal=426854 ccap=518818 cused=426854 parked=false
    one-string-r1-D-E CAP-X| batch=100 junk=24 recover=0 OCLJCAPX=21/2000/0/0/0 traces(start/abort) 372/212 -> 515/239 class=CLEAN site=-
    one-string-r1-D-E SMOKE| MILESTONE km-1-kernel-init-compiles-nothing: PASS -- traces live at the kernelMemory baseline = 0; kernelMemory=164923
    one-string-r1-D-E SMOKE| MILESTONE cap-1-refusal-caught-machine-survives: PASS -- shape=string OCLJCAP=done/2048/not_enough_memory running=true lastError=<null>
one-string-r1-O-E exit=0 CLASS=CLEAN APACITY| shape=string native=additive jit=off jitearly=off tier=192KB scale=1.8 kernelMemory=164923 held=2210 why=not_enough_memory t_first5=0.0009 t_last5=0.0071 batches=23 last/first=7.89 freeKB_at_end/totalKB=0/192 arms=+115 refusals=+1 trace_flushes=+0 fill_ms=1749 queued=true running=true lastError=<null>
    one-string-r1-O-E CAP-IDLE| ticks=400 arms=+1 collects=+1 bailouts=+0 refusals=+0 trace_flushes=+0 trace_flush_bytes=+0 park_resets=+0 traces_live 0 -> 0 armed=0 state=0 stepmul=200 threshold=707000 gctotal=368941 ccap=518818 cused=368941 parked=false wallstats=present running=true
    one-string-r1-O-E CAP-LIVE| used=353963 kernelMemory=164923 user=189040 count(3 collects)=353979/353915/353915 total=518818 traces_live=0
    one-string-r1-O-E CAP-GC| collects=+115 bailouts=+0 overdrafts=+1079 od_peak=16761 od_state=0 park_resets=+0 od_limit=32768 kslice=16384 gc_low=366256 armby=0 window=4096 lends=+75 win=0 refused=52 tier=n/a end: armed=0 state=0 stepmul=200 threshold=732400 gctotal=387784 ccap=518818 cused=387784 parked=false
    one-string-r1-O-E CAP-X| batch=100 junk=24 recover=0 OCLJCAPX=23/2200/0/0/0 traces(start/abort) 0/0 -> 0/0 class=CLEAN site=-
    one-string-r1-O-E SMOKE| MILESTONE km-1-kernel-init-compiles-nothing: PASS -- traces live at the kernelMemory baseline = 0; kernelMemory=164923
    one-string-r1-O-E SMOKE| MILESTONE cap-1-refusal-caught-machine-survives: PASS -- shape=string OCLJCAP=done/2210/not_enough_memory running=true lastError=<null>
one-string-r1-S-stock exit=0 CLASS=CLEAN APACITY| shape=string native=stock jit=on jitearly=- tier=192KB scale=1.8 kernelMemory=174605 held=1024 why=not_enough_memory t_first5=0.0018 t_last5=0.0023 batches=11 last/first=1.28 freeKB_at_end/totalKB=3/192 arms=+n/a refusals=+n/a trace_flushes=+n/a fill_ms=1499 queued=true running=true lastError=<null>
    one-string-r1-S-stock CAP-IDLE| ticks=400 arms=+n/a collects=+n/a bailouts=+n/a refusals=+n/a trace_flushes=+n/a trace_flush_bytes=+n/a park_resets=+n/a traces_live -1 -> -1 armed=n/a state=n/a stepmul=n/a threshold=n/a gctotal=n/a ccap=n/a cused=n/a parked=false wallstats=n/a running=true
    one-string-r1-S-stock CAP-LIVE| used=432619 kernelMemory=174605 user=258014 count(3 collects)=435014/435014/435014 total=528500 traces_live=-1
    one-string-r1-S-stock CAP-GC| collects=+n/a bailouts=+n/a overdrafts=+n/a od_peak=n/a od_state=n/a park_resets=+n/a od_limit=n/a kslice=n/a gc_low=n/a armby=n/a window=n/a lends=+n/a win=n/a refused=n/a tier=n/a end: armed=n/a state=n/a stepmul=n/a threshold=n/a gctotal=n/a ccap=n/a cused=n/a parked=false
    one-string-r1-S-stock CAP-X| batch=100 junk=24 recover=0 OCLJCAPX=11/1000/0/0/0 traces(start/abort) n/a -> n/a class=CLEAN site=-
    one-string-r1-S-stock SMOKE| MILESTONE km-1-kernel-init-compiles-nothing: SKIP -- kernel=stock: OpenComputers' own kernel has no site 13 (not counted)
    one-string-r1-S-stock SMOKE| MILESTONE cap-1-refusal-caught-machine-survives: PASS -- shape=string OCLJCAP=done/1024/not_enough_memory running=true lastError=<null>
one-string-r1-L-F exit=0 CLASS=CLEAN APACITY| shape=string native=luajit jit=on jitearly=- tier=192KB scale=1.8 kernelMemory=164247 held=2048 why=not_enough_memory t_first5=0.0011 t_last5=0.0019 batches=21 last/first=1.73 freeKB_at_end/totalKB=0/192 arms=+61 refusals=+1 trace_flushes=+12 fill_ms=1748 queued=true running=true lastError=<null>
    one-string-r1-L-F CAP-IDLE| ticks=400 arms=+20 collects=+20 bailouts=+0 refusals=+0 trace_flushes=+0 trace_flush_bytes=+0 park_resets=+0 traces_live 53 -> 63 armed=0 state=0 stepmul=200 threshold=823400 gctotal=431063 ccap=0 cused=431063 parked=false wallstats=present running=true
    one-string-r1-L-F CAP-LIVE| used=410385 kernelMemory=164247 user=246138 count(3 collects)=410337/410337/410337 total=518142 traces_live=63
    one-string-r1-L-F CAP-GC| collects=+61 bailouts=+0 overdrafts=+681 od_peak=9363 od_state=0 park_resets=+0 od_limit=32768 kslice=16384 gc_low=403446 armby=0 window=4096 lends=+0 win=0 refused=16384 tier=16384 end: armed=0 state=0 stepmul=200 threshold=807000 gctotal=440406 ccap=0 cused=440406 parked=false
    one-string-r1-L-F CAP-X| batch=100 junk=24 recover=0 OCLJCAPX=21/2000/0/0/0 traces(start/abort) 329/184 -> 472/211 class=CLEAN site=-
    one-string-r1-L-F SMOKE| MILESTONE km-1-kernel-init-compiles-nothing: PASS -- traces live at the kernelMemory baseline = 0; kernelMemory=164247
    one-string-r1-L-F SMOKE| MILESTONE cap-1-refusal-caught-machine-survives: PASS -- shape=string OCLJCAP=done/2048/not_enough_memory running=true lastError=<null>
one-closure-r1-D-F exit=0 CLASS=CLEAN APACITY| shape=closure native=additive jit=on jitearly=- tier=192KB scale=1.8 kernelMemory=164923 held=772 why=not_enough_memory t_first5=0.0011 t_last5=0.0056 batches=8 last/first=5.09 freeKB_at_end/totalKB=0/192 arms=+47 refusals=+1 trace_flushes=+4 fill_ms=1489 queued=true running=true lastError=<null>
    one-closure-r1-D-F CAP-IDLE| ticks=400 arms=+20 collects=+20 bailouts=+0 refusals=+0 trace_flushes=+0 trace_flush_bytes=+0 park_resets=+0 traces_live 47 -> 60 armed=0 state=0 stepmul=200 threshold=817800 gctotal=415737 ccap=518818 cused=415737 parked=false wallstats=present running=true
    one-closure-r1-D-F CAP-LIVE| used=409391 kernelMemory=164923 user=244468 count(3 collects)=409407/409343/409343 total=518818 traces_live=60
    one-closure-r1-D-F CAP-GC| collects=+47 bailouts=+0 overdrafts=+869 od_peak=16497 od_state=0 park_resets=+0 od_limit=32768 kslice=16384 gc_low=382282 armby=0 window=4096 lends=+6 win=0 refused=52 tier=16384 end: armed=0 state=0 stepmul=200 threshold=764400 gctotal=411806 ccap=518818 cused=411806 parked=false
    one-closure-r1-D-F CAP-X| batch=100 junk=24 recover=0 OCLJCAPX=8/700/0/0/0 traces(start/abort) 344/198 -> 411/227 class=CLEAN site=-
    one-closure-r1-D-F SMOKE| MILESTONE km-1-kernel-init-compiles-nothing: PASS -- traces live at the kernelMemory baseline = 0; kernelMemory=164923
    one-closure-r1-D-F SMOKE| MILESTONE cap-1-refusal-caught-machine-survives: PASS -- shape=closure OCLJCAP=done/772/not_enough_memory running=true lastError=<null>
one-closure-r1-O-F exit=0 CLASS=CLEAN APACITY| shape=closure native=additive jit=off jitearly=off tier=192KB scale=1.8 kernelMemory=164923 held=834 why=not_enough_memory t_first5=0.0009 t_last5=0.0055 batches=9 last/first=6.11 freeKB_at_end/totalKB=0/192 arms=+42 refusals=+1 trace_flushes=+0 fill_ms=1499 queued=true running=true lastError=<null>
    one-closure-r1-O-F CAP-IDLE| ticks=400 arms=+0 collects=+0 bailouts=+0 refusals=+0 trace_flushes=+0 trace_flush_bytes=+0 park_resets=+0 traces_live 0 -> 0 armed=0 state=0 stepmul=200 threshold=707200 gctotal=433459 ccap=518818 cused=433459 parked=false wallstats=present running=true
    one-closure-r1-O-F CAP-LIVE| used=354097 kernelMemory=164923 user=189174 count(3 collects)=354049/354049/354049 total=518818 traces_live=0
    one-closure-r1-O-F CAP-GC| collects=+42 bailouts=+0 overdrafts=+709 od_peak=16459 od_state=0 park_resets=+0 od_limit=32768 kslice=16384 gc_low=349804 armby=1 window=4096 lends=+2 win=0 refused=52 tier=16384 end: armed=0 state=0 stepmul=200 threshold=699600 gctotal=365224 ccap=518818 cused=365224 parked=false
    one-closure-r1-O-F CAP-X| batch=100 junk=24 recover=0 OCLJCAPX=9/800/0/0/0 traces(start/abort) 0/0 -> 0/0 class=CLEAN site=-
    one-closure-r1-O-F SMOKE| MILESTONE km-1-kernel-init-compiles-nothing: PASS -- traces live at the kernelMemory baseline = 0; kernelMemory=164923
    one-closure-r1-O-F SMOKE| MILESTONE cap-1-refusal-caught-machine-survives: PASS -- shape=closure OCLJCAP=done/834/not_enough_memory running=true lastError=<null>
one-closure-r1-D-E exit=0 CLASS=CLEAN APACITY| shape=closure native=additive jit=on jitearly=- tier=192KB scale=1.8 kernelMemory=164923 held=760 why=not_enough_memory t_first5=0.0013 t_last5=0.0061 batches=8 last/first=4.69 freeKB_at_end/totalKB=0/192 arms=+49 refusals=+1 trace_flushes=+5 fill_ms=1495 queued=true running=true lastError=<null>
    one-closure-r1-D-E CAP-IDLE| ticks=400 arms=+21 collects=+21 bailouts=+0 refusals=+0 trace_flushes=+0 trace_flush_bytes=+0 park_resets=+0 traces_live 59 -> 73 armed=0 state=0 stepmul=200 threshold=845600 gctotal=437597 ccap=518818 cused=437597 parked=false wallstats=present running=true
    one-closure-r1-D-E CAP-LIVE| used=423251 kernelMemory=164923 user=258328 count(3 collects)=423267/423203/423203 total=518818 traces_live=73
    one-closure-r1-D-E CAP-GC| collects=+49 bailouts=+0 overdrafts=+788 od_peak=16465 od_state=0 park_resets=+0 od_limit=32768 kslice=16384 gc_low=394554 armby=0 window=4096 lends=+4 win=0 refused=52 tier=n/a end: armed=0 state=0 stepmul=200 threshold=793000 gctotal=427102 ccap=518818 cused=427102 parked=false
    one-closure-r1-D-E CAP-X| batch=100 junk=24 recover=0 OCLJCAPX=8/700/0/0/0 traces(start/abort) 360/199 -> 438/215 class=CLEAN site=-
    one-closure-r1-D-E SMOKE| MILESTONE km-1-kernel-init-compiles-nothing: PASS -- traces live at the kernelMemory baseline = 0; kernelMemory=164923
    one-closure-r1-D-E SMOKE| MILESTONE cap-1-refusal-caught-machine-survives: PASS -- shape=closure OCLJCAP=done/760/not_enough_memory running=true lastError=<null>
one-closure-r1-O-E exit=0 CLASS=CLEAN APACITY| shape=closure native=additive jit=off jitearly=off tier=192KB scale=1.8 kernelMemory=164923 held=834 why=not_enough_memory t_first5=0.0011 t_last5=0.0050 batches=9 last/first=4.55 freeKB_at_end/totalKB=0/192 arms=+44 refusals=+1 trace_flushes=+0 fill_ms=1499 queued=true running=true lastError=<null>
    one-closure-r1-O-E CAP-IDLE| ticks=400 arms=+1 collects=+1 bailouts=+0 refusals=+0 trace_flushes=+0 trace_flush_bytes=+0 park_resets=+0 traces_live 0 -> 0 armed=0 state=0 stepmul=200 threshold=707400 gctotal=376511 ccap=518818 cused=376511 parked=false wallstats=present running=true
    one-closure-r1-O-E CAP-LIVE| used=354165 kernelMemory=164923 user=189242 count(3 collects)=354181/354117/354117 total=518818 traces_live=0
    one-closure-r1-O-E CAP-GC| collects=+44 bailouts=+0 overdrafts=+708 od_peak=16475 od_state=0 park_resets=+0 od_limit=32768 kslice=16384 gc_low=349872 armby=1 window=4096 lends=+4 win=0 refused=52 tier=n/a end: armed=0 state=0 stepmul=200 threshold=699600 gctotal=357924 ccap=518818 cused=357924 parked=false
    one-closure-r1-O-E CAP-X| batch=100 junk=24 recover=0 OCLJCAPX=9/800/0/0/0 traces(start/abort) 0/0 -> 0/0 class=CLEAN site=-
    one-closure-r1-O-E SMOKE| MILESTONE km-1-kernel-init-compiles-nothing: PASS -- traces live at the kernelMemory baseline = 0; kernelMemory=164923
    one-closure-r1-O-E SMOKE| MILESTONE cap-1-refusal-caught-machine-survives: PASS -- shape=closure OCLJCAP=done/834/not_enough_memory running=true lastError=<null>
one-closure-r1-S-stock exit=0 CLASS=CLEAN APACITY| shape=closure native=stock jit=on jitearly=- tier=192KB scale=1.8 kernelMemory=174605 held=496 why=not_enough_memory t_first5=0.0021 t_last5=0.0021 batches=5 last/first=1.00 freeKB_at_end/totalKB=0/192 arms=+n/a refusals=+n/a trace_flushes=+n/a fill_ms=1500 queued=true running=true lastError=<null>
    one-closure-r1-S-stock CAP-IDLE| ticks=400 arms=+n/a collects=+n/a bailouts=+n/a refusals=+n/a trace_flushes=+n/a trace_flush_bytes=+n/a park_resets=+n/a traces_live -1 -> -1 armed=n/a state=n/a stepmul=n/a threshold=n/a gctotal=n/a ccap=n/a cused=n/a parked=false wallstats=n/a running=true
    one-closure-r1-S-stock CAP-LIVE| used=432899 kernelMemory=174605 user=258294 count(3 collects)=435294/435294/435294 total=528500 traces_live=-1
    one-closure-r1-S-stock CAP-GC| collects=+n/a bailouts=+n/a overdrafts=+n/a od_peak=n/a od_state=n/a park_resets=+n/a od_limit=n/a kslice=n/a gc_low=n/a armby=n/a window=n/a lends=+n/a win=n/a refused=n/a tier=n/a end: armed=n/a state=n/a stepmul=n/a threshold=n/a gctotal=n/a ccap=n/a cused=n/a parked=false
    one-closure-r1-S-stock CAP-X| batch=100 junk=24 recover=0 OCLJCAPX=5/400/0/0/0 traces(start/abort) n/a -> n/a class=CLEAN site=-
    one-closure-r1-S-stock SMOKE| MILESTONE km-1-kernel-init-compiles-nothing: SKIP -- kernel=stock: OpenComputers' own kernel has no site 13 (not counted)
    one-closure-r1-S-stock SMOKE| MILESTONE cap-1-refusal-caught-machine-survives: PASS -- shape=closure OCLJCAP=done/496/not_enough_memory running=true lastError=<null>
one-closure-r1-L-F exit=0 CLASS=CLEAN APACITY| shape=closure native=luajit jit=on jitearly=- tier=192KB scale=1.8 kernelMemory=164247 held=772 why=not_enough_memory t_first5=0.0012 t_last5=0.0042 batches=8 last/first=3.50 freeKB_at_end/totalKB=0/192 arms=+52 refusals=+1 trace_flushes=+6 fill_ms=1496 queued=true running=true lastError=<null>
    one-closure-r1-L-F CAP-IDLE| ticks=400 arms=+20 collects=+20 bailouts=+0 refusals=+0 trace_flushes=+0 trace_flush_bytes=+0 park_resets=+0 traces_live 34 -> 58 armed=0 state=0 stepmul=200 threshold=814600 gctotal=432193 ccap=0 cused=432193 parked=false wallstats=present running=true
    one-closure-r1-L-F CAP-LIVE| used=405811 kernelMemory=164247 user=241564 count(3 collects)=405763/405763/405763 total=518142 traces_live=58
    one-closure-r1-L-F CAP-GC| collects=+52 bailouts=+0 overdrafts=+857 od_peak=16545 od_state=0 park_resets=+0 od_limit=32768 kslice=16384 gc_low=391930 armby=0 window=4096 lends=+7 win=0 refused=52 tier=16384 end: armed=0 state=0 stepmul=200 threshold=783800 gctotal=414718 ccap=0 cused=414718 parked=false
    one-closure-r1-L-F CAP-X| batch=100 junk=24 recover=0 OCLJCAPX=8/700/0/0/0 traces(start/abort) 388/220 -> 482/247 class=CLEAN site=-
    one-closure-r1-L-F SMOKE| MILESTONE km-1-kernel-init-compiles-nothing: PASS -- traces live at the kernelMemory baseline = 0; kernelMemory=164247
    one-closure-r1-L-F SMOKE| MILESTONE cap-1-refusal-caught-machine-survives: PASS -- shape=closure OCLJCAP=done/772/not_enough_memory running=true lastError=<null>
one-record-r2-D-F exit=0 CLASS=CLEAN APACITY| shape=record native=additive jit=on jitearly=- tier=192KB scale=1.8 kernelMemory=164923 held=556 why=not_enough_memory t_first5=0.0025 t_last5=0.0036 batches=6 last/first=1.44 freeKB_at_end/totalKB=0/192 arms=+60 refusals=+1 trace_flushes=+5 fill_ms=1492 queued=true running=true lastError=<null>
    one-record-r2-D-F CAP-IDLE| ticks=400 arms=+20 collects=+20 bailouts=+0 refusals=+0 trace_flushes=+0 trace_flush_bytes=+0 park_resets=+0 traces_live 44 -> 56 armed=0 state=0 stepmul=200 threshold=811200 gctotal=442493 ccap=518818 cused=442493 parked=false wallstats=present running=true
    one-record-r2-D-F CAP-LIVE| used=406043 kernelMemory=164923 user=241120 count(3 collects)=405995/405995/405995 total=518818 traces_live=56
    one-record-r2-D-F CAP-GC| collects=+60 bailouts=+0 overdrafts=+409 od_peak=16729 od_state=0 park_resets=+0 od_limit=32768 kslice=16384 gc_low=385402 armby=0 window=4096 lends=+2 win=0 refused=28 tier=16384 end: armed=0 state=0 stepmul=200 threshold=770800 gctotal=400886 ccap=518818 cused=400886 parked=false
    one-record-r2-D-F CAP-X| batch=100 junk=24 recover=0 OCLJCAPX=6/500/0/0/0 traces(start/abort) 349/200 -> 422/213 class=CLEAN site=-
    one-record-r2-D-F SMOKE| MILESTONE km-1-kernel-init-compiles-nothing: PASS -- traces live at the kernelMemory baseline = 0; kernelMemory=164923
    one-record-r2-D-F SMOKE| MILESTONE cap-1-refusal-caught-machine-survives: PASS -- shape=record OCLJCAP=done/556/not_enough_memory running=true lastError=<null>
one-record-r2-O-F exit=0 CLASS=CLEAN APACITY| shape=record native=additive jit=off jitearly=off tier=192KB scale=1.8 kernelMemory=164923 held=602 why=not_enough_memory t_first5=0.0013 t_last5=0.0049 batches=7 last/first=3.77 freeKB_at_end/totalKB=0/192 arms=+102 refusals=+1 trace_flushes=+0 fill_ms=1493 queued=true running=true lastError=<null>
    one-record-r2-O-F CAP-IDLE| ticks=400 arms=+4 collects=+4 bailouts=+0 refusals=+0 trace_flushes=+0 trace_flush_bytes=+0 park_resets=+0 traces_live 0 -> 0 armed=0 state=0 stepmul=200 threshold=707600 gctotal=376007 ccap=518818 cused=376007 parked=false wallstats=present running=true
    one-record-r2-O-F CAP-LIVE| used=354293 kernelMemory=164923 user=189370 count(3 collects)=354309/354245/354245 total=518818 traces_live=0
    one-record-r2-O-F CAP-GC| collects=+102 bailouts=+0 overdrafts=+678 od_peak=16735 od_state=0 park_resets=+0 od_limit=32768 kslice=16384 gc_low=349804 armby=1 window=4096 lends=+134 win=0 refused=52 tier=16384 end: armed=0 state=0 stepmul=200 threshold=699600 gctotal=386696 ccap=518818 cused=386696 parked=false
    one-record-r2-O-F CAP-X| batch=100 junk=24 recover=0 OCLJCAPX=7/600/0/0/0 traces(start/abort) 0/0 -> 0/0 class=CLEAN site=-
    one-record-r2-O-F SMOKE| MILESTONE km-1-kernel-init-compiles-nothing: PASS -- traces live at the kernelMemory baseline = 0; kernelMemory=164923
    one-record-r2-O-F SMOKE| MILESTONE cap-1-refusal-caught-machine-survives: PASS -- shape=record OCLJCAP=done/602/not_enough_memory running=true lastError=<null>
one-record-r2-D-E exit=0 CLASS=CLEAN APACITY| shape=record native=additive jit=on jitearly=- tier=192KB scale=1.8 kernelMemory=164923 held=548 why=not_enough_memory t_first5=0.0030 t_last5=0.0040 batches=6 last/first=1.33 freeKB_at_end/totalKB=0/192 arms=+48 refusals=+1 trace_flushes=+5 fill_ms=1497 queued=true running=true lastError=<null>
    one-record-r2-D-E CAP-IDLE| ticks=400 arms=+20 collects=+20 bailouts=+0 refusals=+0 trace_flushes=+0 trace_flush_bytes=+0 park_resets=+0 traces_live 49 -> 60 armed=0 state=0 stepmul=200 threshold=825400 gctotal=427521 ccap=518818 cused=427521 parked=false wallstats=present running=true
    one-record-r2-D-E CAP-LIVE| used=413175 kernelMemory=164923 user=248252 count(3 collects)=413191/413127/413127 total=518818 traces_live=60
    one-record-r2-D-E CAP-GC| collects=+48 bailouts=+0 overdrafts=+491 od_peak=16481 od_state=0 park_resets=+0 od_limit=32768 kslice=16384 gc_low=389458 armby=0 window=4096 lends=+5 win=0 refused=88 tier=n/a end: armed=0 state=0 stepmul=200 threshold=778800 gctotal=389742 ccap=518818 cused=389742 parked=false
    one-record-r2-D-E CAP-X| batch=100 junk=24 recover=0 OCLJCAPX=6/500/0/0/0 traces(start/abort) 354/209 -> 430/229 class=CLEAN site=-
    one-record-r2-D-E SMOKE| MILESTONE km-1-kernel-init-compiles-nothing: PASS -- traces live at the kernelMemory baseline = 0; kernelMemory=164923
    one-record-r2-D-E SMOKE| MILESTONE cap-1-refusal-caught-machine-survives: PASS -- shape=record OCLJCAP=done/548/not_enough_memory running=true lastError=<null>
one-record-r2-O-E exit=0 CLASS=CLEAN APACITY| shape=record native=additive jit=off jitearly=off tier=192KB scale=1.8 kernelMemory=164923 held=601 why=not_enough_memory t_first5=0.0012 t_last5=0.0031 batches=7 last/first=2.58 freeKB_at_end/totalKB=0/192 arms=+78 refusals=+1 trace_flushes=+0 fill_ms=1493 queued=true running=true lastError=<null>
    one-record-r2-O-E CAP-IDLE| ticks=400 arms=+1 collects=+1 bailouts=+0 refusals=+0 trace_flushes=+0 trace_flush_bytes=+0 park_resets=+0 traces_live 0 -> 0 armed=0 state=0 stepmul=200 threshold=707800 gctotal=361339 ccap=518818 cused=361339 parked=false wallstats=present running=true
    one-record-r2-O-E CAP-LIVE| used=354361 kernelMemory=164923 user=189438 count(3 collects)=354377/354313/354313 total=518818 traces_live=0
    one-record-r2-O-E CAP-GC| collects=+78 bailouts=+0 overdrafts=+563 od_peak=16803 od_state=0 park_resets=+0 od_limit=32768 kslice=16384 gc_low=349808 armby=0 window=4096 lends=+92 win=0 refused=88 tier=n/a end: armed=0 state=0 stepmul=200 threshold=699600 gctotal=373292 ccap=518818 cused=373292 parked=false
    one-record-r2-O-E CAP-X| batch=100 junk=24 recover=0 OCLJCAPX=7/600/0/0/0 traces(start/abort) 0/0 -> 0/0 class=CLEAN site=-
    one-record-r2-O-E SMOKE| MILESTONE km-1-kernel-init-compiles-nothing: PASS -- traces live at the kernelMemory baseline = 0; kernelMemory=164923
    one-record-r2-O-E SMOKE| MILESTONE cap-1-refusal-caught-machine-survives: PASS -- shape=record OCLJCAP=done/601/not_enough_memory running=true lastError=<null>
one-array-r2-D-F exit=0 CLASS=CLEAN APACITY| shape=array native=additive jit=on jitearly=- tier=192KB scale=1.8 kernelMemory=164923 held=780 why=not_enough_memory t_first5=0.0008 t_last5=0.0056 batches=8 last/first=7.00 freeKB_at_end/totalKB=0/192 arms=+47 refusals=+1 trace_flushes=+5 fill_ms=1501 queued=true running=true lastError=<null>
    one-array-r2-D-F CAP-IDLE| ticks=400 arms=+20 collects=+20 bailouts=+0 refusals=+0 trace_flushes=+0 trace_flush_bytes=+0 park_resets=+0 traces_live 37 -> 59 armed=0 state=0 stepmul=200 threshold=827000 gctotal=435692 ccap=518818 cused=435692 parked=false wallstats=present running=true
    one-array-r2-D-F CAP-LIVE| used=413978 kernelMemory=164923 user=249055 count(3 collects)=413994/413930/413930 total=518818 traces_live=59
    one-array-r2-D-F CAP-GC| collects=+47 bailouts=+0 overdrafts=+433 od_peak=16488 od_state=0 park_resets=+0 od_limit=32768 kslice=16384 gc_low=389494 armby=0 window=4096 lends=+4 win=0 refused=52 tier=16384 end: armed=0 state=0 stepmul=200 threshold=778800 gctotal=396282 ccap=518818 cused=396282 parked=false
    one-array-r2-D-F CAP-X| batch=100 junk=24 recover=0 OCLJCAPX=8/700/0/0/0 traces(start/abort) 329/179 -> 420/201 class=CLEAN site=-
    one-array-r2-D-F SMOKE| MILESTONE km-1-kernel-init-compiles-nothing: PASS -- traces live at the kernelMemory baseline = 0; kernelMemory=164923
    one-array-r2-D-F SMOKE| MILESTONE cap-1-refusal-caught-machine-survives: PASS -- shape=array OCLJCAP=done/780/not_enough_memory running=true lastError=<null>
one-array-r2-O-F exit=0 CLASS=CLEAN APACITY| shape=array native=additive jit=off jitearly=off tier=192KB scale=1.8 kernelMemory=164923 held=868 why=not_enough_memory t_first5=0.0013 t_last5=0.0045 batches=9 last/first=3.46 freeKB_at_end/totalKB=0/192 arms=+41 refusals=+1 trace_flushes=+0 fill_ms=1497 queued=true running=true lastError=<null>
    one-array-r2-O-F CAP-IDLE| ticks=400 arms=+1 collects=+1 bailouts=+0 refusals=+0 trace_flushes=+0 trace_flush_bytes=+0 park_resets=+0 traces_live 0 -> 0 armed=0 state=0 stepmul=200 threshold=707000 gctotal=360958 ccap=518818 cused=360958 parked=false wallstats=present running=true
    one-array-r2-O-F CAP-LIVE| used=353980 kernelMemory=164923 user=189057 count(3 collects)=353996/353932/353932 total=518818 traces_live=0
    one-array-r2-O-F CAP-GC| collects=+41 bailouts=+0 overdrafts=+566 od_peak=16522 od_state=0 park_resets=+0 od_limit=32768 kslice=16384 gc_low=349804 armby=1 window=4096 lends=+4 win=0 refused=52 tier=16384 end: armed=0 state=0 stepmul=200 threshold=699600 gctotal=379960 ccap=518818 cused=379960 parked=false
    one-array-r2-O-F CAP-X| batch=100 junk=24 recover=0 OCLJCAPX=9/800/0/0/0 traces(start/abort) 0/0 -> 0/0 class=CLEAN site=-
    one-array-r2-O-F SMOKE| MILESTONE km-1-kernel-init-compiles-nothing: PASS -- traces live at the kernelMemory baseline = 0; kernelMemory=164923
    one-array-r2-O-F SMOKE| MILESTONE cap-1-refusal-caught-machine-survives: PASS -- shape=array OCLJCAP=done/868/not_enough_memory running=true lastError=<null>
one-array-r2-D-E exit=0 CLASS=CLEAN APACITY| shape=array native=additive jit=on jitearly=- tier=192KB scale=1.8 kernelMemory=164923 held=789 why=not_enough_memory t_first5=0.0008 t_last5=0.0034 batches=8 last/first=4.25 freeKB_at_end/totalKB=0/192 arms=+53 refusals=+1 trace_flushes=+5 fill_ms=1488 queued=true running=true lastError=<null>
    one-array-r2-D-E CAP-IDLE| ticks=400 arms=+20 collects=+20 bailouts=+0 refusals=+0 trace_flushes=+0 trace_flush_bytes=+0 park_resets=+0 traces_live 52 -> 66 armed=0 state=0 stepmul=200 threshold=820800 gctotal=432540 ccap=518818 cused=432540 parked=false wallstats=present running=true
    one-array-r2-D-E CAP-LIVE| used=410826 kernelMemory=164923 user=245903 count(3 collects)=410842/410778/410778 total=518818 traces_live=66
    one-array-r2-D-E CAP-GC| collects=+53 bailouts=+0 overdrafts=+453 od_peak=16648 od_state=0 park_resets=+0 od_limit=32768 kslice=16384 gc_low=396202 armby=0 window=4096 lends=+3 win=0 refused=28 tier=n/a end: armed=0 state=0 stepmul=200 threshold=794400 gctotal=405342 ccap=518818 cused=405342 parked=false
    one-array-r2-D-E CAP-X| batch=100 junk=24 recover=0 OCLJCAPX=8/700/0/0/0 traces(start/abort) 338/182 -> 425/195 class=CLEAN site=-
    one-array-r2-D-E SMOKE| MILESTONE km-1-kernel-init-compiles-nothing: PASS -- traces live at the kernelMemory baseline = 0; kernelMemory=164923
    one-array-r2-D-E SMOKE| MILESTONE cap-1-refusal-caught-machine-survives: PASS -- shape=array OCLJCAP=done/789/not_enough_memory running=true lastError=<null>
one-array-r2-O-E exit=0 CLASS=CLEAN APACITY| shape=array native=additive jit=off jitearly=off tier=192KB scale=1.8 kernelMemory=164923 held=868 why=not_enough_memory t_first5=0.0006 t_last5=0.0052 batches=9 last/first=8.67 freeKB_at_end/totalKB=0/192 arms=+41 refusals=+1 trace_flushes=+0 fill_ms=1493 queued=true running=true lastError=<null>
    one-array-r2-O-E CAP-IDLE| ticks=400 arms=+0 collects=+0 bailouts=+0 refusals=+0 trace_flushes=+0 trace_flush_bytes=+0 park_resets=+0 traces_live 0 -> 0 armed=0 state=0 stepmul=200 threshold=707200 gctotal=427074 ccap=518818 cused=427074 parked=false wallstats=present running=true
    one-array-r2-O-E CAP-LIVE| used=354048 kernelMemory=164923 user=189125 count(3 collects)=354064/354000/354000 total=518818 traces_live=0
    one-array-r2-O-E CAP-GC| collects=+41 bailouts=+0 overdrafts=+567 od_peak=16486 od_state=0 park_resets=+0 od_limit=32768 kslice=16384 gc_low=349872 armby=1 window=4096 lends=+5 win=0 refused=52 tier=n/a end: armed=0 state=0 stepmul=200 threshold=699600 gctotal=365292 ccap=518818 cused=365292 parked=false
    one-array-r2-O-E CAP-X| batch=100 junk=24 recover=0 OCLJCAPX=9/800/0/0/0 traces(start/abort) 0/0 -> 0/0 class=CLEAN site=-
    one-array-r2-O-E SMOKE| MILESTONE km-1-kernel-init-compiles-nothing: PASS -- traces live at the kernelMemory baseline = 0; kernelMemory=164923
    one-array-r2-O-E SMOKE| MILESTONE cap-1-refusal-caught-machine-survives: PASS -- shape=array OCLJCAP=done/868/not_enough_memory running=true lastError=<null>
one-string-r2-D-F exit=0 CLASS=CLEAN APACITY| shape=string native=additive jit=on jitearly=- tier=192KB scale=1.8 kernelMemory=164923 held=2048 why=not_enough_memory t_first5=0.0007 t_last5=0.0031 batches=21 last/first=4.43 freeKB_at_end/totalKB=0/192 arms=+62 refusals=+1 trace_flushes=+12 fill_ms=1753 queued=true running=true lastError=<null>
    one-string-r2-D-F CAP-IDLE| ticks=400 arms=+27 collects=+27 bailouts=+0 refusals=+0 trace_flushes=+1 trace_flush_bytes=+84372 park_resets=+0 traces_live 97 -> 54 armed=0 state=0 stepmul=200 threshold=811200 gctotal=412879 ccap=518818 cused=412879 parked=false wallstats=present running=true
    one-string-r2-D-F CAP-LIVE| used=405717 kernelMemory=164923 user=240794 count(3 collects)=405669/405669/405669 total=518818 traces_live=54
    one-string-r2-D-F CAP-GC| collects=+62 bailouts=+0 overdrafts=+669 od_peak=8691 od_state=0 park_resets=+0 od_limit=32768 kslice=16384 gc_low=402666 armby=0 window=4096 lends=+0 win=0 refused=16384 tier=16384 end: armed=0 state=0 stepmul=200 threshold=806200 gctotal=432718 ccap=518818 cused=432718 parked=false
    one-string-r2-D-F CAP-X| batch=100 junk=24 recover=0 OCLJCAPX=21/2000/0/0/0 traces(start/abort) 344/191 -> 462/206 class=CLEAN site=-
    one-string-r2-D-F SMOKE| MILESTONE km-1-kernel-init-compiles-nothing: PASS -- traces live at the kernelMemory baseline = 0; kernelMemory=164923
    one-string-r2-D-F SMOKE| MILESTONE cap-1-refusal-caught-machine-survives: PASS -- shape=string OCLJCAP=done/2048/not_enough_memory running=true lastError=<null>
one-string-r2-O-F exit=0 CLASS=CLEAN APACITY| shape=string native=additive jit=off jitearly=off tier=192KB scale=1.8 kernelMemory=164923 held=2211 why=not_enough_memory t_first5=0.0011 t_last5=0.0041 batches=23 last/first=3.73 freeKB_at_end/totalKB=0/192 arms=+95 refusals=+1 trace_flushes=+0 fill_ms=1740 queued=true running=true lastError=<null>
    one-string-r2-O-F CAP-IDLE| ticks=400 arms=+1 collects=+1 bailouts=+0 refusals=+0 trace_flushes=+0 trace_flush_bytes=+0 park_resets=+0 traces_live 0 -> 0 armed=0 state=0 stepmul=200 threshold=706800 gctotal=360873 ccap=518818 cused=360873 parked=false wallstats=present running=true
    one-string-r2-O-F CAP-LIVE| used=353895 kernelMemory=164923 user=188972 count(3 collects)=353911/353847/353847 total=518818 traces_live=0
    one-string-r2-O-F CAP-GC| collects=+95 bailouts=+0 overdrafts=+1083 od_peak=16693 od_state=0 park_resets=+0 od_limit=32768 kslice=16384 gc_low=366188 armby=0 window=4096 lends=+34 win=0 refused=52 tier=16384 end: armed=0 state=0 stepmul=200 threshold=732200 gctotal=380980 ccap=518818 cused=380980 parked=false
    one-string-r2-O-F CAP-X| batch=100 junk=24 recover=0 OCLJCAPX=23/2200/0/0/0 traces(start/abort) 0/0 -> 0/0 class=CLEAN site=-
    one-string-r2-O-F SMOKE| MILESTONE km-1-kernel-init-compiles-nothing: PASS -- traces live at the kernelMemory baseline = 0; kernelMemory=164923
    one-string-r2-O-F SMOKE| MILESTONE cap-1-refusal-caught-machine-survives: PASS -- shape=string OCLJCAP=done/2211/not_enough_memory running=true lastError=<null>
one-string-r2-D-E exit=0 CLASS=CLEAN APACITY| shape=string native=additive jit=on jitearly=- tier=192KB scale=1.8 kernelMemory=164923 held=2048 why=not_enough_memory t_first5=0.0010 t_last5=0.0041 batches=21 last/first=4.10 freeKB_at_end/totalKB=0/192 arms=+69 refusals=+1 trace_flushes=+12 fill_ms=1740 queued=true running=true lastError=<null>
    one-string-r2-D-E CAP-IDLE| ticks=400 arms=+21 collects=+21 bailouts=+0 refusals=+0 trace_flushes=+0 trace_flush_bytes=+0 park_resets=+0 traces_live 57 -> 70 armed=0 state=0 stepmul=200 threshold=829400 gctotal=422175 ccap=518818 cused=422175 parked=false wallstats=present running=true
    one-string-r2-D-E CAP-LIVE| used=415197 kernelMemory=164923 user=250274 count(3 collects)=415213/415149/415149 total=518818 traces_live=70
    one-string-r2-D-E CAP-GC| collects=+69 bailouts=+0 overdrafts=+608 od_peak=11335 od_state=0 park_resets=+0 od_limit=32768 kslice=16384 gc_low=401510 armby=0 window=4096 lends=+0 win=0 refused=16384 tier=n/a end: armed=0 state=0 stepmul=200 threshold=803000 gctotal=410198 ccap=518818 cused=410198 parked=false
    one-string-r2-D-E CAP-X| batch=100 junk=24 recover=0 OCLJCAPX=21/2000/0/0/0 traces(start/abort) 323/171 -> 461/206 class=CLEAN site=-
    one-string-r2-D-E SMOKE| MILESTONE km-1-kernel-init-compiles-nothing: PASS -- traces live at the kernelMemory baseline = 0; kernelMemory=164923
    one-string-r2-D-E SMOKE| MILESTONE cap-1-refusal-caught-machine-survives: PASS -- shape=string OCLJCAP=done/2048/not_enough_memory running=true lastError=<null>
one-string-r2-O-E exit=0 CLASS=CLEAN APACITY| shape=string native=additive jit=off jitearly=off tier=192KB scale=1.8 kernelMemory=164923 held=2210 why=not_enough_memory t_first5=0.0009 t_last5=0.0069 batches=23 last/first=7.67 freeKB_at_end/totalKB=0/192 arms=+116 refusals=+1 trace_flushes=+0 fill_ms=1746 queued=true running=true lastError=<null>
    one-string-r2-O-E CAP-IDLE| ticks=400 arms=+1 collects=+1 bailouts=+0 refusals=+0 trace_flushes=+0 trace_flush_bytes=+0 park_resets=+0 traces_live 0 -> 0 armed=0 state=0 stepmul=200 threshold=707000 gctotal=360941 ccap=518818 cused=360941 parked=false wallstats=present running=true
    one-string-r2-O-E CAP-LIVE| used=353963 kernelMemory=164923 user=189040 count(3 collects)=353979/353915/353915 total=518818 traces_live=0
    one-string-r2-O-E CAP-GC| collects=+116 bailouts=+0 overdrafts=+1079 od_peak=16761 od_state=0 park_resets=+0 od_limit=32768 kslice=16384 gc_low=366256 armby=0 window=4096 lends=+75 win=0 refused=52 tier=n/a end: armed=0 state=0 stepmul=200 threshold=732400 gctotal=374312 ccap=518818 cused=374312 parked=false
    one-string-r2-O-E CAP-X| batch=100 junk=24 recover=0 OCLJCAPX=23/2200/0/0/0 traces(start/abort) 0/0 -> 0/0 class=CLEAN site=-
    one-string-r2-O-E SMOKE| MILESTONE km-1-kernel-init-compiles-nothing: PASS -- traces live at the kernelMemory baseline = 0; kernelMemory=164923
    one-string-r2-O-E SMOKE| MILESTONE cap-1-refusal-caught-machine-survives: PASS -- shape=string OCLJCAP=done/2210/not_enough_memory running=true lastError=<null>
one-closure-r2-D-F exit=0 CLASS=CLEAN APACITY| shape=closure native=additive jit=on jitearly=- tier=192KB scale=1.8 kernelMemory=164923 held=753 why=not_enough_memory t_first5=0.0006 t_last5=0.0046 batches=8 last/first=7.67 freeKB_at_end/totalKB=0/192 arms=+48 refusals=+1 trace_flushes=+6 fill_ms=1500 queued=true running=true lastError=<null>
    one-closure-r2-D-F CAP-IDLE| ticks=400 arms=+21 collects=+21 bailouts=+0 refusals=+0 trace_flushes=+0 trace_flush_bytes=+0 park_resets=+0 traces_live 63 -> 75 armed=0 state=0 stepmul=200 threshold=845000 gctotal=437305 ccap=518818 cused=437305 parked=false wallstats=present running=true
    one-closure-r2-D-F CAP-LIVE| used=422959 kernelMemory=164923 user=258036 count(3 collects)=422975/422911/422911 total=518818 traces_live=75
    one-closure-r2-D-F CAP-GC| collects=+48 bailouts=+0 overdrafts=+644 od_peak=16493 od_state=0 park_resets=+0 od_limit=32768 kslice=16384 gc_low=385594 armby=0 window=4096 lends=+4 win=0 refused=52 tier=16384 end: armed=0 state=0 stepmul=200 threshold=771000 gctotal=422486 ccap=518818 cused=422486 parked=false
    one-closure-r2-D-F CAP-X| batch=100 junk=24 recover=0 OCLJCAPX=8/700/0/0/0 traces(start/abort) 349/186 -> 426/214 class=CLEAN site=-
    one-closure-r2-D-F SMOKE| MILESTONE km-1-kernel-init-compiles-nothing: PASS -- traces live at the kernelMemory baseline = 0; kernelMemory=164923
    one-closure-r2-D-F SMOKE| MILESTONE cap-1-refusal-caught-machine-survives: PASS -- shape=closure OCLJCAP=done/753/not_enough_memory running=true lastError=<null>
one-closure-r2-O-F exit=0 CLASS=CLEAN APACITY| shape=closure native=additive jit=off jitearly=off tier=192KB scale=1.8 kernelMemory=164923 held=834 why=not_enough_memory t_first5=0.0011 t_last5=0.0041 batches=9 last/first=3.73 freeKB_at_end/totalKB=0/192 arms=+43 refusals=+1 trace_flushes=+0 fill_ms=1499 queued=true running=true lastError=<null>
    one-closure-r2-O-F CAP-IDLE| ticks=400 arms=+0 collects=+0 bailouts=+0 refusals=+0 trace_flushes=+0 trace_flush_bytes=+0 park_resets=+0 traces_live 0 -> 0 armed=0 state=0 stepmul=200 threshold=707400 gctotal=424599 ccap=518818 cused=424599 parked=false wallstats=present running=true
    one-closure-r2-O-F CAP-LIVE| used=354165 kernelMemory=164923 user=189242 count(3 collects)=354181/354117/354117 total=518818 traces_live=0
    one-closure-r2-O-F CAP-GC| collects=+43 bailouts=+0 overdrafts=+707 od_peak=16451 od_state=0 park_resets=+0 od_limit=32768 kslice=16384 gc_low=349872 armby=1 window=4096 lends=+3 win=0 refused=52 tier=16384 end: armed=0 state=0 stepmul=200 threshold=699600 gctotal=365292 ccap=518818 cused=365292 parked=false
    one-closure-r2-O-F CAP-X| batch=100 junk=24 recover=0 OCLJCAPX=9/800/0/0/0 traces(start/abort) 0/0 -> 0/0 class=CLEAN site=-
    one-closure-r2-O-F SMOKE| MILESTONE km-1-kernel-init-compiles-nothing: PASS -- traces live at the kernelMemory baseline = 0; kernelMemory=164923
    one-closure-r2-O-F SMOKE| MILESTONE cap-1-refusal-caught-machine-survives: PASS -- shape=closure OCLJCAP=done/834/not_enough_memory running=true lastError=<null>
one-closure-r2-D-E exit=0 CLASS=CLEAN APACITY| shape=closure native=additive jit=on jitearly=- tier=192KB scale=1.8 kernelMemory=164923 held=774 why=not_enough_memory t_first5=0.0011 t_last5=0.0056 batches=8 last/first=5.09 freeKB_at_end/totalKB=0/192 arms=+46 refusals=+1 trace_flushes=+5 fill_ms=1492 queued=true running=true lastError=<null>
    one-closure-r2-D-E CAP-IDLE| ticks=400 arms=+21 collects=+21 bailouts=+0 refusals=+0 trace_flushes=+0 trace_flush_bytes=+0 park_resets=+0 traces_live 55 -> 66 armed=0 state=0 stepmul=200 threshold=830800 gctotal=435905 ccap=518818 cused=435905 parked=false wallstats=present running=true
    one-closure-r2-D-E CAP-LIVE| used=414475 kernelMemory=164923 user=249552 count(3 collects)=414427/414427/414427 total=518818 traces_live=66
    one-closure-r2-D-E CAP-GC| collects=+46 bailouts=+0 overdrafts=+772 od_peak=16533 od_state=0 park_resets=+0 od_limit=32768 kslice=16384 gc_low=386642 armby=0 window=4096 lends=+6 win=0 refused=52 tier=n/a end: armed=0 state=0 stepmul=200 threshold=773400 gctotal=401494 ccap=518818 cused=401494 parked=false
    one-closure-r2-D-E CAP-X| batch=100 junk=24 recover=0 OCLJCAPX=8/700/0/0/0 traces(start/abort) 340/190 -> 409/210 class=CLEAN site=-
    one-closure-r2-D-E SMOKE| MILESTONE km-1-kernel-init-compiles-nothing: PASS -- traces live at the kernelMemory baseline = 0; kernelMemory=164923
    one-closure-r2-D-E SMOKE| MILESTONE cap-1-refusal-caught-machine-survives: PASS -- shape=closure OCLJCAP=done/774/not_enough_memory running=true lastError=<null>
one-closure-r2-O-E exit=0 CLASS=CLEAN APACITY| shape=closure native=additive jit=off jitearly=off tier=192KB scale=1.8 kernelMemory=164923 held=834 why=not_enough_memory t_first5=0.0010 t_last5=0.0036 batches=9 last/first=3.60 freeKB_at_end/totalKB=0/192 arms=+45 refusals=+1 trace_flushes=+0 fill_ms=1497 queued=true running=true lastError=<null>
    one-closure-r2-O-E CAP-IDLE| ticks=400 arms=+1 collects=+1 bailouts=+0 refusals=+0 trace_flushes=+0 trace_flush_bytes=+0 park_resets=+0 traces_live 0 -> 0 armed=0 state=0 stepmul=200 threshold=707600 gctotal=368587 ccap=518818 cused=368587 parked=false wallstats=present running=true
    one-closure-r2-O-E CAP-LIVE| used=354241 kernelMemory=164923 user=189318 count(3 collects)=354257/354193/354193 total=518818 traces_live=0
    one-closure-r2-O-E CAP-GC| collects=+45 bailouts=+0 overdrafts=+713 od_peak=16551 od_state=0 park_resets=+0 od_limit=32768 kslice=16384 gc_low=349948 armby=1 window=4096 lends=+9 win=0 refused=52 tier=n/a end: armed=0 state=0 stepmul=200 threshold=699800 gctotal=386840 ccap=518818 cused=386840 parked=false
    one-closure-r2-O-E CAP-X| batch=100 junk=24 recover=0 OCLJCAPX=9/800/0/0/0 traces(start/abort) 0/0 -> 0/0 class=CLEAN site=-
    one-closure-r2-O-E SMOKE| MILESTONE km-1-kernel-init-compiles-nothing: PASS -- traces live at the kernelMemory baseline = 0; kernelMemory=164923
    one-closure-r2-O-E SMOKE| MILESTONE cap-1-refusal-caught-machine-survives: PASS -- shape=closure OCLJCAP=done/834/not_enough_memory running=true lastError=<null>
one-record-r3-D-F exit=0 CLASS=CLEAN APACITY| shape=record native=additive jit=on jitearly=- tier=192KB scale=1.8 kernelMemory=164923 held=555 why=not_enough_memory t_first5=0.0017 t_last5=0.0040 batches=6 last/first=2.35 freeKB_at_end/totalKB=0/192 arms=+61 refusals=+1 trace_flushes=+5 fill_ms=1495 queued=true running=true lastError=<null>
    one-record-r3-D-F CAP-IDLE| ticks=400 arms=+20 collects=+20 bailouts=+0 refusals=+0 trace_flushes=+0 trace_flush_bytes=+0 park_resets=+0 traces_live 57 -> 70 armed=0 state=0 stepmul=200 threshold=837800 gctotal=446213 ccap=518818 cused=446213 parked=false wallstats=present running=true
    one-record-r3-D-F CAP-LIVE| used=417655 kernelMemory=164923 user=252732 count(3 collects)=417607/417607/417607 total=518818 traces_live=70
    one-record-r3-D-F CAP-GC| collects=+61 bailouts=+0 overdrafts=+388 od_peak=16453 od_state=0 park_resets=+0 od_limit=32768 kslice=16384 gc_low=391194 armby=0 window=4096 lends=+3 win=0 refused=52 tier=16384 end: armed=0 state=0 stepmul=200 threshold=782200 gctotal=413350 ccap=518818 cused=413350 parked=false
    one-record-r3-D-F CAP-X| batch=100 junk=24 recover=0 OCLJCAPX=6/500/0/0/0 traces(start/abort) 340/188 -> 410/200 class=CLEAN site=-
    one-record-r3-D-F SMOKE| MILESTONE km-1-kernel-init-compiles-nothing: PASS -- traces live at the kernelMemory baseline = 0; kernelMemory=164923
    one-record-r3-D-F SMOKE| MILESTONE cap-1-refusal-caught-machine-survives: PASS -- shape=record OCLJCAP=done/555/not_enough_memory running=true lastError=<null>
one-record-r3-O-F exit=0 CLASS=CLEAN APACITY| shape=record native=additive jit=off jitearly=off tier=192KB scale=1.8 kernelMemory=164923 held=602 why=not_enough_memory t_first5=0.0015 t_last5=0.0045 batches=7 last/first=3.00 freeKB_at_end/totalKB=0/192 arms=+103 refusals=+1 trace_flushes=+0 fill_ms=1499 queued=true running=true lastError=<null>
    one-record-r3-O-F CAP-IDLE| ticks=400 arms=+1 collects=+1 bailouts=+0 refusals=+0 trace_flushes=+0 trace_flush_bytes=+0 park_resets=+0 traces_live 0 -> 0 armed=0 state=0 stepmul=200 threshold=707600 gctotal=368639 ccap=518818 cused=368639 parked=false wallstats=present running=true
    one-record-r3-O-F CAP-LIVE| used=354293 kernelMemory=164923 user=189370 count(3 collects)=354309/354245/354245 total=518818 traces_live=0
    one-record-r3-O-F CAP-GC| collects=+103 bailouts=+0 overdrafts=+678 od_peak=16735 od_state=0 park_resets=+0 od_limit=32768 kslice=16384 gc_low=349804 armby=0 window=4096 lends=+134 win=0 refused=52 tier=16384 end: armed=0 state=0 stepmul=200 threshold=699600 gctotal=379960 ccap=518818 cused=379960 parked=false
    one-record-r3-O-F CAP-X| batch=100 junk=24 recover=0 OCLJCAPX=7/600/0/0/0 traces(start/abort) 0/0 -> 0/0 class=CLEAN site=-
    one-record-r3-O-F SMOKE| MILESTONE km-1-kernel-init-compiles-nothing: PASS -- traces live at the kernelMemory baseline = 0; kernelMemory=164923
    one-record-r3-O-F SMOKE| MILESTONE cap-1-refusal-caught-machine-survives: PASS -- shape=record OCLJCAP=done/602/not_enough_memory running=true lastError=<null>
one-record-r3-D-E exit=0 CLASS=CLEAN APACITY| shape=record native=additive jit=on jitearly=- tier=192KB scale=1.8 kernelMemory=164923 held=553 why=not_enough_memory t_first5=0.0024 t_last5=0.0041 batches=6 last/first=1.71 freeKB_at_end/totalKB=0/192 arms=+51 refusals=+1 trace_flushes=+5 fill_ms=1493 queued=true running=true lastError=<null>
    one-record-r3-D-E CAP-IDLE| ticks=400 arms=+20 collects=+20 bailouts=+0 refusals=+0 trace_flushes=+0 trace_flush_bytes=+0 park_resets=+0 traces_live 54 -> 66 armed=0 state=0 stepmul=200 threshold=828800 gctotal=433781 ccap=518818 cused=433781 parked=false wallstats=present running=true
    one-record-r3-D-E CAP-LIVE| used=413103 kernelMemory=164923 user=248180 count(3 collects)=413055/413055/413055 total=518818 traces_live=66
    one-record-r3-D-E CAP-GC| collects=+51 bailouts=+0 overdrafts=+409 od_peak=17185 od_state=0 park_resets=+0 od_limit=32768 kslice=16384 gc_low=388826 armby=0 window=4096 lends=+3 win=0 refused=52 tier=n/a end: armed=0 state=0 stepmul=200 threshold=777600 gctotal=403678 ccap=518818 cused=403678 parked=false
    one-record-r3-D-E CAP-X| batch=100 junk=24 recover=0 OCLJCAPX=6/500/0/0/0 traces(start/abort) 346/193 -> 419/203 class=CLEAN site=-
    one-record-r3-D-E SMOKE| MILESTONE km-1-kernel-init-compiles-nothing: PASS -- traces live at the kernelMemory baseline = 0; kernelMemory=164923
    one-record-r3-D-E SMOKE| MILESTONE cap-1-refusal-caught-machine-survives: PASS -- shape=record OCLJCAP=done/553/not_enough_memory running=true lastError=<null>
one-record-r3-O-E exit=0 CLASS=CLEAN APACITY| shape=record native=additive jit=off jitearly=off tier=192KB scale=1.8 kernelMemory=164923 held=601 why=not_enough_memory t_first5=0.0012 t_last5=0.0026 batches=7 last/first=2.17 freeKB_at_end/totalKB=0/192 arms=+77 refusals=+1 trace_flushes=+0 fill_ms=1498 queued=true running=true lastError=<null>
    one-record-r3-O-E CAP-IDLE| ticks=400 arms=+0 collects=+0 bailouts=+0 refusals=+0 trace_flushes=+0 trace_flush_bytes=+0 park_resets=+0 traces_live 0 -> 0 armed=0 state=0 stepmul=200 threshold=707800 gctotal=425827 ccap=518818 cused=425827 parked=false wallstats=present running=true
    one-record-r3-O-E CAP-LIVE| used=354361 kernelMemory=164923 user=189438 count(3 collects)=354377/354313/354313 total=518818 traces_live=0
    one-record-r3-O-E CAP-GC| collects=+77 bailouts=+0 overdrafts=+563 od_peak=16803 od_state=0 park_resets=+0 od_limit=32768 kslice=16384 gc_low=349872 armby=1 window=4096 lends=+92 win=0 refused=88 tier=n/a end: armed=0 state=0 stepmul=200 threshold=699600 gctotal=364660 ccap=518818 cused=364660 parked=false
    one-record-r3-O-E CAP-X| batch=100 junk=24 recover=0 OCLJCAPX=7/600/0/0/0 traces(start/abort) 0/0 -> 0/0 class=CLEAN site=-
    one-record-r3-O-E SMOKE| MILESTONE km-1-kernel-init-compiles-nothing: PASS -- traces live at the kernelMemory baseline = 0; kernelMemory=164923
    one-record-r3-O-E SMOKE| MILESTONE cap-1-refusal-caught-machine-survives: PASS -- shape=record OCLJCAP=done/601/not_enough_memory running=true lastError=<null>
one-array-r3-D-F exit=0 CLASS=CLEAN APACITY| shape=array native=additive jit=on jitearly=- tier=192KB scale=1.8 kernelMemory=164923 held=783 why=not_enough_memory t_first5=0.0014 t_last5=0.0040 batches=8 last/first=2.86 freeKB_at_end/totalKB=0/192 arms=+44 refusals=+1 trace_flushes=+5 fill_ms=1495 queued=true running=true lastError=<null>
    one-array-r3-D-F CAP-IDLE| ticks=400 arms=+47 collects=+47 bailouts=+0 refusals=+0 trace_flushes=+0 trace_flush_bytes=+0 park_resets=+0 traces_live 77 -> 91 armed=0 state=0 stepmul=200 threshold=871800 gctotal=450036 ccap=518818 cused=450036 parked=false wallstats=present running=true
    one-array-r3-D-F CAP-LIVE| used=436322 kernelMemory=164923 user=271399 count(3 collects)=436338/436274/436274 total=518818 traces_live=91
    one-array-r3-D-F CAP-GC| collects=+44 bailouts=+0 overdrafts=+427 od_peak=16464 od_state=0 park_resets=+0 od_limit=32768 kslice=16384 gc_low=391074 armby=0 window=4096 lends=+3 win=0 refused=52 tier=16384 end: armed=0 state=0 stepmul=200 threshold=782000 gctotal=421230 ccap=518818 cused=421230 parked=false
    one-array-r3-D-F CAP-X| batch=100 junk=24 recover=0 OCLJCAPX=8/700/0/0/0 traces(start/abort) 383/199 -> 463/216 class=CLEAN site=-
    one-array-r3-D-F SMOKE| MILESTONE km-1-kernel-init-compiles-nothing: PASS -- traces live at the kernelMemory baseline = 0; kernelMemory=164923
    one-array-r3-D-F SMOKE| MILESTONE cap-1-refusal-caught-machine-survives: PASS -- shape=array OCLJCAP=done/783/not_enough_memory running=true lastError=<null>
one-array-r3-O-F exit=0 CLASS=CLEAN APACITY| shape=array native=additive jit=off jitearly=off tier=192KB scale=1.8 kernelMemory=164923 held=868 why=not_enough_memory t_first5=0.0005 t_last5=0.0049 batches=9 last/first=9.80 freeKB_at_end/totalKB=0/192 arms=+41 refusals=+1 trace_flushes=+0 fill_ms=1500 queued=true running=true lastError=<null>
    one-array-r3-O-F CAP-IDLE| ticks=400 arms=+1 collects=+1 bailouts=+0 refusals=+0 trace_flushes=+0 trace_flush_bytes=+0 park_resets=+0 traces_live 0 -> 0 armed=0 state=0 stepmul=200 threshold=707200 gctotal=375762 ccap=518818 cused=375762 parked=false wallstats=present running=true
    one-array-r3-O-F CAP-LIVE| used=354048 kernelMemory=164923 user=189125 count(3 collects)=354064/354000/354000 total=518818 traces_live=0
    one-array-r3-O-F CAP-GC| collects=+41 bailouts=+0 overdrafts=+567 od_peak=16486 od_state=0 park_resets=+0 od_limit=32768 kslice=16384 gc_low=349872 armby=1 window=4096 lends=+5 win=0 refused=52 tier=16384 end: armed=0 state=0 stepmul=200 threshold=699600 gctotal=357924 ccap=518818 cused=357924 parked=false
    one-array-r3-O-F CAP-X| batch=100 junk=24 recover=0 OCLJCAPX=9/800/0/0/0 traces(start/abort) 0/0 -> 0/0 class=CLEAN site=-
    one-array-r3-O-F SMOKE| MILESTONE km-1-kernel-init-compiles-nothing: PASS -- traces live at the kernelMemory baseline = 0; kernelMemory=164923
    one-array-r3-O-F SMOKE| MILESTONE cap-1-refusal-caught-machine-survives: PASS -- shape=array OCLJCAP=done/868/not_enough_memory running=true lastError=<null>
one-array-r3-D-E exit=0 CLASS=CLEAN APACITY| shape=array native=additive jit=on jitearly=- tier=192KB scale=1.8 kernelMemory=164923 held=783 why=not_enough_memory t_first5=0.0009 t_last5=0.0049 batches=8 last/first=5.44 freeKB_at_end/totalKB=0/192 arms=+44 refusals=+1 trace_flushes=+5 fill_ms=1498 queued=true running=true lastError=<null>
    one-array-r3-D-E CAP-IDLE| ticks=400 arms=+20 collects=+20 bailouts=+0 refusals=+0 trace_flushes=+0 trace_flush_bytes=+0 park_resets=+0 traces_live 48 -> 68 armed=0 state=0 stepmul=200 threshold=830800 gctotal=422832 ccap=518818 cused=422832 parked=false wallstats=present running=true
    one-array-r3-D-E CAP-LIVE| used=415854 kernelMemory=164923 user=250931 count(3 collects)=415870/415806/415806 total=518818 traces_live=68
    one-array-r3-D-E CAP-GC| collects=+44 bailouts=+0 overdrafts=+458 od_peak=16552 od_state=0 park_resets=+0 od_limit=32768 kslice=16384 gc_low=392662 armby=0 window=4096 lends=+4 win=0 refused=52 tier=n/a end: armed=0 state=0 stepmul=200 threshold=785200 gctotal=416082 ccap=518818 cused=416082 parked=false
    one-array-r3-D-E CAP-X| batch=100 junk=24 recover=0 OCLJCAPX=8/700/0/0/0 traces(start/abort) 347/196 -> 428/207 class=CLEAN site=-
    one-array-r3-D-E SMOKE| MILESTONE km-1-kernel-init-compiles-nothing: PASS -- traces live at the kernelMemory baseline = 0; kernelMemory=164923
    one-array-r3-D-E SMOKE| MILESTONE cap-1-refusal-caught-machine-survives: PASS -- shape=array OCLJCAP=done/783/not_enough_memory running=true lastError=<null>
one-array-r3-O-E exit=0 CLASS=CLEAN APACITY| shape=array native=additive jit=off jitearly=off tier=192KB scale=1.8 kernelMemory=164923 held=868 why=not_enough_memory t_first5=0.0012 t_last5=0.0038 batches=9 last/first=3.17 freeKB_at_end/totalKB=0/192 arms=+41 refusals=+1 trace_flushes=+0 fill_ms=1491 queued=true running=true lastError=<null>
    one-array-r3-O-E CAP-IDLE| ticks=400 arms=+1 collects=+1 bailouts=+0 refusals=+0 trace_flushes=+0 trace_flush_bytes=+0 park_resets=+0 traces_live 0 -> 0 armed=0 state=0 stepmul=200 threshold=707200 gctotal=361658 ccap=518818 cused=361658 parked=false wallstats=present running=true
    one-array-r3-O-E CAP-LIVE| used=354048 kernelMemory=164923 user=189125 count(3 collects)=354064/354000/354000 total=518818 traces_live=0
    one-array-r3-O-E CAP-GC| collects=+41 bailouts=+0 overdrafts=+567 od_peak=16486 od_state=0 park_resets=+0 od_limit=32768 kslice=16384 gc_low=349872 armby=1 window=4096 lends=+5 win=0 refused=52 tier=n/a end: armed=0 state=0 stepmul=200 threshold=699600 gctotal=379396 ccap=518818 cused=379396 parked=false
    one-array-r3-O-E CAP-X| batch=100 junk=24 recover=0 OCLJCAPX=9/800/0/0/0 traces(start/abort) 0/0 -> 0/0 class=CLEAN site=-
    one-array-r3-O-E SMOKE| MILESTONE km-1-kernel-init-compiles-nothing: PASS -- traces live at the kernelMemory baseline = 0; kernelMemory=164923
    one-array-r3-O-E SMOKE| MILESTONE cap-1-refusal-caught-machine-survives: PASS -- shape=array OCLJCAP=done/868/not_enough_memory running=true lastError=<null>
one-string-r3-D-F exit=0 CLASS=CLEAN APACITY| shape=string native=additive jit=on jitearly=- tier=192KB scale=1.8 kernelMemory=164923 held=2048 why=not_enough_memory t_first5=0.0010 t_last5=0.0039 batches=21 last/first=3.90 freeKB_at_end/totalKB=0/192 arms=+70 refusals=+1 trace_flushes=+12 fill_ms=1742 queued=true running=true lastError=<null>
    one-string-r3-D-F CAP-IDLE| ticks=400 arms=+20 collects=+20 bailouts=+0 refusals=+0 trace_flushes=+0 trace_flush_bytes=+0 park_resets=+0 traces_live 48 -> 63 armed=0 state=0 stepmul=200 threshold=823600 gctotal=428967 ccap=518818 cused=428967 parked=false wallstats=present running=true
    one-string-r3-D-F CAP-LIVE| used=410521 kernelMemory=164923 user=245598 count(3 collects)=410473/410473/410473 total=518818 traces_live=63
    one-string-r3-D-F CAP-GC| collects=+70 bailouts=+0 overdrafts=+734 od_peak=9535 od_state=0 park_resets=+0 od_limit=32768 kslice=16384 gc_low=405518 armby=0 window=4096 lends=+0 win=0 refused=16384 tier=16384 end: armed=0 state=0 stepmul=200 threshold=812800 gctotal=443362 ccap=518818 cused=443362 parked=false
    one-string-r3-D-F CAP-X| batch=100 junk=24 recover=0 OCLJCAPX=21/2000/0/0/0 traces(start/abort) 348/193 -> 478/216 class=CLEAN site=-
    one-string-r3-D-F SMOKE| MILESTONE km-1-kernel-init-compiles-nothing: PASS -- traces live at the kernelMemory baseline = 0; kernelMemory=164923
    one-string-r3-D-F SMOKE| MILESTONE cap-1-refusal-caught-machine-survives: PASS -- shape=string OCLJCAP=done/2048/not_enough_memory running=true lastError=<null>
one-string-r3-O-F exit=0 CLASS=CLEAN APACITY| shape=string native=additive jit=off jitearly=off tier=192KB scale=1.8 kernelMemory=164923 held=2210 why=not_enough_memory t_first5=0.0006 t_last5=0.0054 batches=23 last/first=9.00 freeKB_at_end/totalKB=0/192 arms=+96 refusals=+1 trace_flushes=+0 fill_ms=1749 queued=true running=true lastError=<null>
    one-string-r3-O-F CAP-IDLE| ticks=400 arms=+0 collects=+0 bailouts=+0 refusals=+0 trace_flushes=+0 trace_flush_bytes=+0 park_resets=+0 traces_live 0 -> 0 armed=0 state=0 stepmul=200 threshold=707000 gctotal=426989 ccap=518818 cused=426989 parked=false wallstats=present running=true
    one-string-r3-O-F CAP-LIVE| used=353963 kernelMemory=164923 user=189040 count(3 collects)=353979/353915/353915 total=518818 traces_live=0
    one-string-r3-O-F CAP-GC| collects=+96 bailouts=+0 overdrafts=+1077 od_peak=16761 od_state=0 park_resets=+0 od_limit=32768 kslice=16384 gc_low=366192 armby=0 window=4096 lends=+41 win=0 refused=52 tier=16384 end: armed=0 state=0 stepmul=200 threshold=732400 gctotal=403152 ccap=518818 cused=403152 parked=false
    one-string-r3-O-F CAP-X| batch=100 junk=24 recover=0 OCLJCAPX=23/2200/0/0/0 traces(start/abort) 0/0 -> 0/0 class=CLEAN site=-
    one-string-r3-O-F SMOKE| MILESTONE km-1-kernel-init-compiles-nothing: PASS -- traces live at the kernelMemory baseline = 0; kernelMemory=164923
    one-string-r3-O-F SMOKE| MILESTONE cap-1-refusal-caught-machine-survives: PASS -- shape=string OCLJCAP=done/2210/not_enough_memory running=true lastError=<null>
one-string-r3-D-E exit=0 CLASS=CLEAN APACITY| shape=string native=additive jit=on jitearly=- tier=192KB scale=1.8 kernelMemory=164923 held=2048 why=not_enough_memory t_first5=0.0004 t_last5=0.0022 batches=21 last/first=5.50 freeKB_at_end/totalKB=0/192 arms=+76 refusals=+1 trace_flushes=+12 fill_ms=1750 queued=true running=true lastError=<null>
    one-string-r3-D-E CAP-IDLE| ticks=400 arms=+21 collects=+21 bailouts=+0 refusals=+0 trace_flushes=+0 trace_flush_bytes=+0 park_resets=+0 traces_live 49 -> 64 armed=0 state=0 stepmul=200 threshold=840200 gctotal=428191 ccap=518818 cused=428191 parked=false wallstats=present running=true
    one-string-r3-D-E CAP-LIVE| used=420581 kernelMemory=164923 user=255658 count(3 collects)=420597/420533/420533 total=518818 traces_live=64
    one-string-r3-D-E CAP-GC| collects=+76 bailouts=+0 overdrafts=+688 od_peak=10663 od_state=0 park_resets=+0 od_limit=32768 kslice=16384 gc_low=407066 armby=0 window=4096 lends=+0 win=0 refused=16384 tier=n/a end: armed=0 state=0 stepmul=200 threshold=814000 gctotal=422490 ccap=518818 cused=422490 parked=false
    one-string-r3-D-E CAP-X| batch=100 junk=24 recover=0 OCLJCAPX=21/2000/0/0/0 traces(start/abort) 359/211 -> 488/237 class=CLEAN site=-
    one-string-r3-D-E SMOKE| MILESTONE km-1-kernel-init-compiles-nothing: PASS -- traces live at the kernelMemory baseline = 0; kernelMemory=164923
    one-string-r3-D-E SMOKE| MILESTONE cap-1-refusal-caught-machine-survives: PASS -- shape=string OCLJCAP=done/2048/not_enough_memory running=true lastError=<null>
one-string-r3-O-E exit=0 CLASS=CLEAN APACITY| shape=string native=additive jit=off jitearly=off tier=192KB scale=1.8 kernelMemory=164923 held=2210 why=not_enough_memory t_first5=0.0008 t_last5=0.0077 batches=23 last/first=9.63 freeKB_at_end/totalKB=0/192 arms=+96 refusals=+1 trace_flushes=+0 fill_ms=1743 queued=true running=true lastError=<null>
    one-string-r3-O-E CAP-IDLE| ticks=400 arms=+1 collects=+1 bailouts=+0 refusals=+0 trace_flushes=+0 trace_flush_bytes=+0 park_resets=+0 traces_live 0 -> 0 armed=0 state=0 stepmul=200 threshold=707000 gctotal=375677 ccap=518818 cused=375677 parked=false wallstats=present running=true
    one-string-r3-O-E CAP-LIVE| used=353963 kernelMemory=164923 user=189040 count(3 collects)=353979/353915/353915 total=518818 traces_live=0
    one-string-r3-O-E CAP-GC| collects=+96 bailouts=+0 overdrafts=+1077 od_peak=16761 od_state=0 park_resets=+0 od_limit=32768 kslice=16384 gc_low=366192 armby=0 window=4096 lends=+41 win=0 refused=52 tier=n/a end: armed=0 state=0 stepmul=200 threshold=732400 gctotal=389048 ccap=518818 cused=389048 parked=false
    one-string-r3-O-E CAP-X| batch=100 junk=24 recover=0 OCLJCAPX=23/2200/0/0/0 traces(start/abort) 0/0 -> 0/0 class=CLEAN site=-
    one-string-r3-O-E SMOKE| MILESTONE km-1-kernel-init-compiles-nothing: PASS -- traces live at the kernelMemory baseline = 0; kernelMemory=164923
    one-string-r3-O-E SMOKE| MILESTONE cap-1-refusal-caught-machine-survives: PASS -- shape=string OCLJCAP=done/2210/not_enough_memory running=true lastError=<null>
one-closure-r3-D-F exit=0 CLASS=CLEAN APACITY| shape=closure native=additive jit=on jitearly=- tier=192KB scale=1.8 kernelMemory=164923 held=769 why=not_enough_memory t_first5=0.0011 t_last5=0.0056 batches=8 last/first=5.09 freeKB_at_end/totalKB=0/192 arms=+52 refusals=+1 trace_flushes=+6 fill_ms=1497 queued=true running=true lastError=<null>
    one-closure-r3-D-F CAP-IDLE| ticks=400 arms=+21 collects=+21 bailouts=+0 refusals=+0 trace_flushes=+0 trace_flush_bytes=+0 park_resets=+0 traces_live 76 -> 90 armed=0 state=0 stepmul=200 threshold=857800 gctotal=443741 ccap=518818 cused=443741 parked=false wallstats=present running=true
    one-closure-r3-D-F CAP-LIVE| used=429395 kernelMemory=164923 user=264472 count(3 collects)=429411/429347/429347 total=518818 traces_live=90
    one-closure-r3-D-F CAP-GC| collects=+52 bailouts=+0 overdrafts=+820 od_peak=16565 od_state=0 park_resets=+0 od_limit=32768 kslice=16384 gc_low=385770 armby=0 window=4096 lends=+8 win=0 refused=52 tier=16384 end: armed=0 state=0 stepmul=200 threshold=772600 gctotal=426766 ccap=518818 cused=426766 parked=false
    one-closure-r3-D-F CAP-X| batch=100 junk=24 recover=0 OCLJCAPX=8/700/0/0/0 traces(start/abort) 362/187 -> 451/211 class=CLEAN site=-
    one-closure-r3-D-F SMOKE| MILESTONE km-1-kernel-init-compiles-nothing: PASS -- traces live at the kernelMemory baseline = 0; kernelMemory=164923
    one-closure-r3-D-F SMOKE| MILESTONE cap-1-refusal-caught-machine-survives: PASS -- shape=closure OCLJCAP=done/769/not_enough_memory running=true lastError=<null>
one-closure-r3-O-F exit=0 CLASS=CLEAN APACITY| shape=closure native=additive jit=off jitearly=off tier=192KB scale=1.8 kernelMemory=164923 held=834 why=not_enough_memory t_first5=0.0008 t_last5=0.0062 batches=9 last/first=7.75 freeKB_at_end/totalKB=0/192 arms=+43 refusals=+1 trace_flushes=+0 fill_ms=1497 queued=true running=true lastError=<null>
    one-closure-r3-O-F CAP-IDLE| ticks=400 arms=+1 collects=+1 bailouts=+0 refusals=+0 trace_flushes=+0 trace_flush_bytes=+0 park_resets=+0 traces_live 0 -> 0 armed=0 state=0 stepmul=200 threshold=707400 gctotal=361143 ccap=518818 cused=361143 parked=false wallstats=present running=true
    one-closure-r3-O-F CAP-LIVE| used=354165 kernelMemory=164923 user=189242 count(3 collects)=354181/354117/354117 total=518818 traces_live=0
    one-closure-r3-O-F CAP-GC| collects=+43 bailouts=+0 overdrafts=+816 od_peak=16475 od_state=0 park_resets=+0 od_limit=32768 kslice=16384 gc_low=349872 armby=1 window=4096 lends=+4 win=0 refused=52 tier=16384 end: armed=0 state=0 stepmul=200 threshold=699600 gctotal=380028 ccap=518818 cused=380028 parked=false
    one-closure-r3-O-F CAP-X| batch=100 junk=24 recover=0 OCLJCAPX=9/800/0/0/0 traces(start/abort) 0/0 -> 0/0 class=CLEAN site=-
    one-closure-r3-O-F SMOKE| MILESTONE km-1-kernel-init-compiles-nothing: PASS -- traces live at the kernelMemory baseline = 0; kernelMemory=164923
    one-closure-r3-O-F SMOKE| MILESTONE cap-1-refusal-caught-machine-survives: PASS -- shape=closure OCLJCAP=done/834/not_enough_memory running=true lastError=<null>
one-closure-r3-D-E exit=0 CLASS=CLEAN APACITY| shape=closure native=additive jit=on jitearly=- tier=192KB scale=1.8 kernelMemory=164923 held=779 why=not_enough_memory t_first5=0.0014 t_last5=0.0059 batches=8 last/first=4.21 freeKB_at_end/totalKB=0/192 arms=+50 refusals=+1 trace_flushes=+5 fill_ms=1497 queued=true running=true lastError=<null>
    one-closure-r3-D-E CAP-IDLE| ticks=400 arms=+20 collects=+20 bailouts=+0 refusals=+0 trace_flushes=+0 trace_flush_bytes=+0 park_resets=+0 traces_live 46 -> 65 armed=0 state=0 stepmul=200 threshold=822200 gctotal=448045 ccap=518818 cused=448045 parked=false wallstats=present running=true
    one-closure-r3-D-E CAP-LIVE| used=411595 kernelMemory=164923 user=246672 count(3 collects)=411547/411547/411547 total=518818 traces_live=65
    one-closure-r3-D-E CAP-GC| collects=+50 bailouts=+0 overdrafts=+765 od_peak=16529 od_state=0 park_resets=+0 od_limit=32768 kslice=16384 gc_low=386642 armby=0 window=4096 lends=+6 win=0 refused=52 tier=n/a end: armed=0 state=0 stepmul=200 threshold=773200 gctotal=409986 ccap=518818 cused=409986 parked=false
    one-closure-r3-D-E CAP-X| batch=100 junk=24 recover=0 OCLJCAPX=8/700/0/0/0 traces(start/abort) 365/203 -> 457/239 class=CLEAN site=-
    one-closure-r3-D-E SMOKE| MILESTONE km-1-kernel-init-compiles-nothing: PASS -- traces live at the kernelMemory baseline = 0; kernelMemory=164923
    one-closure-r3-D-E SMOKE| MILESTONE cap-1-refusal-caught-machine-survives: PASS -- shape=closure OCLJCAP=done/779/not_enough_memory running=true lastError=<null>
one-closure-r3-O-E exit=0 CLASS=CLEAN APACITY| shape=closure native=additive jit=off jitearly=off tier=192KB scale=1.8 kernelMemory=164923 held=833 why=not_enough_memory t_first5=0.0008 t_last5=0.0061 batches=9 last/first=7.63 freeKB_at_end/totalKB=0/192 arms=+44 refusals=+1 trace_flushes=+0 fill_ms=1493 queued=true running=true lastError=<null>
    one-closure-r3-O-E CAP-IDLE| ticks=400 arms=+1 collects=+1 bailouts=+0 refusals=+0 trace_flushes=+0 trace_flush_bytes=+0 park_resets=+0 traces_live 0 -> 0 armed=0 state=0 stepmul=200 threshold=707600 gctotal=368655 ccap=518818 cused=368655 parked=false wallstats=present running=true
    one-closure-r3-O-E CAP-LIVE| used=354309 kernelMemory=164923 user=189386 count(3 collects)=354325/354261/354261 total=518818 traces_live=0
    one-closure-r3-O-E CAP-GC| collects=+44 bailouts=+0 overdrafts=+814 od_peak=16463 od_state=0 park_resets=+0 od_limit=32768 kslice=16384 gc_low=350016 armby=1 window=4096 lends=+3 win=0 refused=52 tier=n/a end: armed=0 state=0 stepmul=200 threshold=700000 gctotal=350300 ccap=518818 cused=350300 parked=false
    one-closure-r3-O-E CAP-X| batch=100 junk=24 recover=0 OCLJCAPX=9/800/0/0/0 traces(start/abort) 0/0 -> 0/0 class=CLEAN site=-
    one-closure-r3-O-E SMOKE| MILESTONE km-1-kernel-init-compiles-nothing: PASS -- traces live at the kernelMemory baseline = 0; kernelMemory=164923
    one-closure-r3-O-E SMOKE| MILESTONE cap-1-refusal-caught-machine-survives: PASS -- shape=closure OCLJCAP=done/833/not_enough_memory running=true lastError=<null>
onehalf-record-r1-D-F exit=0 CLASS=CLEAN APACITY| shape=record native=additive jit=on jitearly=- tier=256KB scale=1.8 kernelMemory=164923 held=922 why=not_enough_memory t_first5=0.0014 t_last5=0.0046 batches=10 last/first=3.29 freeKB_at_end/totalKB=0/256 arms=+60 refusals=+1 trace_flushes=+5 fill_ms=1500 queued=true running=true lastError=<null>
    onehalf-record-r1-D-F CAP-IDLE| ticks=400 arms=+15 collects=+15 bailouts=+0 refusals=+0 trace_flushes=+0 trace_flush_bytes=+0 park_resets=+0 traces_live 128 -> 132 armed=0 state=0 stepmul=200 threshold=967600 gctotal=484774 ccap=636783 cused=484774 parked=false wallstats=present running=true
    onehalf-record-r1-D-F CAP-LIVE| used=484276 kernelMemory=164923 user=319353 count(3 collects)=484228/484228/484228 total=636783 traces_live=132
    onehalf-record-r1-D-F CAP-GC| collects=+60 bailouts=+0 overdrafts=+708 od_peak=21140 od_state=0 park_resets=+0 od_limit=39798 kslice=16384 gc_low=379290 armby=2 window=4096 lends=+20 win=0 refused=52 tier=19899 end: armed=0 state=0 stepmul=200 threshold=803600 gctotal=424002 ccap=636783 cused=424002 parked=false
    onehalf-record-r1-D-F CAP-X| batch=100 junk=24 recover=0 OCLJCAPX=10/900/0/0/0 traces(start/abort) 272/140 -> 364/166 class=CLEAN site=-
    onehalf-record-r1-D-F SMOKE| MILESTONE km-1-kernel-init-compiles-nothing: PASS -- traces live at the kernelMemory baseline = 0; kernelMemory=164923
    onehalf-record-r1-D-F SMOKE| MILESTONE cap-1-refusal-caught-machine-survives: PASS -- shape=record OCLJCAP=done/922/not_enough_memory running=true lastError=<null>
onehalf-record-r1-O-F exit=0 CLASS=CLEAN APACITY| shape=record native=additive jit=off jitearly=off tier=256KB scale=1.8 kernelMemory=164923 held=966 why=not_enough_memory t_first5=0.0011 t_last5=0.0080 batches=10 last/first=7.27 freeKB_at_end/totalKB=0/256 arms=+42 refusals=+1 trace_flushes=+0 fill_ms=1496 queued=true running=true lastError=<null>
    onehalf-record-r1-O-F CAP-IDLE| ticks=400 arms=+0 collects=+0 bailouts=+0 refusals=+0 trace_flushes=+0 trace_flush_bytes=+0 park_resets=+0 traces_live 0 -> 0 armed=0 state=0 stepmul=200 threshold=707800 gctotal=354275 ccap=636783 cused=354275 parked=false wallstats=present running=true
    onehalf-record-r1-O-F CAP-LIVE| used=354409 kernelMemory=164923 user=189486 count(3 collects)=354361/354361/354361 total=636783 traces_live=0
    onehalf-record-r1-O-F CAP-GC| collects=+42 bailouts=+0 overdrafts=+761 od_peak=20022 od_state=0 park_resets=+0 od_limit=39798 kslice=16384 gc_low=366304 armby=1 window=4096 lends=+6 win=0 refused=40 tier=19899 end: armed=0 state=0 stepmul=200 threshold=732600 gctotal=387832 ccap=636783 cused=387832 parked=false
    onehalf-record-r1-O-F CAP-X| batch=100 junk=24 recover=0 OCLJCAPX=10/900/0/0/0 traces(start/abort) 0/0 -> 0/0 class=CLEAN site=-
    onehalf-record-r1-O-F SMOKE| MILESTONE km-1-kernel-init-compiles-nothing: PASS -- traces live at the kernelMemory baseline = 0; kernelMemory=164923
    onehalf-record-r1-O-F SMOKE| MILESTONE cap-1-refusal-caught-machine-survives: PASS -- shape=record OCLJCAP=done/966/not_enough_memory running=true lastError=<null>
onehalf-array-r1-D-F exit=0 CLASS=CLEAN APACITY| shape=array native=additive jit=on jitearly=- tier=256KB scale=1.8 kernelMemory=164923 held=1364 why=not_enough_memory t_first5=0.0006 t_last5=0.0038 batches=14 last/first=6.33 freeKB_at_end/totalKB=0/256 arms=+40 refusals=+1 trace_flushes=+6 fill_ms=1496 queued=true running=true lastError=<null>
    onehalf-array-r1-D-F CAP-IDLE| ticks=400 arms=+2 collects=+2 bailouts=+0 refusals=+0 trace_flushes=+0 trace_flush_bytes=+0 park_resets=+0 traces_live 113 -> 121 armed=0 state=0 stepmul=200 threshold=949600 gctotal=481566 ccap=636783 cused=481566 parked=false wallstats=present running=true
    onehalf-array-r1-D-F CAP-LIVE| used=475220 kernelMemory=164923 user=310297 count(3 collects)=475236/475172/475172 total=636783 traces_live=121
    onehalf-array-r1-D-F CAP-GC| collects=+40 bailouts=+0 overdrafts=+661 od_peak=19999 od_state=0 park_resets=+0 od_limit=39798 kslice=16384 gc_low=361930 armby=2 window=4096 lends=+3 win=0 refused=52 tier=19899 end: armed=0 state=0 stepmul=200 threshold=776400 gctotal=411054 ccap=636783 cused=411054 parked=false
    onehalf-array-r1-D-F CAP-X| batch=100 junk=24 recover=0 OCLJCAPX=14/1300/0/0/0 traces(start/abort) 283/161 -> 371/178 class=CLEAN site=-
    onehalf-array-r1-D-F SMOKE| MILESTONE km-1-kernel-init-compiles-nothing: PASS -- traces live at the kernelMemory baseline = 0; kernelMemory=164923
    onehalf-array-r1-D-F SMOKE| MILESTONE cap-1-refusal-caught-machine-survives: PASS -- shape=array OCLJCAP=done/1364/not_enough_memory running=true lastError=<null>
onehalf-array-r1-O-F exit=0 CLASS=CLEAN APACITY| shape=array native=additive jit=off jitearly=off tier=256KB scale=1.8 kernelMemory=164923 held=1434 why=not_enough_memory t_first5=0.0008 t_last5=0.0035 batches=15 last/first=4.38 freeKB_at_end/totalKB=0/256 arms=+49 refusals=+1 trace_flushes=+0 fill_ms=1749 queued=true running=true lastError=<null>
    onehalf-array-r1-O-F CAP-IDLE| ticks=400 arms=+0 collects=+0 bailouts=+0 refusals=+0 trace_flushes=+0 trace_flush_bytes=+0 park_resets=+0 traces_live 0 -> 0 armed=0 state=0 stepmul=200 threshold=707200 gctotal=354594 ccap=636783 cused=354594 parked=false wallstats=present running=true
    onehalf-array-r1-O-F CAP-LIVE| used=354096 kernelMemory=164923 user=189173 count(3 collects)=354048/354048/354048 total=636783 traces_live=0
    onehalf-array-r1-O-F CAP-GC| collects=+49 bailouts=+0 overdrafts=+653 od_peak=20021 od_state=0 park_resets=+0 od_limit=39798 kslice=16384 gc_low=349920 armby=1 window=4096 lends=+4 win=0 refused=52 tier=19899 end: armed=0 state=0 stepmul=200 threshold=699800 gctotal=357976 ccap=636783 cused=357976 parked=false
    onehalf-array-r1-O-F CAP-X| batch=100 junk=24 recover=0 OCLJCAPX=15/1400/0/0/0 traces(start/abort) 0/0 -> 0/0 class=CLEAN site=-
    onehalf-array-r1-O-F SMOKE| MILESTONE km-1-kernel-init-compiles-nothing: PASS -- traces live at the kernelMemory baseline = 0; kernelMemory=164923
    onehalf-array-r1-O-F SMOKE| MILESTONE cap-1-refusal-caught-machine-survives: PASS -- shape=array OCLJCAP=done/1434/not_enough_memory running=true lastError=<null>
onehalf-string-r1-D-F exit=0 CLASS=CLEAN APACITY| shape=string native=additive jit=on jitearly=- tier=256KB scale=1.8 kernelMemory=164923 held=3380 why=not_enough_memory t_first5=0.0009 t_last5=0.0061 batches=34 last/first=6.78 freeKB_at_end/totalKB=0/256 arms=+92 refusals=+1 trace_flushes=+11 fill_ms=1992 queued=true running=true lastError=<null>
    onehalf-string-r1-D-F CAP-IDLE| ticks=400 arms=+3 collects=+3 bailouts=+0 refusals=+0 trace_flushes=+0 trace_flush_bytes=+0 park_resets=+0 traces_live 116 -> 123 armed=0 state=0 stepmul=200 threshold=937200 gctotal=527956 ccap=636783 cused=527956 parked=false wallstats=present running=true
    onehalf-string-r1-D-F CAP-LIVE| used=469034 kernelMemory=164923 user=304111 count(3 collects)=469050/468986/468986 total=636783 traces_live=123
    onehalf-string-r1-D-F CAP-GC| collects=+92 bailouts=+0 overdrafts=+1684 od_peak=19982 od_state=0 park_resets=+0 od_limit=39798 kslice=16384 gc_low=381522 armby=2 window=4096 lends=+4 win=0 refused=52 tier=19899 end: armed=0 state=0 stepmul=200 threshold=817800 gctotal=423126 ccap=636783 cused=423126 parked=false
    onehalf-string-r1-D-F CAP-X| batch=100 junk=24 recover=0 OCLJCAPX=34/3300/0/0/0 traces(start/abort) 300/177 -> 452/210 class=CLEAN site=-
    onehalf-string-r1-D-F SMOKE| MILESTONE km-1-kernel-init-compiles-nothing: PASS -- traces live at the kernelMemory baseline = 0; kernelMemory=164923
    onehalf-string-r1-D-F SMOKE| MILESTONE cap-1-refusal-caught-machine-survives: PASS -- shape=string OCLJCAP=done/3380/not_enough_memory running=true lastError=<null>
onehalf-string-r1-O-F exit=0 CLASS=CLEAN APACITY| shape=string native=additive jit=off jitearly=off tier=256KB scale=1.8 kernelMemory=164923 held=3688 why=not_enough_memory t_first5=0.0005 t_last5=0.0129 batches=37 last/first=25.80 freeKB_at_end/totalKB=0/256 arms=+121 refusals=+1 trace_flushes=+0 fill_ms=1987 queued=true running=true lastError=<null>
    onehalf-string-r1-O-F CAP-IDLE| ticks=400 arms=+0 collects=+0 bailouts=+0 refusals=+0 trace_flushes=+0 trace_flush_bytes=+0 park_resets=+0 traces_live 0 -> 0 armed=0 state=0 stepmul=200 threshold=707000 gctotal=360357 ccap=636783 cused=360357 parked=false wallstats=present running=true
    onehalf-string-r1-O-F CAP-LIVE| used=354011 kernelMemory=164923 user=189088 count(3 collects)=354027/353963/353963 total=636783 traces_live=0
    onehalf-string-r1-O-F CAP-GC| collects=+121 bailouts=+0 overdrafts=+2025 od_peak=19988 od_state=0 park_resets=+0 od_limit=39798 kslice=16384 gc_low=366304 armby=1 window=4096 lends=+8 win=0 refused=52 tier=19899 end: armed=0 state=0 stepmul=200 threshold=732600 gctotal=388464 ccap=636783 cused=388464 parked=false
    onehalf-string-r1-O-F CAP-X| batch=100 junk=24 recover=0 OCLJCAPX=37/3600/0/0/0 traces(start/abort) 0/0 -> 0/0 class=CLEAN site=-
    onehalf-string-r1-O-F SMOKE| MILESTONE km-1-kernel-init-compiles-nothing: PASS -- traces live at the kernelMemory baseline = 0; kernelMemory=164923
    onehalf-string-r1-O-F SMOKE| MILESTONE cap-1-refusal-caught-machine-survives: PASS -- shape=string OCLJCAP=done/3688/not_enough_memory running=true lastError=<null>
onehalf-closure-r1-D-F exit=0 CLASS=CLEAN APACITY| shape=closure native=additive jit=on jitearly=- tier=256KB scale=1.8 kernelMemory=164923 held=1359 why=not_enough_memory t_first5=0.0014 t_last5=0.0034 batches=14 last/first=2.43 freeKB_at_end/totalKB=0/256 arms=+77 refusals=+2 trace_flushes=+7 fill_ms=1501 queued=true running=true lastError=<null>
    onehalf-closure-r1-D-F CAP-IDLE| ticks=400 arms=+12 collects=+12 bailouts=+0 refusals=+0 trace_flushes=+0 trace_flush_bytes=+0 park_resets=+0 traces_live 123 -> 129 armed=0 state=0 stepmul=200 threshold=959600 gctotal=480098 ccap=636783 cused=480098 parked=false wallstats=present running=true
    onehalf-closure-r1-D-F CAP-LIVE| used=480232 kernelMemory=164923 user=315309 count(3 collects)=480184/480184/480184 total=636783 traces_live=129
    onehalf-closure-r1-D-F CAP-GC| collects=+77 bailouts=+0 overdrafts=+1253 od_peak=28860 od_state=0 park_resets=+0 od_limit=39798 kslice=16384 gc_low=362998 armby=2 window=4096 lends=+21 win=0 refused=52 tier=19899 end: armed=0 state=0 stepmul=200 threshold=765200 gctotal=405398 ccap=636783 cused=405398 parked=false
    onehalf-closure-r1-D-F CAP-X| batch=100 junk=24 recover=0 OCLJCAPX=14/1300/1/0/0 traces(start/abort) 291/162 -> 393/207 class=CLEAN site=-
    onehalf-closure-r1-D-F SMOKE| MILESTONE km-1-kernel-init-compiles-nothing: PASS -- traces live at the kernelMemory baseline = 0; kernelMemory=164923
    onehalf-closure-r1-D-F SMOKE| MILESTONE cap-1-refusal-caught-machine-survives: PASS -- shape=closure OCLJCAP=done/1359/not_enough_memory running=true lastError=<null>
onehalf-closure-r1-O-F exit=0 CLASS=CLEAN APACITY| shape=closure native=additive jit=off jitearly=off tier=256KB scale=1.8 kernelMemory=164923 held=1378 why=not_enough_memory t_first5=0.0007 t_last5=0.0061 batches=14 last/first=8.71 freeKB_at_end/totalKB=0/256 arms=+43 refusals=+1 trace_flushes=+0 fill_ms=1497 queued=true running=true lastError=<null>
    onehalf-closure-r1-O-F CAP-IDLE| ticks=400 arms=+0 collects=+0 bailouts=+0 refusals=+0 trace_flushes=+0 trace_flush_bytes=+0 park_resets=+0 traces_live 0 -> 0 armed=0 state=0 stepmul=200 threshold=707400 gctotal=362455 ccap=636783 cused=362455 parked=false wallstats=present running=true
    onehalf-closure-r1-O-F CAP-LIVE| used=354213 kernelMemory=164923 user=189290 count(3 collects)=354229/354165/354165 total=636783 traces_live=0
    onehalf-closure-r1-O-F CAP-GC| collects=+43 bailouts=+0 overdrafts=+827 od_peak=19962 od_state=0 park_resets=+0 od_limit=39798 kslice=16384 gc_low=349920 armby=1 window=4096 lends=+2 win=0 refused=52 tier=19899 end: armed=0 state=0 stepmul=200 threshold=699800 gctotal=380080 ccap=636783 cused=380080 parked=false
    onehalf-closure-r1-O-F CAP-X| batch=100 junk=24 recover=0 OCLJCAPX=14/1300/0/0/0 traces(start/abort) 0/0 -> 0/0 class=CLEAN site=-
    onehalf-closure-r1-O-F SMOKE| MILESTONE km-1-kernel-init-compiles-nothing: PASS -- traces live at the kernelMemory baseline = 0; kernelMemory=164923
    onehalf-closure-r1-O-F SMOKE| MILESTONE cap-1-refusal-caught-machine-survives: PASS -- shape=closure OCLJCAP=done/1378/not_enough_memory running=true lastError=<null>
threehalf-record-r1-D-F exit=0 CLASS=CLEAN APACITY| shape=record native=additive jit=on jitearly=- tier=1024KB scale=1.8 kernelMemory=164923 held=5672 why=not_enough_memory t_first5=0.0005 t_last5=0.0091 batches=57 last/first=18.20 freeKB_at_end/totalKB=0/1024 arms=+49 refusals=+1 trace_flushes=+9 fill_ms=2233 queued=true running=true lastError=<null>
    threehalf-record-r1-D-F CAP-IDLE| ticks=400 arms=+0 collects=+0 bailouts=+0 refusals=+0 trace_flushes=+0 trace_flush_bytes=+0 park_resets=+0 traces_live 101 -> 108 armed=0 state=0 stepmul=200 threshold=926400 gctotal=498917 ccap=2052360 cused=498917 parked=false wallstats=present running=true
    threehalf-record-r1-D-F CAP-LIVE| used=463667 kernelMemory=164923 user=298744 count(3 collects)=463683/463619/463619 total=2052360 traces_live=108
    threehalf-record-r1-D-F CAP-GC| collects=+49 bailouts=+0 overdrafts=+1849 od_peak=64219 od_state=0 park_resets=+0 od_limit=128272 kslice=16384 gc_low=377994 armby=2 window=4096 lends=+3 win=0 refused=52 tier=64136 end: armed=0 state=0 stepmul=200 threshold=812000 gctotal=406322 ccap=2052360 cused=406322 parked=false
    threehalf-record-r1-D-F CAP-X| batch=100 junk=24 recover=0 OCLJCAPX=57/5600/0/0/0 traces(start/abort) 236/128 -> 396/168 class=CLEAN site=-
    threehalf-record-r1-D-F SMOKE| MILESTONE km-1-kernel-init-compiles-nothing: PASS -- traces live at the kernelMemory baseline = 0; kernelMemory=164923
    threehalf-record-r1-D-F SMOKE| MILESTONE cap-1-refusal-caught-machine-survives: PASS -- shape=record OCLJCAP=done/5672/not_enough_memory running=true lastError=<null>
threehalf-record-r1-O-F exit=0 CLASS=CLEAN APACITY| shape=record native=additive jit=off jitearly=off tier=1024KB scale=1.8 kernelMemory=164923 held=5721 why=not_enough_memory t_first5=0.0004 t_last5=0.0123 batches=58 last/first=30.75 freeKB_at_end/totalKB=0/1024 arms=+50 refusals=+1 trace_flushes=+0 fill_ms=2252 queued=true running=true lastError=<null>
    threehalf-record-r1-O-F CAP-IDLE| ticks=400 arms=+0 collects=+0 bailouts=+0 refusals=+0 trace_flushes=+0 trace_flush_bytes=+0 park_resets=+0 traces_live 0 -> 0 armed=0 state=0 stepmul=200 threshold=708200 gctotal=368879 ccap=2052360 cused=368879 parked=false wallstats=present running=true
    threehalf-record-r1-O-F CAP-LIVE| used=354541 kernelMemory=164923 user=189618 count(3 collects)=354557/354493/354493 total=2052360 traces_live=0
    threehalf-record-r1-O-F CAP-GC| collects=+50 bailouts=+0 overdrafts=+2226 od_peak=64177 od_state=0 park_resets=+0 od_limit=128272 kslice=16384 gc_low=366436 armby=1 window=4096 lends=+2 win=0 refused=88 tier=64136 end: armed=0 state=0 stepmul=200 threshold=732800 gctotal=395400 ccap=2052360 cused=395400 parked=false
    threehalf-record-r1-O-F CAP-X| batch=100 junk=24 recover=0 OCLJCAPX=58/5700/0/0/0 traces(start/abort) 0/0 -> 0/0 class=CLEAN site=-
    threehalf-record-r1-O-F SMOKE| MILESTONE km-1-kernel-init-compiles-nothing: PASS -- traces live at the kernelMemory baseline = 0; kernelMemory=164923
    threehalf-record-r1-O-F SMOKE| MILESTONE cap-1-refusal-caught-machine-survives: PASS -- shape=record OCLJCAP=done/5721/not_enough_memory running=true lastError=<null>
threehalf-record-r1-L-F exit=0 CLASS=CLEAN APACITY| shape=record native=luajit jit=on jitearly=- tier=1024KB scale=1.8 kernelMemory=164247 held=5662 why=not_enough_memory t_first5=0.0005 t_last5=0.0095 batches=57 last/first=19.00 freeKB_at_end/totalKB=0/1024 arms=+49 refusals=+1 trace_flushes=+10 fill_ms=2243 queued=true running=true lastError=<null>
    threehalf-record-r1-L-F CAP-IDLE| ticks=400 arms=+0 collects=+0 bailouts=+0 refusals=+0 trace_flushes=+0 trace_flush_bytes=+0 park_resets=+0 traces_live 113 -> 121 armed=0 state=0 stepmul=200 threshold=952000 gctotal=483437 ccap=0 cused=483437 parked=false wallstats=present running=true
    threehalf-record-r1-L-F CAP-LIVE| used=476463 kernelMemory=164247 user=312216 count(3 collects)=476479/476415/476415 total=2051684 traces_live=121
    threehalf-record-r1-L-F CAP-GC| collects=+49 bailouts=+0 overdrafts=+1728 od_peak=64239 od_state=0 park_resets=+0 od_limit=128230 kslice=16384 gc_low=379094 armby=2 window=4096 lends=+4 win=0 refused=52 tier=64115 end: armed=0 state=0 stepmul=200 threshold=813000 gctotal=428606 ccap=0 cused=428606 parked=false
    threehalf-record-r1-L-F CAP-X| batch=100 junk=24 recover=0 OCLJCAPX=57/5600/0/0/0 traces(start/abort) 274/153 -> 410/181 class=CLEAN site=-
    threehalf-record-r1-L-F SMOKE| MILESTONE km-1-kernel-init-compiles-nothing: PASS -- traces live at the kernelMemory baseline = 0; kernelMemory=164247
    threehalf-record-r1-L-F SMOKE| MILESTONE cap-1-refusal-caught-machine-survives: PASS -- shape=record OCLJCAP=done/5662/not_enough_memory running=true lastError=<null>
threehalf-array-r1-D-F exit=0 CLASS=CLEAN APACITY| shape=array native=additive jit=on jitearly=- tier=1024KB scale=1.8 kernelMemory=164923 held=8192 why=not_enough_memory t_first5=0.0005 t_last5=0.0035 batches=82 last/first=7.00 freeKB_at_end/totalKB=0/1024 arms=+51 refusals=+1 trace_flushes=+10 fill_ms=2735 queued=true running=true lastError=<null>
    threehalf-array-r1-D-F CAP-IDLE| ticks=400 arms=+0 collects=+0 bailouts=+0 refusals=+0 trace_flushes=+0 trace_flush_bytes=+0 park_resets=+0 traces_live 106 -> 113 armed=0 state=0 stepmul=200 threshold=937400 gctotal=469008 ccap=2052360 cused=469008 parked=false wallstats=present running=true
    threehalf-array-r1-D-F CAP-LIVE| used=469142 kernelMemory=164923 user=304219 count(3 collects)=469094/469094/469094 total=2052360 traces_live=113
    threehalf-array-r1-D-F CAP-GC| collects=+51 bailouts=+0 overdrafts=+1748 od_peak=39538 od_state=0 park_resets=+0 od_limit=128272 kslice=16384 gc_low=378490 armby=2 window=4096 lends=+0 win=0 refused=65536 tier=64136 end: armed=0 state=0 stepmul=200 threshold=798000 gctotal=414498 ccap=2052360 cused=414498 parked=false
    threehalf-array-r1-D-F CAP-X| batch=100 junk=24 recover=0 OCLJCAPX=82/8100/0/0/0 traces(start/abort) 253/140 -> 405/178 class=CLEAN site=-
    threehalf-array-r1-D-F SMOKE| MILESTONE km-1-kernel-init-compiles-nothing: PASS -- traces live at the kernelMemory baseline = 0; kernelMemory=164923
    threehalf-array-r1-D-F SMOKE| MILESTONE cap-1-refusal-caught-machine-survives: PASS -- shape=array OCLJCAP=done/8192/not_enough_memory running=true lastError=<null>
threehalf-array-r1-O-F exit=0 CLASS=CLEAN APACITY| shape=array native=additive jit=off jitearly=off tier=1024KB scale=1.8 kernelMemory=164923 held=8192 why=not_enough_memory t_first5=0.0004 t_last5=0.0061 batches=82 last/first=15.25 freeKB_at_end/totalKB=0/1024 arms=+33 refusals=+1 trace_flushes=+0 fill_ms=2743 queued=true running=true lastError=<null>
    threehalf-array-r1-O-F CAP-IDLE| ticks=400 arms=+0 collects=+0 bailouts=+0 refusals=+0 trace_flushes=+0 trace_flush_bytes=+0 park_resets=+0 traces_live 0 -> 0 armed=0 state=0 stepmul=200 threshold=707600 gctotal=389478 ccap=2052360 cused=389478 parked=false wallstats=present running=true
    threehalf-array-r1-O-F CAP-LIVE| used=354228 kernelMemory=164923 user=189305 count(3 collects)=354244/354180/354180 total=2052360 traces_live=0
    threehalf-array-r1-O-F CAP-GC| collects=+33 bailouts=+0 overdrafts=+790 od_peak=32100 od_state=0 park_resets=+0 od_limit=128272 kslice=16384 gc_low=366436 armby=1 window=4096 lends=+0 win=0 refused=65536 tier=64136 end: armed=0 state=0 stepmul=200 threshold=732800 gctotal=375120 ccap=2052360 cused=375120 parked=false
    threehalf-array-r1-O-F CAP-X| batch=100 junk=24 recover=0 OCLJCAPX=82/8100/0/0/0 traces(start/abort) 0/0 -> 0/0 class=CLEAN site=-
    threehalf-array-r1-O-F SMOKE| MILESTONE km-1-kernel-init-compiles-nothing: PASS -- traces live at the kernelMemory baseline = 0; kernelMemory=164923
    threehalf-array-r1-O-F SMOKE| MILESTONE cap-1-refusal-caught-machine-survives: PASS -- shape=array OCLJCAP=done/8192/not_enough_memory running=true lastError=<null>
threehalf-array-r1-L-F exit=0 CLASS=CLEAN APACITY| shape=array native=luajit jit=on jitearly=- tier=1024KB scale=1.8 kernelMemory=164247 held=8192 why=not_enough_memory t_first5=0.0006 t_last5=0.0034 batches=82 last/first=5.67 freeKB_at_end/totalKB=0/1024 arms=+39 refusals=+1 trace_flushes=+9 fill_ms=2747 queued=true running=true lastError=<null>
    threehalf-array-r1-L-F CAP-IDLE| ticks=400 arms=+0 collects=+0 bailouts=+0 refusals=+0 trace_flushes=+0 trace_flush_bytes=+0 park_resets=+0 traces_live 110 -> 116 armed=0 state=0 stepmul=200 threshold=938200 gctotal=505456 ccap=0 cused=505456 parked=false wallstats=present running=true
    threehalf-array-r1-L-F CAP-LIVE| used=469574 kernelMemory=164247 user=305327 count(3 collects)=469590/469526/469526 total=2051684 traces_live=116
    threehalf-array-r1-L-F CAP-GC| collects=+39 bailouts=+0 overdrafts=+523 od_peak=29530 od_state=0 park_resets=+0 od_limit=128230 kslice=16384 gc_low=362682 armby=2 window=4096 lends=+0 win=0 refused=65536 tier=64115 end: armed=0 state=0 stepmul=200 threshold=768600 gctotal=399142 ccap=0 cused=399142 parked=false
    threehalf-array-r1-L-F CAP-X| batch=100 junk=24 recover=0 OCLJCAPX=82/8100/0/0/0 traces(start/abort) 258/142 -> 408/181 class=CLEAN site=-
    threehalf-array-r1-L-F SMOKE| MILESTONE km-1-kernel-init-compiles-nothing: PASS -- traces live at the kernelMemory baseline = 0; kernelMemory=164247
    threehalf-array-r1-L-F SMOKE| MILESTONE cap-1-refusal-caught-machine-survives: PASS -- shape=array OCLJCAP=done/8192/not_enough_memory running=true lastError=<null>
threehalf-string-r1-D-F exit=0 CLASS=CLEAN APACITY| shape=string native=additive jit=on jitearly=- tier=1024KB scale=1.8 kernelMemory=164923 held=20782 why=not_enough_memory t_first5=0.0004 t_last5=0.0181 batches=208 last/first=45.25 freeKB_at_end/totalKB=0/1024 arms=+190 refusals=+2 trace_flushes=+30 fill_ms=4746 queued=true running=true lastError=<null>
    threehalf-string-r1-D-F CAP-IDLE| ticks=400 arms=+0 collects=+0 bailouts=+0 refusals=+0 trace_flushes=+0 trace_flush_bytes=+0 park_resets=+0 traces_live 115 -> 119 armed=0 state=0 stepmul=200 threshold=942600 gctotal=479411 ccap=2052360 cused=479411 parked=false wallstats=present running=true
    threehalf-string-r1-D-F CAP-LIVE| used=471805 kernelMemory=164923 user=306882 count(3 collects)=471821/471757/471757 total=2052360 traces_live=119
    threehalf-string-r1-D-F CAP-GC| collects=+190 bailouts=+0 overdrafts=+7439 od_peak=72789 od_state=0 park_resets=+0 od_limit=128272 kslice=16384 gc_low=390154 armby=2 window=4096 lends=+12 win=0 refused=52 tier=64136 end: armed=0 state=0 stepmul=200 threshold=823000 gctotal=419018 ccap=2052360 cused=419018 parked=false
    threehalf-string-r1-D-F CAP-X| batch=100 junk=24 recover=0 OCLJCAPX=208/20700/1/0/0 traces(start/abort) 290/171 -> 597/230 class=CLEAN site=-
    threehalf-string-r1-D-F SMOKE| MILESTONE km-1-kernel-init-compiles-nothing: PASS -- traces live at the kernelMemory baseline = 0; kernelMemory=164923
    threehalf-string-r1-D-F SMOKE| MILESTONE cap-1-refusal-caught-machine-survives: PASS -- shape=string OCLJCAP=done/20782/not_enough_memory running=true lastError=<null>
threehalf-string-r1-O-F exit=0 CLASS=CLEAN APACITY| shape=string native=additive jit=off jitearly=off tier=1024KB scale=1.8 kernelMemory=164923 held=20916 why=not_enough_memory t_first5=0.0004 t_last5=0.0157 batches=210 last/first=39.25 freeKB_at_end/totalKB=0/1024 arms=+169 refusals=+1 trace_flushes=+0 fill_ms=4722 queued=true running=true lastError=<null>
    threehalf-string-r1-O-F CAP-IDLE| ticks=400 arms=+0 collects=+0 bailouts=+0 refusals=+0 trace_flushes=+0 trace_flush_bytes=+0 park_resets=+0 traces_live 0 -> 0 armed=0 state=0 stepmul=200 threshold=707400 gctotal=368481 ccap=2052360 cused=368481 parked=false wallstats=present running=true
    threehalf-string-r1-O-F CAP-LIVE| used=354143 kernelMemory=164923 user=189220 count(3 collects)=354159/354095/354095 total=2052360 traces_live=0
    threehalf-string-r1-O-F CAP-GC| collects=+169 bailouts=+0 overdrafts=+7425 od_peak=64199 od_state=0 park_resets=+0 od_limit=128272 kslice=16384 gc_low=366440 armby=1 window=4096 lends=+10 win=0 refused=52 tier=64136 end: armed=0 state=0 stepmul=200 threshold=732800 gctotal=388048 ccap=2052360 cused=388048 parked=false
    threehalf-string-r1-O-F CAP-X| batch=100 junk=24 recover=0 OCLJCAPX=210/20900/0/0/0 traces(start/abort) 0/0 -> 0/0 class=CLEAN site=-
    threehalf-string-r1-O-F SMOKE| MILESTONE km-1-kernel-init-compiles-nothing: PASS -- traces live at the kernelMemory baseline = 0; kernelMemory=164923
    threehalf-string-r1-O-F SMOKE| MILESTONE cap-1-refusal-caught-machine-survives: PASS -- shape=string OCLJCAP=done/20916/not_enough_memory running=true lastError=<null>
threehalf-string-r1-L-F exit=0 CLASS=CLEAN APACITY| shape=string native=luajit jit=on jitearly=- tier=1024KB scale=1.8 kernelMemory=164247 held=20640 why=not_enough_memory t_first5=0.0005 t_last5=0.0065 batches=207 last/first=13.00 freeKB_at_end/totalKB=0/1024 arms=+122 refusals=+1 trace_flushes=+29 fill_ms=4729 queued=true running=true lastError=<null>
    threehalf-string-r1-L-F CAP-IDLE| ticks=400 arms=+0 collects=+0 bailouts=+0 refusals=+0 trace_flushes=+0 trace_flush_bytes=+0 park_resets=+0 traces_live 109 -> 117 armed=0 state=0 stepmul=200 threshold=938400 gctotal=498179 ccap=0 cused=498179 parked=false wallstats=present running=true
    threehalf-string-r1-L-F CAP-LIVE| used=469661 kernelMemory=164247 user=305414 count(3 collects)=469677/469613/469613 total=2051684 traces_live=117
    threehalf-string-r1-L-F CAP-GC| collects=+122 bailouts=+0 overdrafts=+6022 od_peak=64797 od_state=0 park_resets=+0 od_limit=128230 kslice=16384 gc_low=386834 armby=2 window=4096 lends=+5 win=0 refused=60 tier=64115 end: armed=0 state=0 stepmul=200 threshold=805600 gctotal=424494 ccap=0 cused=424494 parked=false
    threehalf-string-r1-L-F CAP-X| batch=100 junk=24 recover=0 OCLJCAPX=207/20600/0/0/0 traces(start/abort) 285/168 -> 577/228 class=CLEAN site=-
    threehalf-string-r1-L-F SMOKE| MILESTONE km-1-kernel-init-compiles-nothing: PASS -- traces live at the kernelMemory baseline = 0; kernelMemory=164247
    threehalf-string-r1-L-F SMOKE| MILESTONE cap-1-refusal-caught-machine-survives: PASS -- shape=string OCLJCAP=done/20640/not_enough_memory running=true lastError=<null>
threehalf-closure-r1-D-F exit=0 CLASS=CLEAN APACITY| shape=closure native=additive jit=on jitearly=- tier=1024KB scale=1.8 kernelMemory=164923 held=8020 why=not_enough_memory t_first5=0.0004 t_last5=0.0089 batches=81 last/first=22.25 freeKB_at_end/totalKB=0/1024 arms=+76 refusals=+1 trace_flushes=+12 fill_ms=2743 queued=true running=true lastError=<null>
    threehalf-closure-r1-D-F CAP-IDLE| ticks=400 arms=+0 collects=+0 bailouts=+0 refusals=+0 trace_flushes=+0 trace_flush_bytes=+0 park_resets=+0 traces_live 100 -> 111 armed=0 state=0 stepmul=200 threshold=931800 gctotal=501581 ccap=2052360 cused=501581 parked=false wallstats=present running=true
    threehalf-closure-r1-D-F CAP-LIVE| used=466331 kernelMemory=164923 user=301408 count(3 collects)=466347/466283/466283 total=2052360 traces_live=111
    threehalf-closure-r1-D-F CAP-GC| collects=+76 bailouts=+0 overdrafts=+3618 od_peak=64315 od_state=0 park_resets=+0 od_limit=128272 kslice=16384 gc_low=378490 armby=2 window=4096 lends=+8 win=0 refused=52 tier=64136 end: armed=0 state=0 stepmul=200 threshold=808400 gctotal=411682 ccap=2052360 cused=411682 parked=false
    threehalf-closure-r1-D-F CAP-X| batch=100 junk=24 recover=0 OCLJCAPX=81/8000/0/0/0 traces(start/abort) 244/133 -> 401/180 class=CLEAN site=-
    threehalf-closure-r1-D-F SMOKE| MILESTONE km-1-kernel-init-compiles-nothing: PASS -- traces live at the kernelMemory baseline = 0; kernelMemory=164923
    threehalf-closure-r1-D-F SMOKE| MILESTONE cap-1-refusal-caught-machine-survives: PASS -- shape=closure OCLJCAP=done/8020/not_enough_memory running=true lastError=<null>
threehalf-closure-r1-O-F exit=0 CLASS=CLEAN APACITY| shape=closure native=additive jit=off jitearly=off tier=1024KB scale=1.8 kernelMemory=164923 held=8081 why=not_enough_memory t_first5=0.0004 t_last5=0.0163 batches=81 last/first=40.75 freeKB_at_end/totalKB=0/1024 arms=+55 refusals=+1 trace_flushes=+0 fill_ms=2741 queued=true running=true lastError=<null>
    threehalf-closure-r1-O-F CAP-IDLE| ticks=400 arms=+0 collects=+0 bailouts=+0 refusals=+0 trace_flushes=+0 trace_flush_bytes=+0 park_resets=+0 traces_live 0 -> 0 armed=0 state=0 stepmul=200 threshold=707800 gctotal=382931 ccap=2052360 cused=382931 parked=false wallstats=present running=true
    threehalf-closure-r1-O-F CAP-LIVE| used=354413 kernelMemory=164923 user=189490 count(3 collects)=354429/354365/354365 total=2052360 traces_live=0
    threehalf-closure-r1-O-F CAP-GC| collects=+55 bailouts=+0 overdrafts=+3501 od_peak=64293 od_state=0 park_resets=+0 od_limit=128272 kslice=16384 gc_low=366504 armby=1 window=4096 lends=+9 win=0 refused=52 tier=64136 end: armed=0 state=0 stepmul=200 threshold=733000 gctotal=403380 ccap=2052360 cused=403380 parked=false
    threehalf-closure-r1-O-F CAP-X| batch=100 junk=24 recover=0 OCLJCAPX=81/8000/0/0/0 traces(start/abort) 0/0 -> 0/0 class=CLEAN site=-
    threehalf-closure-r1-O-F SMOKE| MILESTONE km-1-kernel-init-compiles-nothing: PASS -- traces live at the kernelMemory baseline = 0; kernelMemory=164923
    threehalf-closure-r1-O-F SMOKE| MILESTONE cap-1-refusal-caught-machine-survives: PASS -- shape=closure OCLJCAP=done/8081/not_enough_memory running=true lastError=<null>
threehalf-closure-r1-L-F exit=0 CLASS=CLEAN APACITY| shape=closure native=luajit jit=on jitearly=- tier=1024KB scale=1.8 kernelMemory=164247 held=8048 why=not_enough_memory t_first5=0.0005 t_last5=0.0146 batches=81 last/first=29.20 freeKB_at_end/totalKB=0/1024 arms=+78 refusals=+2 trace_flushes=+13 fill_ms=2741 queued=true running=true lastError=<null>
    threehalf-closure-r1-L-F CAP-IDLE| ticks=400 arms=+0 collects=+0 bailouts=+0 refusals=+0 trace_flushes=+0 trace_flush_bytes=+0 park_resets=+0 traces_live 106 -> 112 armed=0 state=0 stepmul=200 threshold=928000 gctotal=491705 ccap=0 cused=491705 parked=false wallstats=present running=true
    threehalf-closure-r1-L-F CAP-LIVE| used=464451 kernelMemory=164247 user=300204 count(3 collects)=464467/464403/464403 total=2051684 traces_live=112
    threehalf-closure-r1-L-F CAP-GC| collects=+78 bailouts=+0 overdrafts=+4071 od_peak=72651 od_state=0 park_resets=+0 od_limit=128230 kslice=16384 gc_low=381226 armby=2 window=4096 lends=+11 win=0 refused=52 tier=64115 end: armed=0 state=0 stepmul=200 threshold=818600 gctotal=432170 ccap=0 cused=432170 parked=false
    threehalf-closure-r1-L-F CAP-X| batch=100 junk=24 recover=0 OCLJCAPX=81/8000/1/0/0 traces(start/abort) 262/150 -> 440/204 class=CLEAN site=-
    threehalf-closure-r1-L-F SMOKE| MILESTONE km-1-kernel-init-compiles-nothing: PASS -- traces live at the kernelMemory baseline = 0; kernelMemory=164247
    threehalf-closure-r1-L-F SMOKE| MILESTONE cap-1-refusal-caught-machine-survives: PASS -- shape=closure OCLJCAP=done/8048/not_enough_memory running=true lastError=<null>
